incident_date,district,crime_category,hour_of_day,day_of_week,recent_7day_count,precinct_density_score,future_incident_count
2026-01-01 00:00:00,Kalaburagi,Cybercrime,0,3,13,8.36,5
2026-01-01 01:00:00,Ballari,Assault,1,3,9,9.5,5
2026-01-01 01:00:00,Mysuru,Burglary,1,3,25,8.27,10
2026-01-01 01:00:00,Ballari,Assault,1,3,30,7.14,5
2026-01-01 03:00:00,Hubballi-Dharwad,Assault,3,3,10,1.9,4
2026-01-01 03:00:00,Kalaburagi,Fraud,3,3,6,5.71,2
2026-01-01 04:00:00,Shivamogga,Fraud,4,3,7,3.94,3
2026-01-01 04:00:00,Mysuru,Fraud,4,3,27,4.82,5
2026-01-01 06:00:00,Davanagere,Assault,6,3,7,7.25,4
2026-01-01 07:00:00,Hubballi-Dharwad,Cybercrime,7,3,11,7.65,6
2026-01-01 07:00:00,Belagavi,Assault,7,3,5,3.46,3
2026-01-01 07:00:00,Belagavi,Cybercrime,7,3,11,2.29,3
2026-01-01 07:00:00,Udupi,Cybercrime,7,3,14,7.71,6
2026-01-01 07:00:00,Shivamogga,Assault,7,3,43,9.33,9
2026-01-01 08:00:00,Udupi,Fraud,8,3,18,8.87,7
2026-01-01 09:00:00,Ballari,Burglary,9,3,13,8.52,5
2026-01-01 10:00:00,Ballari,Assault,10,3,31,5.36,6
2026-01-01 10:00:00,Shivamogga,Fraud,10,3,21,8.16,7
2026-01-01 10:00:00,Davanagere,Theft,10,3,21,6.53,5
2026-01-01 10:00:00,Udupi,Fraud,10,3,27,9.07,7
2026-01-01 10:00:00,Hubballi-Dharwad,Fraud,10,3,9,5.32,3
2026-01-01 11:00:00,Belagavi,Fraud,11,3,39,7.41,8
2026-01-01 11:00:00,Kalaburagi,Burglary,11,3,16,6.41,5
2026-01-01 11:00:00,Mysuru,Theft,11,3,4,7.66,3
2026-01-01 11:00:00,Hubballi-Dharwad,Cybercrime,11,3,28,6.13,10
2026-01-01 12:00:00,Hubballi-Dharwad,Cybercrime,12,3,27,3.57,7
2026-01-01 13:00:00,Udupi,Assault,13,3,24,6.28,5
2026-01-01 14:00:00,Mysuru,Burglary,14,3,38,3.36,7
2026-01-01 14:00:00,Udupi,Cybercrime,14,3,4,3.8,4
2026-01-01 14:00:00,Hubballi-Dharwad,Fraud,14,3,22,3.77,4
2026-01-01 14:00:00,Hubballi-Dharwad,Theft,14,3,23,6.0,5
2026-01-01 14:00:00,Ballari,Fraud,14,3,11,4.68,4
2026-01-01 15:00:00,Mangaluru,Fraud,15,3,8,8.87,4
2026-01-01 15:00:00,Bengaluru Urban,Assault,15,3,11,8.8,7
2026-01-01 15:00:00,Shivamogga,Fraud,15,3,8,6.95,5
2026-01-01 16:00:00,Hubballi-Dharwad,Cybercrime,16,3,9,8.05,6
2026-01-01 16:00:00,Bengaluru Urban,Assault,16,3,25,6.51,8
2026-01-01 16:00:00,Belagavi,Fraud,16,3,11,2.96,5
2026-01-01 17:00:00,Belagavi,Theft,17,3,34,8.15,8
2026-01-01 17:00:00,Bengaluru Urban,Assault,17,3,43,4.47,11
2026-01-01 17:00:00,Mangaluru,Fraud,17,3,20,6.55,6
2026-01-01 17:00:00,Ballari,Fraud,17,3,17,3.73,5
2026-01-01 18:00:00,Ballari,Burglary,18,3,9,6.54,4
2026-01-01 18:00:00,Udupi,Fraud,18,3,26,6.6,7
2026-01-01 18:00:00,Davanagere,Fraud,18,3,6,6.82,3
2026-01-01 19:00:00,Belagavi,Theft,19,3,41,8.36,9
2026-01-01 19:00:00,Mangaluru,Fraud,19,3,39,7.23,9
2026-01-01 19:00:00,Udupi,Theft,19,3,16,7.26,6
2026-01-01 20:00:00,Davanagere,Fraud,20,3,22,4.67,6
2026-01-01 20:00:00,Bengaluru Urban,Theft,20,3,29,5.93,11
2026-01-01 20:00:00,Davanagere,Burglary,20,3,36,3.38,6
2026-01-01 20:00:00,Shivamogga,Assault,20,3,16,2.33,5
2026-01-01 20:00:00,Belagavi,Burglary,20,3,30,9.49,8
2026-01-01 20:00:00,Hubballi-Dharwad,Cybercrime,20,3,36,9.34,8
2026-01-01 20:00:00,Belagavi,Theft,20,3,2,8.69,3
2026-01-01 20:00:00,Hubballi-Dharwad,Burglary,20,3,40,7.95,7
2026-01-01 21:00:00,Mangaluru,Burglary,21,3,12,4.8,3
2026-01-01 22:00:00,Davanagere,Cybercrime,22,3,9,5.53,5
2026-01-01 22:00:00,Mangaluru,Burglary,22,3,5,1.53,3
2026-01-01 23:00:00,Hubballi-Dharwad,Fraud,23,3,33,6.99,8
2026-01-01 23:00:00,Mysuru,Burglary,23,3,24,9.13,6
2026-01-02 00:00:00,Ballari,Theft,0,4,19,7.72,9
2026-01-02 00:00:00,Kalaburagi,Cybercrime,0,4,31,8.34,8
2026-01-02 01:00:00,Davanagere,Fraud,1,4,23,2.26,3
2026-01-02 01:00:00,Mysuru,Theft,1,4,3,2.39,6
2026-01-02 02:00:00,Udupi,Assault,2,4,28,8.18,8
2026-01-02 02:00:00,Hubballi-Dharwad,Assault,2,4,39,8.68,9
2026-01-02 02:00:00,Mysuru,Burglary,2,4,42,2.81,10
2026-01-02 02:00:00,Mangaluru,Cybercrime,2,4,15,8.53,7
2026-01-02 02:00:00,Mangaluru,Burglary,2,4,12,2.25,6
2026-01-02 03:00:00,Davanagere,Fraud,3,4,26,3.0,5
2026-01-02 03:00:00,Kalaburagi,Cybercrime,3,4,15,5.47,6
2026-01-02 03:00:00,Hubballi-Dharwad,Burglary,3,4,29,1.57,7
2026-01-02 03:00:00,Ballari,Fraud,3,4,22,4.55,5
2026-01-02 03:00:00,Mysuru,Assault,3,4,33,7.79,7
2026-01-02 03:00:00,Mangaluru,Fraud,3,4,7,7.15,3
2026-01-02 04:00:00,Hubballi-Dharwad,Burglary,4,4,32,3.14,9
2026-01-02 04:00:00,Belagavi,Fraud,4,4,30,4.27,6
2026-01-02 05:00:00,Bengaluru Urban,Fraud,5,4,31,6.22,9
2026-01-02 05:00:00,Mysuru,Assault,5,4,5,4.4,3
2026-01-02 05:00:00,Kalaburagi,Cybercrime,5,4,44,8.39,9
2026-01-02 05:00:00,Hubballi-Dharwad,Assault,5,4,21,8.71,6
2026-01-02 05:00:00,Hubballi-Dharwad,Cybercrime,5,4,11,7.14,5
2026-01-02 06:00:00,Kalaburagi,Theft,6,4,3,7.02,2
2026-01-02 06:00:00,Mangaluru,Burglary,6,4,20,7.75,5
2026-01-02 07:00:00,Mangaluru,Fraud,7,4,27,4.91,7
2026-01-02 07:00:00,Udupi,Fraud,7,4,32,2.1,4
2026-01-02 07:00:00,Bengaluru Urban,Fraud,7,4,21,7.68,10
2026-01-02 08:00:00,Shivamogga,Burglary,8,4,31,1.56,5
2026-01-02 09:00:00,Mangaluru,Theft,9,4,10,4.88,3
2026-01-02 10:00:00,Mangaluru,Theft,10,4,4,5.27,4
2026-01-02 10:00:00,Shivamogga,Fraud,10,4,37,7.94,8
2026-01-02 10:00:00,Ballari,Theft,10,4,15,5.45,5
2026-01-02 10:00:00,Ballari,Theft,10,4,8,8.74,4
2026-01-02 11:00:00,Ballari,Burglary,11,4,23,1.76,4
2026-01-02 11:00:00,Belagavi,Fraud,11,4,27,6.99,6
2026-01-02 11:00:00,Mangaluru,Cybercrime,11,4,7,2.13,6
2026-01-02 12:00:00,Hubballi-Dharwad,Assault,12,4,37,3.82,5
2026-01-02 12:00:00,Mangaluru,Theft,12,4,22,4.94,5
2026-01-02 12:00:00,Belagavi,Assault,12,4,34,6.18,6
2026-01-02 13:00:00,Kalaburagi,Theft,13,4,27,2.72,4
2026-01-02 13:00:00,Bengaluru Urban,Fraud,13,4,8,9.0,7
2026-01-02 14:00:00,Ballari,Assault,14,4,23,5.59,6
2026-01-02 14:00:00,Hubballi-Dharwad,Assault,14,4,30,8.81,8
2026-01-02 16:00:00,Mangaluru,Cybercrime,16,4,18,4.56,7
2026-01-02 17:00:00,Davanagere,Fraud,17,4,33,1.83,7
2026-01-02 19:00:00,Mysuru,Theft,19,4,16,4.74,4
2026-01-02 19:00:00,Belagavi,Cybercrime,19,4,38,2.9,8
2026-01-02 19:00:00,Hubballi-Dharwad,Burglary,19,4,33,8.53,7
2026-01-02 20:00:00,Ballari,Fraud,20,4,35,6.38,6
2026-01-02 20:00:00,Mangaluru,Fraud,20,4,33,5.62,8
2026-01-02 20:00:00,Mangaluru,Fraud,20,4,7,6.31,3
2026-01-02 20:00:00,Udupi,Fraud,20,4,10,8.67,4
2026-01-02 20:00:00,Bengaluru Urban,Theft,20,4,10,6.82,7
2026-01-02 21:00:00,Mangaluru,Fraud,21,4,15,5.21,5
2026-01-02 21:00:00,Kalaburagi,Cybercrime,21,4,22,5.89,6
2026-01-02 22:00:00,Bengaluru Urban,Theft,22,4,40,5.76,12
2026-01-02 23:00:00,Davanagere,Assault,23,4,28,7.09,8
2026-01-02 23:00:00,Ballari,Cybercrime,23,4,23,5.12,5
2026-01-03 00:00:00,Kalaburagi,Burglary,0,5,19,3.93,8
2026-01-03 00:00:00,Mangaluru,Theft,0,5,4,5.17,4
2026-01-03 01:00:00,Kalaburagi,Assault,1,5,27,2.09,4
2026-01-03 02:00:00,Kalaburagi,Theft,2,5,22,1.25,7
2026-01-03 02:00:00,Belagavi,Cybercrime,2,5,14,2.77,3
2026-01-03 02:00:00,Davanagere,Theft,2,5,32,6.88,10
2026-01-03 04:00:00,Hubballi-Dharwad,Cybercrime,4,5,44,2.59,7
2026-01-03 04:00:00,Ballari,Burglary,4,5,14,8.81,8
2026-01-03 05:00:00,Udupi,Fraud,5,5,35,6.75,7
2026-01-03 05:00:00,Hubballi-Dharwad,Theft,5,5,17,9.19,8
2026-01-03 05:00:00,Davanagere,Cybercrime,5,5,12,1.44,3
2026-01-03 05:00:00,Ballari,Assault,5,5,5,4.7,5
2026-01-03 05:00:00,Bengaluru Urban,Theft,5,5,17,6.29,11
2026-01-03 06:00:00,Ballari,Theft,6,5,27,7.2,9
2026-01-03 06:00:00,Udupi,Assault,6,5,11,2.07,2
2026-01-03 06:00:00,Shivamogga,Fraud,6,5,13,4.7,4
2026-01-03 07:00:00,Belagavi,Cybercrime,7,5,5,8.22,5
2026-01-03 07:00:00,Hubballi-Dharwad,Cybercrime,7,5,14,1.9,5
2026-01-03 07:00:00,Kalaburagi,Burglary,7,5,19,5.08,6
2026-01-03 08:00:00,Mangaluru,Fraud,8,5,33,2.88,6
2026-01-03 08:00:00,Belagavi,Theft,8,5,5,9.45,5
2026-01-03 08:00:00,Belagavi,Theft,8,5,11,9.36,5
2026-01-03 09:00:00,Ballari,Theft,9,5,4,5.39,3
2026-01-03 09:00:00,Mysuru,Fraud,9,5,43,9.33,10
2026-01-03 09:00:00,Belagavi,Theft,9,5,26,1.4,6
2026-01-03 10:00:00,Davanagere,Fraud,10,5,20,3.1,4
2026-01-03 10:00:00,Shivamogga,Fraud,10,5,17,7.69,5
2026-01-03 11:00:00,Mysuru,Theft,11,5,4,1.74,2
2026-01-03 11:00:00,Shivamogga,Assault,11,5,41,2.33,6
2026-01-03 12:00:00,Bengaluru Urban,Burglary,12,5,13,8.02,7
2026-01-03 12:00:00,Mangaluru,Fraud,12,5,26,4.48,5
2026-01-03 12:00:00,Ballari,Fraud,12,5,35,7.34,7
2026-01-03 13:00:00,Hubballi-Dharwad,Assault,13,5,44,4.5,9
2026-01-03 13:00:00,Ballari,Cybercrime,13,5,10,2.62,6
2026-01-03 14:00:00,Mangaluru,Fraud,14,5,23,8.44,5
2026-01-03 14:00:00,Davanagere,Assault,14,5,40,7.91,8
2026-01-03 15:00:00,Udupi,Fraud,15,5,7,7.74,4
2026-01-03 16:00:00,Shivamogga,Cybercrime,16,5,7,4.21,5
2026-01-03 16:00:00,Mangaluru,Fraud,16,5,36,5.55,6
2026-01-03 16:00:00,Mangaluru,Assault,16,5,10,4.43,5
2026-01-03 16:00:00,Mysuru,Burglary,16,5,2,4.37,3
2026-01-03 17:00:00,Udupi,Theft,17,5,21,2.09,4
2026-01-03 17:00:00,Hubballi-Dharwad,Theft,17,5,44,4.24,7
2026-01-03 17:00:00,Udupi,Cybercrime,17,5,10,8.39,5
2026-01-03 18:00:00,Kalaburagi,Fraud,18,5,24,5.93,6
2026-01-03 19:00:00,Udupi,Theft,19,5,22,6.59,6
2026-01-03 20:00:00,Udupi,Burglary,20,5,42,7.0,8
2026-01-03 20:00:00,Davanagere,Fraud,20,5,11,2.36,4
2026-01-03 20:00:00,Bengaluru Urban,Assault,20,5,9,8.98,9
2026-01-03 20:00:00,Belagavi,Theft,20,5,12,6.74,4
2026-01-03 21:00:00,Kalaburagi,Burglary,21,5,9,7.98,5
2026-01-03 21:00:00,Hubballi-Dharwad,Cybercrime,21,5,4,4.61,2
2026-01-03 21:00:00,Mysuru,Assault,21,5,8,4.15,6
2026-01-03 21:00:00,Kalaburagi,Fraud,21,5,33,2.95,5
2026-01-03 21:00:00,Belagavi,Cybercrime,21,5,19,4.61,4
2026-01-03 22:00:00,Mangaluru,Burglary,22,5,17,6.85,5
2026-01-03 22:00:00,Hubballi-Dharwad,Theft,22,5,33,3.07,5
2026-01-03 22:00:00,Udupi,Assault,22,5,11,4.01,7
2026-01-03 22:00:00,Hubballi-Dharwad,Fraud,22,5,37,7.38,7
2026-01-03 23:00:00,Davanagere,Assault,23,5,11,4.25,6
2026-01-03 23:00:00,Udupi,Theft,23,5,4,2.67,2
2026-01-03 23:00:00,Bengaluru Urban,Fraud,23,5,41,2.75,10
2026-01-03 23:00:00,Shivamogga,Theft,23,5,22,2.83,5
2026-01-04 00:00:00,Belagavi,Assault,0,6,37,4.71,6
2026-01-04 00:00:00,Ballari,Fraud,0,6,29,3.58,5
2026-01-04 00:00:00,Ballari,Theft,0,6,7,4.15,6
2026-01-04 01:00:00,Davanagere,Fraud,1,6,4,6.88,3
2026-01-04 01:00:00,Bengaluru Urban,Burglary,1,6,44,7.9,14
2026-01-04 02:00:00,Bengaluru Urban,Assault,2,6,12,6.46,8
2026-01-04 03:00:00,Kalaburagi,Theft,3,6,33,6.71,10
2026-01-04 04:00:00,Davanagere,Assault,4,6,38,6.87,8
2026-01-04 04:00:00,Hubballi-Dharwad,Theft,4,6,5,5.37,7
2026-01-04 06:00:00,Belagavi,Fraud,6,6,38,1.9,5
2026-01-04 07:00:00,Davanagere,Assault,7,6,17,2.41,4
2026-01-04 07:00:00,Davanagere,Cybercrime,7,6,42,2.43,6
2026-01-04 08:00:00,Shivamogga,Cybercrime,8,6,29,4.97,7
2026-01-04 09:00:00,Davanagere,Fraud,9,6,3,1.27,2
2026-01-04 09:00:00,Bengaluru Urban,Fraud,9,6,42,7.66,10
2026-01-04 09:00:00,Belagavi,Burglary,9,6,3,3.34,5
2026-01-04 10:00:00,Hubballi-Dharwad,Theft,10,6,16,7.79,6
2026-01-04 10:00:00,Ballari,Assault,10,6,24,9.39,7
2026-01-04 10:00:00,Udupi,Assault,10,6,14,9.4,5
2026-01-04 10:00:00,Udupi,Assault,10,6,21,8.95,7
2026-01-04 10:00:00,Shivamogga,Cybercrime,10,6,34,3.41,9
2026-01-04 10:00:00,Bengaluru Urban,Fraud,10,6,21,3.38,7
2026-01-04 10:00:00,Mangaluru,Theft,10,6,22,2.52,4
2026-01-04 11:00:00,Mysuru,Theft,11,6,11,5.04,4
2026-01-04 11:00:00,Udupi,Assault,11,6,38,2.99,8
2026-01-04 11:00:00,Mysuru,Burglary,11,6,30,3.32,6
2026-01-04 12:00:00,Mysuru,Fraud,12,6,2,9.22,5
2026-01-04 12:00:00,Mysuru,Assault,12,6,34,6.38,6
2026-01-04 12:00:00,Ballari,Burglary,12,6,9,2.49,3
2026-01-04 12:00:00,Mangaluru,Fraud,12,6,15,5.52,5
2026-01-04 12:00:00,Mangaluru,Assault,12,6,38,1.8,7
2026-01-04 13:00:00,Davanagere,Fraud,13,6,11,7.71,4
2026-01-04 13:00:00,Mysuru,Assault,13,6,35,7.68,8
2026-01-04 13:00:00,Davanagere,Fraud,13,6,33,4.92,7
2026-01-04 13:00:00,Udupi,Fraud,13,6,32,8.4,7
2026-01-04 13:00:00,Kalaburagi,Theft,13,6,5,6.36,3
2026-01-04 14:00:00,Bengaluru Urban,Burglary,14,6,24,5.03,8
2026-01-04 15:00:00,Davanagere,Burglary,15,6,17,3.57,4
2026-01-04 15:00:00,Ballari,Assault,15,6,42,8.53,9
2026-01-04 15:00:00,Shivamogga,Assault,15,6,20,2.85,5
2026-01-04 16:00:00,Mangaluru,Burglary,16,6,37,2.79,7
2026-01-04 16:00:00,Bengaluru Urban,Fraud,16,6,5,7.47,5
2026-01-04 16:00:00,Davanagere,Assault,16,6,33,2.92,7
2026-01-04 16:00:00,Shivamogga,Cybercrime,16,6,34,8.43,9
2026-01-04 17:00:00,Udupi,Burglary,17,6,30,6.4,6
2026-01-04 17:00:00,Belagavi,Fraud,17,6,19,4.31,5
2026-01-04 17:00:00,Kalaburagi,Fraud,17,6,29,1.82,5
2026-01-04 18:00:00,Davanagere,Burglary,18,6,44,4.85,6
2026-01-04 19:00:00,Bengaluru Urban,Theft,19,6,14,5.21,6
2026-01-04 19:00:00,Kalaburagi,Assault,19,6,18,8.58,8
2026-01-04 19:00:00,Davanagere,Assault,19,6,20,8.33,8
2026-01-04 21:00:00,Kalaburagi,Cybercrime,21,6,10,3.27,3
2026-01-04 22:00:00,Hubballi-Dharwad,Assault,22,6,37,5.7,10
2026-01-04 22:00:00,Udupi,Cybercrime,22,6,22,8.67,7
2026-01-04 22:00:00,Mysuru,Theft,22,6,6,7.0,4
2026-01-04 22:00:00,Bengaluru Urban,Cybercrime,22,6,7,1.99,4
2026-01-05 01:00:00,Mysuru,Fraud,1,0,37,2.01,6
2026-01-05 01:00:00,Mysuru,Burglary,1,0,44,1.35,10
2026-01-05 02:00:00,Shivamogga,Fraud,2,0,38,6.84,8
2026-01-05 03:00:00,Mysuru,Burglary,3,0,22,6.9,6
2026-01-05 03:00:00,Udupi,Cybercrime,3,0,25,6.14,6
2026-01-05 03:00:00,Udupi,Burglary,3,0,20,3.96,9
2026-01-05 03:00:00,Udupi,Assault,3,0,43,4.09,7
2026-01-05 04:00:00,Hubballi-Dharwad,Burglary,4,0,38,7.18,11
2026-01-05 04:00:00,Udupi,Fraud,4,0,2,2.71,3
2026-01-05 04:00:00,Davanagere,Assault,4,0,34,9.36,7
2026-01-05 04:00:00,Mysuru,Burglary,4,0,15,9.33,9
2026-01-05 05:00:00,Mangaluru,Cybercrime,5,0,24,3.14,5
2026-01-05 07:00:00,Ballari,Assault,7,0,11,3.86,3
2026-01-05 07:00:00,Bengaluru Urban,Cybercrime,7,0,10,4.45,5
2026-01-05 07:00:00,Mysuru,Burglary,7,0,6,8.4,4
2026-01-05 08:00:00,Davanagere,Assault,8,0,14,3.08,2
2026-01-05 08:00:00,Davanagere,Burglary,8,0,42,1.82,6
2026-01-05 09:00:00,Hubballi-Dharwad,Fraud,9,0,30,3.36,6
2026-01-05 09:00:00,Mysuru,Theft,9,0,31,1.41,6
2026-01-05 09:00:00,Udupi,Cybercrime,9,0,3,3.46,2
2026-01-05 09:00:00,Shivamogga,Cybercrime,9,0,4,1.42,2
2026-01-05 09:00:00,Belagavi,Burglary,9,0,39,7.39,9
2026-01-05 10:00:00,Shivamogga,Cybercrime,10,0,16,6.16,7
2026-01-05 10:00:00,Mangaluru,Burglary,10,0,10,6.02,4
2026-01-05 10:00:00,Udupi,Assault,10,0,7,5.43,2
2026-01-05 10:00:00,Davanagere,Theft,10,0,36,8.0,7
2026-01-05 10:00:00,Mysuru,Assault,10,0,14,8.6,7
2026-01-05 10:00:00,Hubballi-Dharwad,Burglary,10,0,36,7.97,8
2026-01-05 11:00:00,Hubballi-Dharwad,Fraud,11,0,8,5.58,4
2026-01-05 11:00:00,Bengaluru Urban,Cybercrime,11,0,19,6.95,9
2026-01-05 11:00:00,Belagavi,Theft,11,0,23,3.71,5
2026-01-05 12:00:00,Ballari,Theft,12,0,31,8.71,8
2026-01-05 12:00:00,Ballari,Theft,12,0,16,4.48,5
2026-01-05 13:00:00,Hubballi-Dharwad,Theft,13,0,2,4.47,3
2026-01-05 13:00:00,Mysuru,Burglary,13,0,2,1.72,1
2026-01-05 13:00:00,Mysuru,Cybercrime,13,0,22,6.84,10
2026-01-05 13:00:00,Kalaburagi,Fraud,13,0,40,5.12,8
2026-01-05 14:00:00,Kalaburagi,Theft,14,0,23,9.35,6
2026-01-05 14:00:00,Ballari,Fraud,14,0,4,2.83,2
2026-01-05 14:00:00,Bengaluru Urban,Cybercrime,14,0,36,8.22,13
2026-01-05 15:00:00,Udupi,Cybercrime,15,0,5,1.89,5
2026-01-05 15:00:00,Kalaburagi,Theft,15,0,10,8.1,4
2026-01-05 15:00:00,Mangaluru,Fraud,15,0,24,6.62,6
2026-01-05 15:00:00,Ballari,Assault,15,0,10,4.96,3
2026-01-05 16:00:00,Belagavi,Assault,16,0,6,4.13,4
2026-01-05 16:00:00,Hubballi-Dharwad,Cybercrime,16,0,10,9.21,8
2026-01-05 16:00:00,Mangaluru,Cybercrime,16,0,15,4.93,5
2026-01-05 16:00:00,Bengaluru Urban,Burglary,16,0,6,8.34,7
2026-01-05 18:00:00,Mangaluru,Theft,18,0,19,1.66,3
2026-01-05 18:00:00,Udupi,Fraud,18,0,26,5.13,4
2026-01-05 19:00:00,Hubballi-Dharwad,Assault,19,0,38,8.15,10
2026-01-05 19:00:00,Belagavi,Theft,19,0,14,6.92,5
2026-01-05 19:00:00,Udupi,Fraud,19,0,28,4.65,5
2026-01-05 19:00:00,Belagavi,Theft,19,0,14,4.01,6
2026-01-05 20:00:00,Ballari,Assault,20,0,30,2.77,6
2026-01-05 22:00:00,Kalaburagi,Burglary,22,0,14,7.09,5
2026-01-05 23:00:00,Udupi,Fraud,23,0,17,7.63,5
2026-01-06 00:00:00,Bengaluru Urban,Fraud,0,1,21,9.46,10
2026-01-06 00:00:00,Shivamogga,Cybercrime,0,1,21,3.07,5
2026-01-06 00:00:00,Mangaluru,Fraud,0,1,13,1.27,2
2026-01-06 00:00:00,Mangaluru,Cybercrime,0,1,21,2.62,4
2026-01-06 00:00:00,Hubballi-Dharwad,Fraud,0,1,44,6.15,8
2026-01-06 00:00:00,Bengaluru Urban,Cybercrime,0,1,27,2.22,9
2026-01-06 01:00:00,Mysuru,Assault,1,1,16,3.36,5
2026-01-06 01:00:00,Belagavi,Cybercrime,1,1,29,5.57,7
2026-01-06 01:00:00,Ballari,Theft,1,1,38,7.53,9
2026-01-06 02:00:00,Mangaluru,Burglary,2,1,13,4.2,7
2026-01-06 02:00:00,Ballari,Fraud,2,1,12,7.7,7
2026-01-06 03:00:00,Belagavi,Assault,3,1,24,4.89,5
2026-01-06 04:00:00,Ballari,Cybercrime,4,1,42,2.19,8
2026-01-06 04:00:00,Davanagere,Cybercrime,4,1,37,7.28,8
2026-01-06 05:00:00,Mysuru,Theft,5,1,30,8.4,10
2026-01-06 05:00:00,Davanagere,Theft,5,1,14,6.13,7
2026-01-06 06:00:00,Ballari,Theft,6,1,12,4.2,4
2026-01-06 07:00:00,Bengaluru Urban,Assault,7,1,4,2.41,5
2026-01-06 07:00:00,Mangaluru,Burglary,7,1,30,6.21,8
2026-01-06 07:00:00,Mysuru,Cybercrime,7,1,9,3.4,3
2026-01-06 09:00:00,Kalaburagi,Theft,9,1,36,4.93,6
2026-01-06 10:00:00,Ballari,Cybercrime,10,1,43,4.78,10
2026-01-06 10:00:00,Udupi,Burglary,10,1,44,6.94,10
2026-01-06 10:00:00,Mangaluru,Fraud,10,1,3,7.19,4
2026-01-06 11:00:00,Udupi,Cybercrime,11,1,5,3.35,6
2026-01-06 11:00:00,Ballari,Fraud,11,1,20,2.08,4
2026-01-06 11:00:00,Mangaluru,Cybercrime,11,1,4,5.44,5
2026-01-06 11:00:00,Kalaburagi,Theft,11,1,43,8.97,9
2026-01-06 11:00:00,Mysuru,Burglary,11,1,40,5.77,8
2026-01-06 12:00:00,Kalaburagi,Theft,12,1,6,4.51,4
2026-01-06 12:00:00,Hubballi-Dharwad,Burglary,12,1,31,7.29,6
2026-01-06 12:00:00,Ballari,Cybercrime,12,1,26,1.86,6
2026-01-06 12:00:00,Bengaluru Urban,Assault,12,1,19,2.87,7
2026-01-06 12:00:00,Hubballi-Dharwad,Cybercrime,12,1,19,4.64,6
2026-01-06 13:00:00,Bengaluru Urban,Fraud,13,1,16,1.98,7
2026-01-06 13:00:00,Bengaluru Urban,Burglary,13,1,39,2.8,9
2026-01-06 13:00:00,Udupi,Assault,13,1,23,1.85,4
2026-01-06 13:00:00,Davanagere,Cybercrime,13,1,10,3.19,7
2026-01-06 14:00:00,Udupi,Assault,14,1,23,9.03,7
2026-01-06 14:00:00,Kalaburagi,Cybercrime,14,1,31,4.41,7
2026-01-06 14:00:00,Kalaburagi,Cybercrime,14,1,35,2.24,8
2026-01-06 14:00:00,Mysuru,Assault,14,1,8,9.0,5
2026-01-06 15:00:00,Hubballi-Dharwad,Cybercrime,15,1,33,1.66,8
2026-01-06 16:00:00,Kalaburagi,Assault,16,1,14,6.91,5
2026-01-06 16:00:00,Mangaluru,Fraud,16,1,13,6.07,5
2026-01-06 17:00:00,Kalaburagi,Burglary,17,1,16,5.86,7
2026-01-06 17:00:00,Mysuru,Cybercrime,17,1,10,4.84,4
2026-01-06 18:00:00,Udupi,Fraud,18,1,13,7.68,5
2026-01-06 18:00:00,Udupi,Fraud,18,1,21,3.11,5
2026-01-06 18:00:00,Mangaluru,Cybercrime,18,1,37,4.37,7
2026-01-06 21:00:00,Ballari,Cybercrime,21,1,13,1.75,3
2026-01-06 22:00:00,Hubballi-Dharwad,Fraud,22,1,22,8.64,7
2026-01-06 22:00:00,Shivamogga,Assault,22,1,39,3.77,9
2026-01-06 22:00:00,Bengaluru Urban,Fraud,22,1,43,3.6,11
2026-01-06 22:00:00,Mysuru,Fraud,22,1,11,4.65,4
2026-01-06 22:00:00,Ballari,Cybercrime,22,1,31,6.09,6
2026-01-06 23:00:00,Udupi,Burglary,23,1,38,6.37,8
2026-01-07 00:00:00,Hubballi-Dharwad,Cybercrime,0,2,21,2.73,5
2026-01-07 02:00:00,Shivamogga,Burglary,2,2,12,6.38,6
2026-01-07 04:00:00,Udupi,Cybercrime,4,2,8,4.23,4
2026-01-07 04:00:00,Shivamogga,Cybercrime,4,2,5,3.4,3
2026-01-07 04:00:00,Kalaburagi,Theft,4,2,24,8.5,10
2026-01-07 04:00:00,Shivamogga,Assault,4,2,31,2.42,5
2026-01-07 04:00:00,Mysuru,Assault,4,2,33,3.79,4
2026-01-07 05:00:00,Shivamogga,Cybercrime,5,2,35,5.6,5
2026-01-07 06:00:00,Kalaburagi,Cybercrime,6,2,13,8.31,5
2026-01-07 06:00:00,Mangaluru,Assault,6,2,6,4.67,2
2026-01-07 06:00:00,Bengaluru Urban,Cybercrime,6,2,37,7.18,11
2026-01-07 07:00:00,Mysuru,Burglary,7,2,44,7.0,8
2026-01-07 09:00:00,Bengaluru Urban,Fraud,9,2,35,1.59,7
2026-01-07 09:00:00,Ballari,Assault,9,2,44,6.83,9
2026-01-07 10:00:00,Kalaburagi,Cybercrime,10,2,41,7.14,10
2026-01-07 11:00:00,Belagavi,Burglary,11,2,30,3.65,5
2026-01-07 11:00:00,Bengaluru Urban,Cybercrime,11,2,31,6.95,11
2026-01-07 11:00:00,Belagavi,Burglary,11,2,28,7.97,9
2026-01-07 11:00:00,Belagavi,Cybercrime,11,2,18,5.9,7
2026-01-07 11:00:00,Bengaluru Urban,Cybercrime,11,2,9,4.21,10
2026-01-07 12:00:00,Kalaburagi,Cybercrime,12,2,7,7.7,6
2026-01-07 12:00:00,Kalaburagi,Cybercrime,12,2,40,1.84,10
2026-01-07 12:00:00,Shivamogga,Theft,12,2,5,2.57,2
2026-01-07 13:00:00,Bengaluru Urban,Assault,13,2,24,3.35,9
2026-01-07 14:00:00,Udupi,Cybercrime,14,2,11,5.61,7
2026-01-07 14:00:00,Shivamogga,Burglary,14,2,27,2.79,5
2026-01-07 15:00:00,Kalaburagi,Theft,15,2,17,2.86,4
2026-01-07 15:00:00,Mysuru,Cybercrime,15,2,15,6.67,6
2026-01-07 15:00:00,Bengaluru Urban,Cybercrime,15,2,5,6.62,10
2026-01-07 15:00:00,Ballari,Theft,15,2,14,4.67,4
2026-01-07 16:00:00,Mysuru,Fraud,16,2,2,9.48,4
2026-01-07 16:00:00,Davanagere,Cybercrime,16,2,39,3.75,10
2026-01-07 16:00:00,Mysuru,Cybercrime,16,2,41,7.08,10
2026-01-07 17:00:00,Kalaburagi,Assault,17,2,33,2.23,6
2026-01-07 17:00:00,Davanagere,Assault,17,2,7,1.36,3
2026-01-07 17:00:00,Davanagere,Theft,17,2,8,8.56,6
2026-01-07 17:00:00,Davanagere,Cybercrime,17,2,20,2.75,3
2026-01-07 18:00:00,Mangaluru,Theft,18,2,32,6.83,6
2026-01-07 19:00:00,Davanagere,Assault,19,2,27,5.58,9
2026-01-07 20:00:00,Belagavi,Theft,20,2,39,3.33,6
2026-01-07 21:00:00,Davanagere,Cybercrime,21,2,29,3.81,5
2026-01-07 22:00:00,Bengaluru Urban,Cybercrime,22,2,23,4.99,9
2026-01-07 22:00:00,Davanagere,Theft,22,2,34,2.72,7
2026-01-07 22:00:00,Udupi,Theft,22,2,21,5.86,4
2026-01-07 22:00:00,Udupi,Cybercrime,22,2,29,9.0,7
2026-01-07 22:00:00,Bengaluru Urban,Burglary,22,2,19,5.11,7
2026-01-07 23:00:00,Bengaluru Urban,Fraud,23,2,30,8.6,11
2026-01-07 23:00:00,Davanagere,Burglary,23,2,30,1.57,4
2026-01-07 23:00:00,Hubballi-Dharwad,Burglary,23,2,19,4.63,4
2026-01-08 00:00:00,Shivamogga,Assault,0,3,9,2.54,2
2026-01-08 00:00:00,Udupi,Fraud,0,3,8,7.56,4
2026-01-08 00:00:00,Mangaluru,Assault,0,3,33,6.41,6
2026-01-08 01:00:00,Ballari,Theft,1,3,23,8.36,9
2026-01-08 02:00:00,Davanagere,Burglary,2,3,23,3.13,7
2026-01-08 02:00:00,Bengaluru Urban,Cybercrime,2,3,14,5.46,8
2026-01-08 03:00:00,Davanagere,Assault,3,3,27,5.49,6
2026-01-08 03:00:00,Kalaburagi,Fraud,3,3,22,7.34,5
2026-01-08 04:00:00,Kalaburagi,Fraud,4,3,27,1.72,4
2026-01-08 05:00:00,Kalaburagi,Fraud,5,3,24,1.54,4
2026-01-08 05:00:00,Udupi,Cybercrime,5,3,31,3.94,6
2026-01-08 05:00:00,Davanagere,Assault,5,3,15,6.44,5
2026-01-08 05:00:00,Mysuru,Cybercrime,5,3,28,4.21,4
2026-01-08 06:00:00,Hubballi-Dharwad,Cybercrime,6,3,27,5.24,5
2026-01-08 07:00:00,Bengaluru Urban,Burglary,7,3,3,8.88,8
2026-01-08 07:00:00,Mangaluru,Theft,7,3,11,1.27,2
2026-01-08 07:00:00,Belagavi,Theft,7,3,26,7.45,4
2026-01-08 07:00:00,Belagavi,Fraud,7,3,6,4.41,3
2026-01-08 07:00:00,Kalaburagi,Theft,7,3,11,9.27,4
2026-01-08 08:00:00,Belagavi,Theft,8,3,7,2.62,2
2026-01-08 08:00:00,Davanagere,Assault,8,3,2,6.61,4
2026-01-08 09:00:00,Belagavi,Fraud,9,3,5,5.05,4
2026-01-08 09:00:00,Udupi,Cybercrime,9,3,27,6.17,6
2026-01-08 10:00:00,Mysuru,Cybercrime,10,3,38,6.11,10
2026-01-08 10:00:00,Mysuru,Theft,10,3,19,5.68,5
2026-01-08 11:00:00,Mangaluru,Burglary,11,3,22,3.94,5
2026-01-08 11:00:00,Belagavi,Fraud,11,3,20,9.06,5
2026-01-08 11:00:00,Ballari,Fraud,11,3,32,1.57,6
2026-01-08 12:00:00,Mysuru,Burglary,12,3,30,1.93,6
2026-01-08 12:00:00,Davanagere,Assault,12,3,27,1.88,4
2026-01-08 12:00:00,Belagavi,Theft,12,3,20,4.41,5
2026-01-08 12:00:00,Udupi,Fraud,12,3,6,2.69,4
2026-01-08 12:00:00,Hubballi-Dharwad,Theft,12,3,26,2.08,5
2026-01-08 12:00:00,Davanagere,Fraud,12,3,12,1.88,3
2026-01-08 14:00:00,Kalaburagi,Fraud,14,3,31,5.08,6
2026-01-08 14:00:00,Belagavi,Fraud,14,3,38,2.28,6
2026-01-08 14:00:00,Shivamogga,Theft,14,3,24,6.37,6
2026-01-08 15:00:00,Udupi,Assault,15,3,26,6.83,7
2026-01-08 15:00:00,Udupi,Assault,15,3,9,8.45,5
2026-01-08 15:00:00,Ballari,Burglary,15,3,38,4.89,6
2026-01-08 16:00:00,Davanagere,Cybercrime,16,3,9,2.63,5
2026-01-08 16:00:00,Davanagere,Assault,16,3,27,9.18,8
2026-01-08 17:00:00,Ballari,Assault,17,3,10,5.67,2
2026-01-08 17:00:00,Belagavi,Cybercrime,17,3,19,2.54,4
2026-01-08 17:00:00,Davanagere,Theft,17,3,11,2.35,2
2026-01-08 17:00:00,Ballari,Theft,17,3,19,6.68,6
2026-01-08 18:00:00,Mysuru,Fraud,18,3,43,3.01,7
2026-01-08 18:00:00,Mysuru,Cybercrime,18,3,2,5.22,3
2026-01-08 19:00:00,Bengaluru Urban,Assault,19,3,24,1.39,9
2026-01-08 19:00:00,Belagavi,Theft,19,3,35,5.4,6
2026-01-08 20:00:00,Hubballi-Dharwad,Fraud,20,3,3,6.63,3
2026-01-08 20:00:00,Mysuru,Cybercrime,20,3,41,7.15,9
2026-01-08 21:00:00,Hubballi-Dharwad,Assault,21,3,20,6.86,8
2026-01-08 21:00:00,Davanagere,Theft,21,3,41,6.62,9
2026-01-08 22:00:00,Kalaburagi,Theft,22,3,28,6.54,5
2026-01-08 22:00:00,Belagavi,Fraud,22,3,10,1.34,3
2026-01-08 22:00:00,Udupi,Fraud,22,3,14,3.17,4
2026-01-08 23:00:00,Hubballi-Dharwad,Burglary,23,3,2,4.7,2
2026-01-09 00:00:00,Davanagere,Burglary,0,4,22,3.61,6
2026-01-09 00:00:00,Kalaburagi,Assault,0,4,26,4.4,6
2026-01-09 01:00:00,Mangaluru,Theft,1,4,4,1.34,5
2026-01-09 01:00:00,Udupi,Burglary,1,4,5,7.9,6
2026-01-09 01:00:00,Davanagere,Cybercrime,1,4,10,4.53,4
2026-01-09 01:00:00,Bengaluru Urban,Burglary,1,4,40,5.56,14
2026-01-09 02:00:00,Hubballi-Dharwad,Assault,2,4,30,2.81,5
2026-01-09 02:00:00,Kalaburagi,Fraud,2,4,17,3.01,4
2026-01-09 02:00:00,Davanagere,Theft,2,4,7,2.04,5
2026-01-09 02:00:00,Shivamogga,Assault,2,4,19,5.17,4
2026-01-09 03:00:00,Hubballi-Dharwad,Theft,3,4,11,9.26,9
2026-01-09 04:00:00,Kalaburagi,Assault,4,4,44,7.98,9
2026-01-09 04:00:00,Hubballi-Dharwad,Assault,4,4,7,8.95,4
2026-01-09 04:00:00,Mysuru,Burglary,4,4,21,4.73,8
2026-01-09 04:00:00,Mysuru,Assault,4,4,19,4.09,4
2026-01-09 05:00:00,Hubballi-Dharwad,Fraud,5,4,7,8.93,4
2026-01-09 05:00:00,Mysuru,Assault,5,4,3,2.32,2
2026-01-09 06:00:00,Bengaluru Urban,Theft,6,4,32,9.0,11
2026-01-09 06:00:00,Shivamogga,Assault,6,4,31,2.34,6
2026-01-09 06:00:00,Bengaluru Urban,Burglary,6,4,30,5.7,9
2026-01-09 06:00:00,Bengaluru Urban,Theft,6,4,27,7.38,7
2026-01-09 07:00:00,Shivamogga,Burglary,7,4,22,4.81,6
2026-01-09 08:00:00,Belagavi,Assault,8,4,26,1.58,6
2026-01-09 08:00:00,Shivamogga,Assault,8,4,31,8.53,7
2026-01-09 08:00:00,Hubballi-Dharwad,Theft,8,4,16,6.43,4
2026-01-09 08:00:00,Mysuru,Theft,8,4,22,8.9,7
2026-01-09 08:00:00,Ballari,Burglary,8,4,35,1.99,7
2026-01-09 09:00:00,Bengaluru Urban,Cybercrime,9,4,13,8.74,8
2026-01-09 09:00:00,Mangaluru,Cybercrime,9,4,32,8.21,6
2026-01-09 09:00:00,Davanagere,Theft,9,4,25,4.39,6
2026-01-09 09:00:00,Mysuru,Burglary,9,4,14,3.13,4
2026-01-09 09:00:00,Belagavi,Cybercrime,9,4,31,6.36,7
2026-01-09 10:00:00,Udupi,Cybercrime,10,4,35,3.56,8
2026-01-09 11:00:00,Ballari,Theft,11,4,17,5.42,3
2026-01-09 12:00:00,Bengaluru Urban,Fraud,12,4,41,8.2,11
2026-01-09 12:00:00,Bengaluru Urban,Assault,12,4,2,8.73,5
2026-01-09 12:00:00,Hubballi-Dharwad,Burglary,12,4,20,6.03,5
2026-01-09 12:00:00,Udupi,Fraud,12,4,29,6.71,7
2026-01-09 13:00:00,Belagavi,Theft,13,4,27,3.41,5
2026-01-09 14:00:00,Shivamogga,Cybercrime,14,4,2,7.96,6
2026-01-09 14:00:00,Udupi,Cybercrime,14,4,22,8.56,10
2026-01-09 14:00:00,Davanagere,Burglary,14,4,19,7.61,6
2026-01-09 14:00:00,Davanagere,Burglary,14,4,2,4.9,2
2026-01-09 15:00:00,Belagavi,Theft,15,4,27,8.81,7
2026-01-09 15:00:00,Davanagere,Cybercrime,15,4,16,9.29,8
2026-01-09 15:00:00,Udupi,Cybercrime,15,4,8,5.98,6
2026-01-09 15:00:00,Kalaburagi,Cybercrime,15,4,12,9.36,7
2026-01-09 15:00:00,Udupi,Cybercrime,15,4,15,6.06,7
2026-01-09 16:00:00,Ballari,Theft,16,4,11,5.7,5
2026-01-09 16:00:00,Belagavi,Assault,16,4,23,6.68,5
2026-01-09 16:00:00,Shivamogga,Fraud,16,4,30,7.52,5
2026-01-09 16:00:00,Udupi,Burglary,16,4,42,3.76,8
2026-01-09 17:00:00,Ballari,Theft,17,4,40,7.89,10
2026-01-09 18:00:00,Ballari,Cybercrime,18,4,6,9.01,4
2026-01-09 18:00:00,Ballari,Theft,18,4,33,6.11,6
2026-01-09 19:00:00,Mangaluru,Burglary,19,4,25,6.99,7
2026-01-09 19:00:00,Davanagere,Burglary,19,4,32,6.18,6
2026-01-09 19:00:00,Belagavi,Theft,19,4,2,4.77,3
2026-01-09 20:00:00,Hubballi-Dharwad,Cybercrime,20,4,3,5.99,3
2026-01-09 22:00:00,Shivamogga,Cybercrime,22,4,22,4.26,5
2026-01-09 22:00:00,Shivamogga,Cybercrime,22,4,42,3.32,7
2026-01-10 00:00:00,Udupi,Theft,0,5,11,3.73,6
2026-01-10 00:00:00,Bengaluru Urban,Burglary,0,5,8,1.3,9
2026-01-10 01:00:00,Udupi,Fraud,1,5,10,7.65,6
2026-01-10 01:00:00,Udupi,Assault,1,5,25,2.91,5
2026-01-10 01:00:00,Shivamogga,Fraud,1,5,3,2.83,2
2026-01-10 02:00:00,Udupi,Cybercrime,2,5,27,1.41,4
2026-01-10 02:00:00,Mysuru,Assault,2,5,9,6.4,4
2026-01-10 03:00:00,Hubballi-Dharwad,Assault,3,5,23,7.55,7
2026-01-10 03:00:00,Kalaburagi,Assault,3,5,34,2.68,6
2026-01-10 03:00:00,Hubballi-Dharwad,Cybercrime,3,5,33,3.05,6
2026-01-10 04:00:00,Bengaluru Urban,Cybercrime,4,5,6,8.75,7
2026-01-10 04:00:00,Bengaluru Urban,Fraud,4,5,7,5.55,7
2026-01-10 04:00:00,Kalaburagi,Fraud,4,5,23,1.79,4
2026-01-10 05:00:00,Hubballi-Dharwad,Cybercrime,5,5,3,5.95,3
2026-01-10 07:00:00,Davanagere,Burglary,7,5,42,7.08,8
2026-01-10 07:00:00,Shivamogga,Assault,7,5,10,8.94,5
2026-01-10 07:00:00,Hubballi-Dharwad,Theft,7,5,10,1.37,3
2026-01-10 08:00:00,Hubballi-Dharwad,Burglary,8,5,10,9.21,5
2026-01-10 08:00:00,Belagavi,Fraud,8,5,44,5.49,8
2026-01-10 09:00:00,Udupi,Assault,9,5,9,2.11,2
2026-01-10 09:00:00,Hubballi-Dharwad,Cybercrime,9,5,35,2.24,6
2026-01-10 09:00:00,Udupi,Burglary,9,5,11,4.28,5
2026-01-10 09:00:00,Mangaluru,Theft,9,5,6,9.06,4
2026-01-10 09:00:00,Davanagere,Fraud,9,5,26,5.97,7
2026-01-10 10:00:00,Shivamogga,Burglary,10,5,27,1.92,5
2026-01-10 10:00:00,Davanagere,Burglary,10,5,8,7.57,2
2026-01-10 10:00:00,Bengaluru Urban,Assault,10,5,18,3.45,8
2026-01-10 11:00:00,Udupi,Burglary,11,5,8,2.96,3
2026-01-10 11:00:00,Mysuru,Cybercrime,11,5,15,2.24,6
2026-01-10 11:00:00,Mysuru,Fraud,11,5,43,3.26,8
2026-01-10 11:00:00,Bengaluru Urban,Burglary,11,5,26,9.46,10
2026-01-10 11:00:00,Ballari,Assault,11,5,27,7.41,7
2026-01-10 12:00:00,Shivamogga,Assault,12,5,18,4.53,5
2026-01-10 12:00:00,Belagavi,Theft,12,5,7,2.84,3
2026-01-10 12:00:00,Bengaluru Urban,Assault,12,5,22,3.28,8
2026-01-10 13:00:00,Mangaluru,Cybercrime,13,5,44,4.71,11
2026-01-10 13:00:00,Udupi,Burglary,13,5,20,1.83,4
2026-01-10 13:00:00,Hubballi-Dharwad,Theft,13,5,32,3.93,7
2026-01-10 13:00:00,Udupi,Fraud,13,5,2,8.82,4
2026-01-10 14:00:00,Kalaburagi,Assault,14,5,7,1.32,2
2026-01-10 14:00:00,Ballari,Assault,14,5,20,5.89,5
2026-01-10 14:00:00,Mangaluru,Fraud,14,5,5,7.9,3
2026-01-10 15:00:00,Davanagere,Theft,15,5,9,3.17,3
2026-01-10 16:00:00,Mangaluru,Burglary,16,5,26,3.76,3
2026-01-10 16:00:00,Udupi,Fraud,16,5,25,4.3,4
2026-01-10 16:00:00,Hubballi-Dharwad,Fraud,16,5,41,6.12,9
2026-01-10 17:00:00,Mysuru,Burglary,17,5,44,4.29,8
2026-01-10 17:00:00,Kalaburagi,Fraud,17,5,41,2.33,5
2026-01-10 17:00:00,Belagavi,Assault,17,5,37,2.33,6
2026-01-10 17:00:00,Shivamogga,Theft,17,5,41,2.59,6
2026-01-10 18:00:00,Hubballi-Dharwad,Assault,18,5,7,1.55,2
2026-01-10 18:00:00,Hubballi-Dharwad,Fraud,18,5,11,3.6,4
2026-01-10 18:00:00,Belagavi,Cybercrime,18,5,9,8.39,5
2026-01-10 18:00:00,Hubballi-Dharwad,Fraud,18,5,34,4.64,6
2026-01-10 19:00:00,Ballari,Burglary,19,5,22,3.74,4
2026-01-10 19:00:00,Mangaluru,Cybercrime,19,5,28,4.57,6
2026-01-10 19:00:00,Shivamogga,Theft,19,5,42,1.5,6
2026-01-10 19:00:00,Kalaburagi,Fraud,19,5,34,8.2,8
2026-01-10 20:00:00,Mysuru,Burglary,20,5,10,6.5,4
2026-01-10 21:00:00,Ballari,Cybercrime,21,5,33,6.36,6
2026-01-10 21:00:00,Shivamogga,Cybercrime,21,5,11,7.45,4
2026-01-10 21:00:00,Ballari,Theft,21,5,44,9.25,8
2026-01-10 21:00:00,Belagavi,Fraud,21,5,17,8.27,5
2026-01-10 22:00:00,Mangaluru,Burglary,22,5,34,1.61,4
2026-01-10 22:00:00,Shivamogga,Burglary,22,5,14,5.9,5
2026-01-10 22:00:00,Ballari,Cybercrime,22,5,21,7.38,6
2026-01-10 22:00:00,Bengaluru Urban,Burglary,22,5,23,6.51,8
2026-01-10 23:00:00,Belagavi,Cybercrime,23,5,23,8.38,6
2026-01-11 00:00:00,Mangaluru,Cybercrime,0,6,32,7.42,8
2026-01-11 00:00:00,Ballari,Theft,0,6,31,6.15,10
2026-01-11 00:00:00,Kalaburagi,Cybercrime,0,6,21,8.62,6
2026-01-11 01:00:00,Mysuru,Assault,1,6,43,8.82,10
2026-01-11 01:00:00,Hubballi-Dharwad,Theft,1,6,23,9.42,9
2026-01-11 02:00:00,Udupi,Assault,2,6,18,5.49,5
2026-01-11 02:00:00,Kalaburagi,Burglary,2,6,34,5.46,10
2026-01-11 02:00:00,Ballari,Burglary,2,6,7,9.08,7
2026-01-11 03:00:00,Shivamogga,Theft,3,6,43,7.26,12
2026-01-11 03:00:00,Bengaluru Urban,Fraud,3,6,30,7.95,10
2026-01-11 04:00:00,Ballari,Burglary,4,6,30,4.9,9
2026-01-11 04:00:00,Mangaluru,Cybercrime,4,6,27,9.01,8
2026-01-11 04:00:00,Ballari,Theft,4,6,12,5.82,7
2026-01-11 04:00:00,Ballari,Cybercrime,4,6,9,5.09,3
2026-01-11 04:00:00,Bengaluru Urban,Theft,4,6,14,8.29,10
2026-01-11 06:00:00,Kalaburagi,Theft,6,6,39,9.39,8
2026-01-11 06:00:00,Kalaburagi,Assault,6,6,31,9.1,7
2026-01-11 07:00:00,Shivamogga,Theft,7,6,19,9.23,6
2026-01-11 07:00:00,Davanagere,Fraud,7,6,35,8.72,8
2026-01-11 07:00:00,Hubballi-Dharwad,Burglary,7,6,31,1.79,5
2026-01-11 07:00:00,Shivamogga,Fraud,7,6,42,5.3,6
2026-01-11 07:00:00,Hubballi-Dharwad,Cybercrime,7,6,29,1.93,5
2026-01-11 09:00:00,Mangaluru,Fraud,9,6,11,7.82,5
2026-01-11 09:00:00,Belagavi,Theft,9,6,32,8.05,6
2026-01-11 09:00:00,Kalaburagi,Burglary,9,6,10,4.28,3
2026-01-11 10:00:00,Udupi,Fraud,10,6,7,5.44,4
2026-01-11 10:00:00,Ballari,Fraud,10,6,8,3.87,3
2026-01-11 10:00:00,Udupi,Fraud,10,6,36,5.03,5
2026-01-11 11:00:00,Davanagere,Assault,11,6,34,5.15,7
2026-01-11 12:00:00,Hubballi-Dharwad,Fraud,12,6,32,8.14,7
2026-01-11 12:00:00,Hubballi-Dharwad,Fraud,12,6,42,4.44,7
2026-01-11 12:00:00,Mangaluru,Assault,12,6,22,4.09,4
2026-01-11 12:00:00,Kalaburagi,Assault,12,6,5,8.73,4
2026-01-11 13:00:00,Davanagere,Theft,13,6,21,3.66,4
2026-01-11 13:00:00,Kalaburagi,Fraud,13,6,6,5.35,2
2026-01-11 13:00:00,Hubballi-Dharwad,Theft,13,6,36,9.28,9
2026-01-11 14:00:00,Belagavi,Cybercrime,14,6,44,9.21,12
2026-01-11 15:00:00,Belagavi,Theft,15,6,3,1.89,2
2026-01-11 16:00:00,Bengaluru Urban,Theft,16,6,39,1.62,11
2026-01-11 16:00:00,Belagavi,Fraud,16,6,2,7.87,4
2026-01-11 16:00:00,Mangaluru,Fraud,16,6,4,7.68,4
2026-01-11 16:00:00,Bengaluru Urban,Cybercrime,16,6,18,2.56,10
2026-01-11 17:00:00,Shivamogga,Fraud,17,6,40,5.0,7
2026-01-11 18:00:00,Bengaluru Urban,Cybercrime,18,6,7,3.48,6
2026-01-11 18:00:00,Udupi,Fraud,18,6,17,5.01,5
2026-01-11 19:00:00,Shivamogga,Burglary,19,6,19,3.46,4
2026-01-11 19:00:00,Udupi,Burglary,19,6,4,2.04,1
2026-01-11 19:00:00,Kalaburagi,Fraud,19,6,42,5.27,8
2026-01-11 20:00:00,Mangaluru,Assault,20,6,11,4.17,4
2026-01-11 20:00:00,Shivamogga,Fraud,20,6,9,8.16,3
2026-01-11 20:00:00,Davanagere,Theft,20,6,29,8.6,6
2026-01-11 21:00:00,Ballari,Cybercrime,21,6,41,4.42,7
2026-01-11 21:00:00,Ballari,Burglary,21,6,6,4.65,3
2026-01-11 21:00:00,Ballari,Theft,21,6,17,1.31,2
2026-01-11 22:00:00,Shivamogga,Burglary,22,6,10,2.85,3
2026-01-11 22:00:00,Ballari,Fraud,22,6,39,1.23,7
2026-01-11 23:00:00,Mysuru,Cybercrime,23,6,28,3.43,5
2026-01-12 00:00:00,Mangaluru,Fraud,0,0,24,1.87,4
2026-01-12 00:00:00,Udupi,Cybercrime,0,0,30,2.2,5
2026-01-12 00:00:00,Udupi,Assault,0,0,37,3.77,7
2026-01-12 00:00:00,Mangaluru,Assault,0,0,11,8.47,3
2026-01-12 01:00:00,Kalaburagi,Cybercrime,1,0,38,1.34,6
2026-01-12 01:00:00,Mangaluru,Theft,1,0,6,1.38,4
2026-01-12 02:00:00,Davanagere,Theft,2,0,36,8.29,11
2026-01-12 02:00:00,Kalaburagi,Burglary,2,0,28,3.7,9
2026-01-12 03:00:00,Belagavi,Cybercrime,3,0,6,1.24,1
2026-01-12 05:00:00,Belagavi,Theft,5,0,30,2.58,9
2026-01-12 05:00:00,Davanagere,Theft,5,0,21,6.34,8
2026-01-12 06:00:00,Mysuru,Burglary,6,0,40,4.36,7
2026-01-12 08:00:00,Mysuru,Assault,8,0,13,4.62,4
2026-01-12 09:00:00,Hubballi-Dharwad,Assault,9,0,19,4.38,4
2026-01-12 11:00:00,Kalaburagi,Assault,11,0,11,6.35,3
2026-01-12 11:00:00,Udupi,Fraud,11,0,18,2.46,4
2026-01-12 11:00:00,Ballari,Burglary,11,0,35,4.03,7
2026-01-12 12:00:00,Shivamogga,Burglary,12,0,25,7.75,5
2026-01-12 12:00:00,Belagavi,Assault,12,0,32,6.72,7
2026-01-12 12:00:00,Shivamogga,Burglary,12,0,18,3.56,4
2026-01-12 13:00:00,Udupi,Assault,13,0,12,7.79,6
2026-01-12 13:00:00,Bengaluru Urban,Theft,13,0,44,7.44,12
2026-01-12 14:00:00,Shivamogga,Theft,14,0,36,6.0,7
2026-01-12 14:00:00,Belagavi,Fraud,14,0,42,1.2,7
2026-01-12 14:00:00,Belagavi,Fraud,14,0,16,6.26,6
2026-01-12 14:00:00,Udupi,Fraud,14,0,3,3.35,4
2026-01-12 15:00:00,Shivamogga,Cybercrime,15,0,40,6.53,10
2026-01-12 15:00:00,Mangaluru,Assault,15,0,41,6.95,8
2026-01-12 15:00:00,Mysuru,Assault,15,0,34,8.72,7
2026-01-12 15:00:00,Belagavi,Cybercrime,15,0,15,8.17,8
2026-01-12 17:00:00,Mangaluru,Assault,17,0,32,8.96,7
2026-01-12 17:00:00,Mysuru,Cybercrime,17,0,41,1.43,8
2026-01-12 18:00:00,Mysuru,Assault,18,0,24,8.18,7
2026-01-12 18:00:00,Kalaburagi,Fraud,18,0,28,2.97,5
2026-01-12 18:00:00,Kalaburagi,Burglary,18,0,40,6.51,7
2026-01-12 18:00:00,Bengaluru Urban,Theft,18,0,33,3.33,9
2026-01-12 18:00:00,Bengaluru Urban,Cybercrime,18,0,16,2.24,6
2026-01-12 18:00:00,Mangaluru,Burglary,18,0,12,5.33,4
2026-01-12 19:00:00,Mysuru,Theft,19,0,24,6.34,6
2026-01-12 19:00:00,Kalaburagi,Burglary,19,0,12,9.2,4
2026-01-12 19:00:00,Bengaluru Urban,Theft,19,0,5,8.97,8
2026-01-12 20:00:00,Udupi,Theft,20,0,7,4.08,2
2026-01-12 20:00:00,Udupi,Assault,20,0,29,5.2,7
2026-01-12 20:00:00,Belagavi,Fraud,20,0,12,3.88,3
2026-01-12 23:00:00,Davanagere,Assault,23,0,34,4.65,8
2026-01-13 00:00:00,Ballari,Burglary,0,1,17,9.46,7
2026-01-13 02:00:00,Shivamogga,Assault,2,1,3,8.0,3
2026-01-13 03:00:00,Kalaburagi,Burglary,3,1,44,6.02,11
2026-01-13 05:00:00,Davanagere,Fraud,5,1,38,1.62,6
2026-01-13 05:00:00,Shivamogga,Fraud,5,1,31,6.94,6
2026-01-13 06:00:00,Hubballi-Dharwad,Burglary,6,1,4,9.04,3
2026-01-13 07:00:00,Kalaburagi,Burglary,7,1,34,4.79,8
2026-01-13 08:00:00,Shivamogga,Assault,8,1,4,5.65,3
2026-01-13 09:00:00,Belagavi,Assault,9,1,6,1.91,3
2026-01-13 09:00:00,Bengaluru Urban,Theft,9,1,29,6.87,11
2026-01-13 10:00:00,Mangaluru,Cybercrime,10,1,28,3.21,9
2026-01-13 10:00:00,Hubballi-Dharwad,Fraud,10,1,31,8.64,8
2026-01-13 10:00:00,Shivamogga,Theft,10,1,33,4.04,7
2026-01-13 10:00:00,Kalaburagi,Burglary,10,1,17,1.53,4
2026-01-13 11:00:00,Shivamogga,Burglary,11,1,23,1.93,3
2026-01-13 11:00:00,Belagavi,Burglary,11,1,43,9.0,10
2026-01-13 11:00:00,Bengaluru Urban,Assault,11,1,24,3.8,6
2026-01-13 11:00:00,Mangaluru,Cybercrime,11,1,43,3.32,10
2026-01-13 12:00:00,Mangaluru,Assault,12,1,44,4.59,9
2026-01-13 12:00:00,Davanagere,Assault,12,1,23,3.41,5
2026-01-13 12:00:00,Mangaluru,Fraud,12,1,3,1.9,2
2026-01-13 12:00:00,Hubballi-Dharwad,Cybercrime,12,1,36,8.62,12
2026-01-13 12:00:00,Kalaburagi,Theft,12,1,37,8.03,8
2026-01-13 13:00:00,Bengaluru Urban,Burglary,13,1,37,4.7,9
2026-01-13 13:00:00,Udupi,Cybercrime,13,1,13,1.79,7
2026-01-13 14:00:00,Mangaluru,Cybercrime,14,1,34,5.25,8
2026-01-13 14:00:00,Shivamogga,Burglary,14,1,22,2.64,4
2026-01-13 15:00:00,Ballari,Assault,15,1,32,9.36,8
2026-01-13 15:00:00,Ballari,Cybercrime,15,1,28,7.17,9
2026-01-13 15:00:00,Kalaburagi,Cybercrime,15,1,44,3.93,11
2026-01-13 15:00:00,Ballari,Theft,15,1,41,8.59,10
2026-01-13 16:00:00,Ballari,Theft,16,1,43,8.78,10
2026-01-13 17:00:00,Davanagere,Theft,17,1,27,7.48,5
2026-01-13 18:00:00,Hubballi-Dharwad,Fraud,18,1,2,9.43,4
2026-01-13 18:00:00,Mangaluru,Cybercrime,18,1,30,6.93,6
2026-01-13 18:00:00,Udupi,Burglary,18,1,10,6.99,4
2026-01-13 19:00:00,Bengaluru Urban,Theft,19,1,21,3.12,8
2026-01-13 19:00:00,Mangaluru,Cybercrime,19,1,42,6.55,9
2026-01-13 19:00:00,Shivamogga,Theft,19,1,42,4.08,8
2026-01-13 19:00:00,Belagavi,Fraud,19,1,9,6.24,3
2026-01-13 20:00:00,Ballari,Fraud,20,1,27,5.46,5
2026-01-13 20:00:00,Shivamogga,Burglary,20,1,12,8.41,5
2026-01-13 20:00:00,Shivamogga,Burglary,20,1,2,3.77,2
2026-01-13 20:00:00,Davanagere,Burglary,20,1,8,2.65,3
2026-01-13 20:00:00,Belagavi,Cybercrime,20,1,34,1.63,6
2026-01-13 21:00:00,Kalaburagi,Theft,21,1,38,7.73,8
2026-01-13 21:00:00,Mangaluru,Burglary,21,1,23,2.27,6
2026-01-13 21:00:00,Bengaluru Urban,Burglary,21,1,31,3.74,8
2026-01-13 22:00:00,Mysuru,Fraud,22,1,26,4.36,5
2026-01-13 23:00:00,Kalaburagi,Fraud,23,1,29,2.73,5
2026-01-13 23:00:00,Davanagere,Assault,23,1,2,9.3,7
2026-01-13 23:00:00,Kalaburagi,Cybercrime,23,1,26,8.35,6
2026-01-13 23:00:00,Shivamogga,Assault,23,1,17,3.76,7
2026-01-13 23:00:00,Udupi,Cybercrime,23,1,44,6.8,8
2026-01-14 00:00:00,Kalaburagi,Fraud,0,2,39,4.94,7
2026-01-14 00:00:00,Ballari,Fraud,0,2,7,7.81,5
2026-01-14 01:00:00,Shivamogga,Burglary,1,2,42,6.67,11
2026-01-14 01:00:00,Bengaluru Urban,Fraud,1,2,14,6.8,7
2026-01-14 01:00:00,Shivamogga,Cybercrime,1,2,35,8.12,7
2026-01-14 01:00:00,Bengaluru Urban,Assault,1,2,40,2.16,8
2026-01-14 02:00:00,Kalaburagi,Burglary,2,2,43,4.32,10
2026-01-14 02:00:00,Bengaluru Urban,Theft,2,2,28,4.05,10
2026-01-14 02:00:00,Ballari,Cybercrime,2,2,25,4.48,6
2026-01-14 02:00:00,Bengaluru Urban,Fraud,2,2,17,1.84,7
2026-01-14 02:00:00,Shivamogga,Assault,2,2,14,5.08,5
2026-01-14 03:00:00,Bengaluru Urban,Burglary,3,2,19,4.57,11
2026-01-14 03:00:00,Belagavi,Burglary,3,2,27,1.26,7
2026-01-14 04:00:00,Hubballi-Dharwad,Cybercrime,4,2,14,8.54,4
2026-01-14 04:00:00,Ballari,Fraud,4,2,28,5.43,7
2026-01-14 04:00:00,Ballari,Fraud,4,2,8,5.09,2
2026-01-14 04:00:00,Mysuru,Burglary,4,2,7,7.92,8
2026-01-14 05:00:00,Davanagere,Fraud,5,2,12,9.11,5
2026-01-14 05:00:00,Shivamogga,Burglary,5,2,21,1.47,7
2026-01-14 05:00:00,Mangaluru,Theft,5,2,41,2.75,8
2026-01-14 05:00:00,Shivamogga,Assault,5,2,2,3.16,1
2026-01-14 06:00:00,Bengaluru Urban,Theft,6,2,39,4.51,10
2026-01-14 06:00:00,Mysuru,Burglary,6,2,3,8.2,4
2026-01-14 06:00:00,Davanagere,Cybercrime,6,2,40,2.51,7
2026-01-14 07:00:00,Udupi,Fraud,7,2,21,2.25,5
2026-01-14 08:00:00,Mysuru,Burglary,8,2,20,4.0,5
2026-01-14 09:00:00,Belagavi,Cybercrime,9,2,41,8.13,8
2026-01-14 09:00:00,Belagavi,Cybercrime,9,2,29,7.72,8
2026-01-14 10:00:00,Mysuru,Burglary,10,2,28,6.52,7
2026-01-14 12:00:00,Shivamogga,Theft,12,2,14,3.03,5
2026-01-14 12:00:00,Shivamogga,Theft,12,2,28,5.43,6
2026-01-14 13:00:00,Shivamogga,Assault,13,2,21,3.82,4
2026-01-14 14:00:00,Hubballi-Dharwad,Cybercrime,14,2,11,2.81,7
2026-01-14 15:00:00,Mangaluru,Fraud,15,2,23,2.67,5
2026-01-14 15:00:00,Ballari,Burglary,15,2,43,2.37,6
2026-01-14 15:00:00,Belagavi,Cybercrime,15,2,16,2.87,6
2026-01-14 16:00:00,Ballari,Theft,16,2,8,9.19,5
2026-01-14 16:00:00,Udupi,Cybercrime,16,2,10,7.61,7
2026-01-14 16:00:00,Davanagere,Theft,16,2,12,2.72,4
2026-01-14 17:00:00,Bengaluru Urban,Cybercrime,17,2,44,7.14,11
2026-01-14 17:00:00,Udupi,Theft,17,2,24,8.76,7
2026-01-14 18:00:00,Ballari,Burglary,18,2,40,6.76,9
2026-01-14 18:00:00,Davanagere,Assault,18,2,42,6.18,8
2026-01-14 18:00:00,Mysuru,Theft,18,2,41,7.51,7
2026-01-14 19:00:00,Shivamogga,Theft,19,2,33,7.55,8
2026-01-14 19:00:00,Mysuru,Cybercrime,19,2,8,3.02,3
2026-01-14 19:00:00,Udupi,Theft,19,2,17,2.33,4
2026-01-14 19:00:00,Davanagere,Assault,19,2,5,8.76,6
2026-01-14 20:00:00,Mysuru,Cybercrime,20,2,4,2.81,2
2026-01-14 20:00:00,Bengaluru Urban,Cybercrime,20,2,29,4.66,9
2026-01-14 20:00:00,Davanagere,Cybercrime,20,2,38,3.26,7
2026-01-14 20:00:00,Kalaburagi,Assault,20,2,5,6.57,5
2026-01-14 21:00:00,Bengaluru Urban,Assault,21,2,25,4.24,9
2026-01-14 22:00:00,Mangaluru,Burglary,22,2,37,3.52,7
2026-01-14 22:00:00,Udupi,Theft,22,2,26,7.23,7
2026-01-14 22:00:00,Davanagere,Cybercrime,22,2,40,4.38,6
2026-01-14 22:00:00,Hubballi-Dharwad,Assault,22,2,30,5.93,9
2026-01-14 23:00:00,Belagavi,Burglary,23,2,3,5.07,2
2026-01-14 23:00:00,Davanagere,Fraud,23,2,2,4.96,2
2026-01-14 23:00:00,Kalaburagi,Theft,23,2,23,3.02,5
2026-01-14 23:00:00,Hubballi-Dharwad,Cybercrime,23,2,43,7.1,8
2026-01-14 23:00:00,Bengaluru Urban,Assault,23,2,39,1.52,12
2026-01-15 00:00:00,Shivamogga,Cybercrime,0,3,8,5.69,4
2026-01-15 00:00:00,Hubballi-Dharwad,Burglary,0,3,43,6.87,11
2026-01-15 00:00:00,Udupi,Theft,0,3,15,8.0,8
2026-01-15 00:00:00,Davanagere,Burglary,0,3,6,2.89,6
2026-01-15 01:00:00,Belagavi,Cybercrime,1,3,26,3.53,4
2026-01-15 01:00:00,Mysuru,Fraud,1,3,27,5.3,5
2026-01-15 02:00:00,Davanagere,Fraud,2,3,28,4.44,7
2026-01-15 03:00:00,Shivamogga,Cybercrime,3,3,23,9.14,7
2026-01-15 03:00:00,Mangaluru,Fraud,3,3,19,6.71,6
2026-01-15 04:00:00,Belagavi,Theft,4,3,38,7.56,11
2026-01-15 04:00:00,Mysuru,Cybercrime,4,3,43,8.63,9
2026-01-15 04:00:00,Udupi,Fraud,4,3,39,6.74,8
2026-01-15 04:00:00,Ballari,Fraud,4,3,26,4.52,7
2026-01-15 04:00:00,Kalaburagi,Theft,4,3,16,7.32,8
2026-01-15 04:00:00,Mangaluru,Cybercrime,4,3,10,6.78,5
2026-01-15 05:00:00,Mysuru,Assault,5,3,13,6.77,4
2026-01-15 05:00:00,Davanagere,Burglary,5,3,29,4.53,8
2026-01-15 05:00:00,Udupi,Burglary,5,3,13,3.06,6
2026-01-15 05:00:00,Belagavi,Theft,5,3,39,3.33,10
2026-01-15 05:00:00,Hubballi-Dharwad,Fraud,5,3,2,8.96,4
2026-01-15 06:00:00,Shivamogga,Assault,6,3,19,6.51,6
2026-01-15 06:00:00,Hubballi-Dharwad,Theft,6,3,39,7.27,9
2026-01-15 06:00:00,Belagavi,Assault,6,3,25,1.23,5
2026-01-15 07:00:00,Ballari,Fraud,7,3,36,6.51,6
2026-01-15 07:00:00,Ballari,Burglary,7,3,11,9.32,7
2026-01-15 08:00:00,Udupi,Cybercrime,8,3,39,9.28,8
2026-01-15 09:00:00,Davanagere,Assault,9,3,14,7.04,4
2026-01-15 09:00:00,Davanagere,Assault,9,3,11,7.9,6
2026-01-15 09:00:00,Ballari,Assault,9,3,9,4.25,3
2026-01-15 10:00:00,Kalaburagi,Fraud,10,3,17,8.89,5
2026-01-15 10:00:00,Belagavi,Assault,10,3,14,8.97,5
2026-01-15 10:00:00,Ballari,Assault,10,3,28,4.98,4
2026-01-15 10:00:00,Mangaluru,Theft,10,3,26,7.7,7
2026-01-15 11:00:00,Bengaluru Urban,Cybercrime,11,3,40,2.86,12
2026-01-15 11:00:00,Mangaluru,Cybercrime,11,3,33,3.18,9
2026-01-15 11:00:00,Mangaluru,Theft,11,3,29,8.36,6
2026-01-15 12:00:00,Belagavi,Burglary,12,3,26,1.41,4
2026-01-15 12:00:00,Udupi,Fraud,12,3,43,4.22,7
2026-01-15 12:00:00,Mysuru,Burglary,12,3,5,3.21,1
2026-01-15 13:00:00,Kalaburagi,Assault,13,3,26,6.4,7
2026-01-15 14:00:00,Davanagere,Fraud,14,3,38,5.1,8
2026-01-15 14:00:00,Kalaburagi,Assault,14,3,31,4.26,7
2026-01-15 14:00:00,Hubballi-Dharwad,Burglary,14,3,23,3.38,5
2026-01-15 15:00:00,Mysuru,Assault,15,3,30,2.85,6
2026-01-15 16:00:00,Hubballi-Dharwad,Cybercrime,16,3,36,3.88,9
2026-01-15 16:00:00,Udupi,Assault,16,3,5,8.44,5
2026-01-15 16:00:00,Mysuru,Fraud,16,3,3,7.18,4
2026-01-15 17:00:00,Davanagere,Burglary,17,3,14,7.35,4
2026-01-15 17:00:00,Bengaluru Urban,Fraud,17,3,29,2.61,9
2026-01-15 18:00:00,Bengaluru Urban,Theft,18,3,3,1.28,3
2026-01-15 18:00:00,Bengaluru Urban,Fraud,18,3,28,2.64,7
2026-01-15 18:00:00,Bengaluru Urban,Cybercrime,18,3,4,4.91,5
2026-01-15 19:00:00,Belagavi,Burglary,19,3,44,4.25,6
2026-01-15 19:00:00,Davanagere,Assault,19,3,20,8.75,8
2026-01-15 19:00:00,Udupi,Cybercrime,19,3,26,3.4,6
2026-01-15 20:00:00,Belagavi,Fraud,20,3,38,8.72,9
2026-01-15 20:00:00,Ballari,Burglary,20,3,7,4.64,4
2026-01-15 20:00:00,Mangaluru,Assault,20,3,27,7.78,7
2026-01-15 21:00:00,Hubballi-Dharwad,Assault,21,3,36,2.92,8
2026-01-15 21:00:00,Mysuru,Theft,21,3,26,7.39,6
2026-01-15 22:00:00,Hubballi-Dharwad,Cybercrime,22,3,36,2.47,7
2026-01-15 22:00:00,Shivamogga,Burglary,22,3,2,5.58,3
2026-01-15 23:00:00,Mangaluru,Burglary,23,3,40,7.22,8
2026-01-15 23:00:00,Bengaluru Urban,Theft,23,3,36,2.85,9
2026-01-15 23:00:00,Shivamogga,Assault,23,3,37,4.46,9
2026-01-15 23:00:00,Mangaluru,Burglary,23,3,16,6.78,5
2026-01-15 23:00:00,Udupi,Cybercrime,23,3,18,9.15,5
2026-01-16 00:00:00,Shivamogga,Burglary,0,4,6,5.38,6
2026-01-16 00:00:00,Davanagere,Fraud,0,4,4,5.74,3
2026-01-16 00:00:00,Udupi,Burglary,0,4,8,6.97,8
2026-01-16 00:00:00,Udupi,Theft,0,4,17,2.5,6
2026-01-16 00:00:00,Ballari,Cybercrime,0,4,19,9.38,6
2026-01-16 00:00:00,Mysuru,Cybercrime,0,4,39,5.17,6
2026-01-16 01:00:00,Hubballi-Dharwad,Assault,1,4,23,2.45,6
2026-01-16 02:00:00,Kalaburagi,Theft,2,4,37,3.53,9
2026-01-16 02:00:00,Udupi,Fraud,2,4,14,6.79,6
2026-01-16 02:00:00,Hubballi-Dharwad,Burglary,2,4,26,5.45,9
2026-01-16 02:00:00,Ballari,Cybercrime,2,4,15,1.33,4
2026-01-16 03:00:00,Belagavi,Burglary,3,4,40,7.59,11
2026-01-16 03:00:00,Davanagere,Fraud,3,4,35,7.97,8
2026-01-16 04:00:00,Belagavi,Burglary,4,4,8,4.84,6
2026-01-16 04:00:00,Mangaluru,Burglary,4,4,10,6.6,8
2026-01-16 04:00:00,Bengaluru Urban,Theft,4,4,22,4.75,10
2026-01-16 04:00:00,Belagavi,Theft,4,4,44,7.06,12
2026-01-16 04:00:00,Davanagere,Cybercrime,4,4,36,3.93,7
2026-01-16 05:00:00,Davanagere,Cybercrime,5,4,43,6.08,8
2026-01-16 05:00:00,Udupi,Assault,5,4,17,3.04,5
2026-01-16 05:00:00,Bengaluru Urban,Cybercrime,5,4,43,3.69,10
2026-01-16 06:00:00,Shivamogga,Burglary,6,4,16,7.76,6
2026-01-16 06:00:00,Belagavi,Cybercrime,6,4,21,8.48,6
2026-01-16 07:00:00,Mysuru,Theft,7,4,22,2.56,4
2026-01-16 07:00:00,Shivamogga,Cybercrime,7,4,20,6.36,5
2026-01-16 07:00:00,Mangaluru,Assault,7,4,35,5.49,7
2026-01-16 08:00:00,Davanagere,Burglary,8,4,29,6.22,7
2026-01-16 08:00:00,Bengaluru Urban,Burglary,8,4,20,4.0,7
2026-01-16 09:00:00,Belagavi,Fraud,9,4,37,7.04,7
2026-01-16 09:00:00,Udupi,Burglary,9,4,23,1.74,6
2026-01-16 09:00:00,Udupi,Burglary,9,4,42,1.32,4
2026-01-16 09:00:00,Udupi,Assault,9,4,26,2.2,5
2026-01-16 10:00:00,Bengaluru Urban,Cybercrime,10,4,24,3.93,10
2026-01-16 10:00:00,Shivamogga,Burglary,10,4,43,5.73,7
2026-01-16 11:00:00,Hubballi-Dharwad,Burglary,11,4,15,6.77,4
2026-01-16 11:00:00,Belagavi,Theft,11,4,16,6.26,4
2026-01-16 11:00:00,Ballari,Cybercrime,11,4,39,6.34,10
2026-01-16 11:00:00,Ballari,Fraud,11,4,18,7.23,5
2026-01-16 12:00:00,Bengaluru Urban,Theft,12,4,18,6.39,8
2026-01-16 12:00:00,Shivamogga,Fraud,12,4,2,1.68,1
2026-01-16 12:00:00,Shivamogga,Cybercrime,12,4,29,3.58,9
2026-01-16 13:00:00,Belagavi,Burglary,13,4,35,9.32,8
2026-01-16 13:00:00,Shivamogga,Cybercrime,13,4,40,1.51,9
2026-01-16 14:00:00,Ballari,Burglary,14,4,16,5.88,4
2026-01-16 14:00:00,Hubballi-Dharwad,Cybercrime,14,4,17,9.35,7
2026-01-16 15:00:00,Udupi,Assault,15,4,11,7.48,4
2026-01-16 15:00:00,Ballari,Theft,15,4,5,3.67,4
2026-01-16 15:00:00,Kalaburagi,Burglary,15,4,28,9.41,6
2026-01-16 15:00:00,Hubballi-Dharwad,Burglary,15,4,19,9.41,7
2026-01-16 15:00:00,Mangaluru,Theft,15,4,44,8.7,8
2026-01-16 16:00:00,Davanagere,Cybercrime,16,4,35,5.56,9
2026-01-16 16:00:00,Davanagere,Theft,16,4,8,2.32,2
2026-01-16 17:00:00,Kalaburagi,Cybercrime,17,4,11,7.83,6
2026-01-16 17:00:00,Davanagere,Assault,17,4,42,5.81,7
2026-01-16 18:00:00,Mangaluru,Fraud,18,4,2,3.34,3
2026-01-16 19:00:00,Belagavi,Theft,19,4,37,4.38,6
2026-01-16 20:00:00,Davanagere,Assault,20,4,14,5.16,7
2026-01-16 20:00:00,Davanagere,Burglary,20,4,18,2.22,4
2026-01-16 20:00:00,Kalaburagi,Assault,20,4,22,2.88,7
2026-01-16 21:00:00,Davanagere,Burglary,21,4,19,3.62,4
2026-01-16 21:00:00,Hubballi-Dharwad,Theft,21,4,27,5.3,5
2026-01-16 21:00:00,Ballari,Fraud,21,4,36,4.68,7
2026-01-16 22:00:00,Bengaluru Urban,Burglary,22,4,7,6.61,7
2026-01-16 22:00:00,Hubballi-Dharwad,Assault,22,4,13,7.39,5
2026-01-16 22:00:00,Bengaluru Urban,Assault,22,4,6,9.34,11
2026-01-16 23:00:00,Mangaluru,Theft,23,4,4,8.99,3
2026-01-16 23:00:00,Bengaluru Urban,Cybercrime,23,4,9,1.82,5
2026-01-16 23:00:00,Shivamogga,Fraud,23,4,21,5.41,5
2026-01-16 23:00:00,Belagavi,Fraud,23,4,9,8.27,4
2026-01-16 23:00:00,Belagavi,Assault,23,4,21,7.19,7
2026-01-16 23:00:00,Udupi,Fraud,23,4,5,3.65,2
2026-01-16 23:00:00,Mangaluru,Fraud,23,4,5,1.79,3
2026-01-17 01:00:00,Hubballi-Dharwad,Burglary,1,5,24,2.57,8
2026-01-17 01:00:00,Kalaburagi,Cybercrime,1,5,28,7.32,5
2026-01-17 01:00:00,Davanagere,Fraud,1,5,6,3.51,3
2026-01-17 02:00:00,Mangaluru,Assault,2,5,28,2.99,6
2026-01-17 02:00:00,Davanagere,Burglary,2,5,15,4.26,6
2026-01-17 04:00:00,Mysuru,Burglary,4,5,40,4.14,10
2026-01-17 04:00:00,Hubballi-Dharwad,Assault,4,5,26,7.93,7
2026-01-17 05:00:00,Bengaluru Urban,Cybercrime,5,5,9,8.03,7
2026-01-17 05:00:00,Udupi,Fraud,5,5,8,7.81,4
2026-01-17 05:00:00,Udupi,Burglary,5,5,21,2.25,6
2026-01-17 05:00:00,Hubballi-Dharwad,Theft,5,5,19,1.56,8
2026-01-17 05:00:00,Shivamogga,Theft,5,5,9,3.6,7
2026-01-17 06:00:00,Kalaburagi,Assault,6,5,17,4.09,4
2026-01-17 06:00:00,Ballari,Theft,6,5,14,1.84,2
2026-01-17 06:00:00,Mysuru,Burglary,6,5,31,2.33,7
2026-01-17 07:00:00,Ballari,Theft,7,5,12,7.97,5
2026-01-17 08:00:00,Davanagere,Fraud,8,5,5,2.39,2
2026-01-17 08:00:00,Udupi,Theft,8,5,12,2.32,4
2026-01-17 09:00:00,Davanagere,Burglary,9,5,26,2.72,5
2026-01-17 09:00:00,Shivamogga,Assault,9,5,9,8.97,5
2026-01-17 10:00:00,Shivamogga,Cybercrime,10,5,6,3.36,5
2026-01-17 10:00:00,Udupi,Cybercrime,10,5,40,6.12,12
2026-01-17 10:00:00,Belagavi,Cybercrime,10,5,22,2.57,7
2026-01-17 11:00:00,Davanagere,Assault,11,5,13,4.15,4
2026-01-17 11:00:00,Belagavi,Burglary,11,5,17,2.37,5
2026-01-17 12:00:00,Bengaluru Urban,Theft,12,5,14,1.61,5
2026-01-17 12:00:00,Ballari,Burglary,12,5,33,3.9,8
2026-01-17 13:00:00,Shivamogga,Theft,13,5,10,7.67,5
2026-01-17 13:00:00,Mangaluru,Assault,13,5,28,5.94,6
2026-01-17 13:00:00,Mysuru,Fraud,13,5,15,2.18,4
2026-01-17 14:00:00,Hubballi-Dharwad,Cybercrime,14,5,30,7.49,8
2026-01-17 14:00:00,Ballari,Fraud,14,5,26,1.61,4
2026-01-17 15:00:00,Udupi,Assault,15,5,16,9.1,6
2026-01-17 15:00:00,Belagavi,Burglary,15,5,33,2.17,3
2026-01-17 17:00:00,Udupi,Assault,17,5,7,8.63,4
2026-01-17 17:00:00,Bengaluru Urban,Assault,17,5,16,4.68,7
2026-01-17 17:00:00,Belagavi,Burglary,17,5,26,7.71,8
2026-01-17 17:00:00,Belagavi,Theft,17,5,31,3.62,6
2026-01-17 17:00:00,Ballari,Burglary,17,5,26,1.79,4
2026-01-17 18:00:00,Mangaluru,Theft,18,5,19,9.41,7
2026-01-17 18:00:00,Belagavi,Burglary,18,5,31,1.94,6
2026-01-17 18:00:00,Kalaburagi,Burglary,18,5,40,7.01,8
2026-01-17 18:00:00,Belagavi,Fraud,18,5,15,3.29,4
2026-01-17 20:00:00,Udupi,Assault,20,5,16,3.66,6
2026-01-17 20:00:00,Ballari,Fraud,20,5,3,7.44,4
2026-01-17 20:00:00,Shivamogga,Assault,20,5,25,7.68,7
2026-01-17 20:00:00,Shivamogga,Fraud,20,5,6,1.44,2
2026-01-17 21:00:00,Udupi,Assault,21,5,40,5.87,11
2026-01-17 21:00:00,Udupi,Assault,21,5,19,8.6,8
2026-01-17 21:00:00,Udupi,Cybercrime,21,5,15,7.66,4
2026-01-17 22:00:00,Kalaburagi,Assault,22,5,30,3.87,8
2026-01-17 22:00:00,Davanagere,Fraud,22,5,25,5.93,5
2026-01-17 22:00:00,Davanagere,Cybercrime,22,5,27,8.98,6
2026-01-17 23:00:00,Shivamogga,Theft,23,5,27,2.46,5
2026-01-17 23:00:00,Belagavi,Burglary,23,5,7,8.03,5
2026-01-17 23:00:00,Ballari,Fraud,23,5,13,7.16,4
2026-01-18 00:00:00,Kalaburagi,Burglary,0,6,3,9.48,5
2026-01-18 00:00:00,Mangaluru,Fraud,0,6,14,3.15,4
2026-01-18 01:00:00,Mangaluru,Theft,1,6,17,1.64,5
2026-01-18 03:00:00,Ballari,Burglary,3,6,26,5.32,7
2026-01-18 03:00:00,Bengaluru Urban,Burglary,3,6,24,5.9,11
2026-01-18 03:00:00,Shivamogga,Burglary,3,6,37,9.39,12
2026-01-18 03:00:00,Mangaluru,Burglary,3,6,16,5.4,8
2026-01-18 03:00:00,Kalaburagi,Cybercrime,3,6,38,6.69,8
2026-01-18 03:00:00,Mysuru,Assault,3,6,4,8.4,4
2026-01-18 04:00:00,Mysuru,Cybercrime,4,6,12,2.03,3
2026-01-18 04:00:00,Kalaburagi,Cybercrime,4,6,25,6.97,6
2026-01-18 05:00:00,Udupi,Cybercrime,5,6,19,2.94,4
2026-01-18 06:00:00,Kalaburagi,Fraud,6,6,9,7.82,5
2026-01-18 06:00:00,Udupi,Assault,6,6,10,3.98,3
2026-01-18 06:00:00,Hubballi-Dharwad,Assault,6,6,23,1.64,5
2026-01-18 06:00:00,Shivamogga,Fraud,6,6,31,5.66,6
2026-01-18 07:00:00,Udupi,Burglary,7,6,24,1.92,4
2026-01-18 07:00:00,Davanagere,Cybercrime,7,6,16,4.36,4
2026-01-18 08:00:00,Belagavi,Burglary,8,6,39,6.78,7
2026-01-18 08:00:00,Mangaluru,Cybercrime,8,6,34,1.74,6
2026-01-18 09:00:00,Bengaluru Urban,Fraud,9,6,25,5.87,9
2026-01-18 09:00:00,Udupi,Theft,9,6,23,3.55,6
2026-01-18 10:00:00,Mangaluru,Fraud,10,6,42,8.86,8
2026-01-18 10:00:00,Mysuru,Cybercrime,10,6,32,3.16,8
2026-01-18 11:00:00,Bengaluru Urban,Assault,11,6,24,2.58,9
2026-01-18 11:00:00,Davanagere,Burglary,11,6,10,7.97,5
2026-01-18 12:00:00,Hubballi-Dharwad,Fraud,12,6,16,2.05,4
2026-01-18 12:00:00,Hubballi-Dharwad,Cybercrime,12,6,35,6.97,10
2026-01-18 12:00:00,Bengaluru Urban,Cybercrime,12,6,39,9.44,14
2026-01-18 13:00:00,Bengaluru Urban,Fraud,13,6,26,8.29,10
2026-01-18 13:00:00,Shivamogga,Burglary,13,6,7,7.05,4
2026-01-18 14:00:00,Bengaluru Urban,Assault,14,6,41,7.64,10
2026-01-18 14:00:00,Mangaluru,Cybercrime,14,6,43,1.99,9
2026-01-18 14:00:00,Mysuru,Assault,14,6,24,8.11,7
2026-01-18 14:00:00,Mangaluru,Theft,14,6,27,8.35,8
2026-01-18 14:00:00,Kalaburagi,Theft,14,6,16,4.37,3
2026-01-18 15:00:00,Shivamogga,Cybercrime,15,6,22,9.29,8
2026-01-18 15:00:00,Ballari,Assault,15,6,3,5.25,3
2026-01-18 16:00:00,Hubballi-Dharwad,Assault,16,6,27,7.7,6
2026-01-18 16:00:00,Udupi,Burglary,16,6,6,1.58,2
2026-01-18 16:00:00,Bengaluru Urban,Cybercrime,16,6,30,3.52,11
2026-01-18 16:00:00,Udupi,Cybercrime,16,6,32,1.22,7
2026-01-18 17:00:00,Shivamogga,Fraud,17,6,39,6.3,8
2026-01-18 19:00:00,Udupi,Theft,19,6,8,4.92,3
2026-01-18 19:00:00,Ballari,Fraud,19,6,3,6.66,2
2026-01-18 21:00:00,Shivamogga,Assault,21,6,15,6.41,8
2026-01-18 23:00:00,Kalaburagi,Theft,23,6,24,7.71,5
2026-01-19 00:00:00,Bengaluru Urban,Theft,0,0,22,8.97,13
2026-01-19 00:00:00,Bengaluru Urban,Assault,0,0,6,4.26,7
2026-01-19 01:00:00,Udupi,Fraud,1,0,37,6.06,7
2026-01-19 01:00:00,Bengaluru Urban,Theft,1,0,9,8.37,11
2026-01-19 01:00:00,Davanagere,Cybercrime,1,0,4,2.27,4
2026-01-19 01:00:00,Belagavi,Fraud,1,0,8,6.97,4
2026-01-19 02:00:00,Shivamogga,Burglary,2,0,40,3.9,10
2026-01-19 02:00:00,Udupi,Cybercrime,2,0,38,9.38,8
2026-01-19 02:00:00,Hubballi-Dharwad,Burglary,2,0,30,8.98,10
2026-01-19 03:00:00,Shivamogga,Assault,3,0,19,5.96,6
2026-01-19 03:00:00,Ballari,Cybercrime,3,0,41,5.11,8
2026-01-19 03:00:00,Belagavi,Fraud,3,0,15,2.27,2
2026-01-19 04:00:00,Hubballi-Dharwad,Burglary,4,0,6,6.55,7
2026-01-19 04:00:00,Kalaburagi,Theft,4,0,26,8.54,10
2026-01-19 07:00:00,Mysuru,Assault,7,0,24,3.77,5
2026-01-19 07:00:00,Shivamogga,Cybercrime,7,0,12,3.05,2
2026-01-19 08:00:00,Hubballi-Dharwad,Fraud,8,0,44,5.78,8
2026-01-19 08:00:00,Belagavi,Theft,8,0,23,5.5,4
2026-01-19 08:00:00,Mangaluru,Theft,8,0,40,7.15,9
2026-01-19 09:00:00,Kalaburagi,Cybercrime,9,0,28,7.97,7
2026-01-19 09:00:00,Shivamogga,Burglary,9,0,11,3.61,4
2026-01-19 09:00:00,Udupi,Fraud,9,0,3,8.73,4
2026-01-19 10:00:00,Belagavi,Burglary,10,0,12,6.32,4
2026-01-19 10:00:00,Shivamogga,Fraud,10,0,3,6.83,3
2026-01-19 11:00:00,Ballari,Fraud,11,0,4,6.36,4
2026-01-19 11:00:00,Belagavi,Fraud,11,0,14,8.59,5
2026-01-19 11:00:00,Kalaburagi,Assault,11,0,32,9.23,7
2026-01-19 11:00:00,Mangaluru,Burglary,11,0,43,4.44,8
2026-01-19 11:00:00,Mangaluru,Theft,11,0,32,3.93,6
2026-01-19 13:00:00,Bengaluru Urban,Assault,13,0,25,2.01,9
2026-01-19 13:00:00,Bengaluru Urban,Burglary,13,0,11,5.43,7
2026-01-19 14:00:00,Mysuru,Theft,14,0,8,4.19,3
2026-01-19 14:00:00,Hubballi-Dharwad,Assault,14,0,32,3.32,6
2026-01-19 14:00:00,Belagavi,Assault,14,0,20,8.97,6
2026-01-19 14:00:00,Bengaluru Urban,Theft,14,0,37,2.6,9
2026-01-19 15:00:00,Mangaluru,Burglary,15,0,24,5.9,5
2026-01-19 15:00:00,Mysuru,Fraud,15,0,36,7.11,6
2026-01-19 16:00:00,Mysuru,Theft,16,0,2,4.44,3
2026-01-19 16:00:00,Mysuru,Cybercrime,16,0,14,8.43,9
2026-01-19 16:00:00,Ballari,Fraud,16,0,28,3.48,5
2026-01-19 17:00:00,Shivamogga,Fraud,17,0,37,4.58,6
2026-01-19 17:00:00,Ballari,Assault,17,0,10,7.73,4
2026-01-19 17:00:00,Hubballi-Dharwad,Theft,17,0,17,3.68,3
2026-01-19 18:00:00,Mysuru,Assault,18,0,38,6.93,7
2026-01-19 19:00:00,Belagavi,Fraud,19,0,44,2.82,7
2026-01-19 20:00:00,Kalaburagi,Burglary,20,0,27,5.05,6
2026-01-19 20:00:00,Bengaluru Urban,Cybercrime,20,0,25,8.52,10
2026-01-19 20:00:00,Kalaburagi,Assault,20,0,43,5.54,10
2026-01-19 21:00:00,Bengaluru Urban,Assault,21,0,25,4.02,10
2026-01-19 21:00:00,Mysuru,Cybercrime,21,0,38,3.17,6
2026-01-19 22:00:00,Shivamogga,Fraud,22,0,18,4.68,5
2026-01-19 22:00:00,Mysuru,Theft,22,0,5,1.8,1
2026-01-19 22:00:00,Mangaluru,Burglary,22,0,15,4.23,3
2026-01-19 22:00:00,Hubballi-Dharwad,Theft,22,0,36,4.26,8
2026-01-19 23:00:00,Mysuru,Cybercrime,23,0,37,1.36,7
2026-01-19 23:00:00,Mangaluru,Fraud,23,0,39,6.39,7
2026-01-19 23:00:00,Davanagere,Theft,23,0,4,6.04,4
2026-01-19 23:00:00,Shivamogga,Assault,23,0,27,5.17,7
2026-01-19 23:00:00,Hubballi-Dharwad,Cybercrime,23,0,35,6.97,7
2026-01-19 23:00:00,Bengaluru Urban,Theft,23,0,34,7.72,11
2026-01-20 00:00:00,Kalaburagi,Assault,0,1,10,2.38,3
2026-01-20 00:00:00,Ballari,Fraud,0,1,24,6.97,7
2026-01-20 01:00:00,Bengaluru Urban,Fraud,1,1,36,5.97,11
2026-01-20 01:00:00,Davanagere,Theft,1,1,30,7.93,11
2026-01-20 01:00:00,Hubballi-Dharwad,Fraud,1,1,2,2.49,2
2026-01-20 02:00:00,Bengaluru Urban,Cybercrime,2,1,22,7.72,9
2026-01-20 02:00:00,Kalaburagi,Cybercrime,2,1,9,2.02,3
2026-01-20 03:00:00,Belagavi,Cybercrime,3,1,41,2.24,5
2026-01-20 03:00:00,Hubballi-Dharwad,Burglary,3,1,33,5.88,9
2026-01-20 04:00:00,Bengaluru Urban,Fraud,4,1,42,5.38,9
2026-01-20 04:00:00,Belagavi,Burglary,4,1,32,6.8,9
2026-01-20 04:00:00,Kalaburagi,Fraud,4,1,5,6.22,3
2026-01-20 04:00:00,Davanagere,Fraud,4,1,19,3.32,5
2026-01-20 07:00:00,Mysuru,Cybercrime,7,1,5,6.09,4
2026-01-20 07:00:00,Belagavi,Theft,7,1,30,7.47,7
2026-01-20 07:00:00,Hubballi-Dharwad,Fraud,7,1,21,3.41,5
2026-01-20 07:00:00,Udupi,Fraud,7,1,44,3.46,8
2026-01-20 07:00:00,Kalaburagi,Theft,7,1,36,8.63,10
2026-01-20 08:00:00,Hubballi-Dharwad,Fraud,8,1,37,5.61,8
2026-01-20 08:00:00,Shivamogga,Theft,8,1,12,8.13,4
2026-01-20 08:00:00,Shivamogga,Cybercrime,8,1,33,2.56,5
2026-01-20 08:00:00,Ballari,Burglary,8,1,22,1.93,4
2026-01-20 09:00:00,Mangaluru,Fraud,9,1,9,5.6,4
2026-01-20 09:00:00,Bengaluru Urban,Burglary,9,1,39,4.38,10
2026-01-20 11:00:00,Mysuru,Cybercrime,11,1,31,3.13,7
2026-01-20 11:00:00,Mangaluru,Burglary,11,1,14,9.0,5
2026-01-20 11:00:00,Davanagere,Cybercrime,11,1,23,6.51,8
2026-01-20 11:00:00,Davanagere,Theft,11,1,42,4.25,7
2026-01-20 12:00:00,Bengaluru Urban,Burglary,12,1,39,8.22,12
2026-01-20 12:00:00,Mangaluru,Assault,12,1,31,5.04,6
2026-01-20 13:00:00,Davanagere,Cybercrime,13,1,21,4.3,7
2026-01-20 14:00:00,Shivamogga,Fraud,14,1,34,8.92,8
2026-01-20 14:00:00,Udupi,Cybercrime,14,1,13,1.45,6
2026-01-20 15:00:00,Shivamogga,Fraud,15,1,31,3.3,5
2026-01-20 15:00:00,Kalaburagi,Cybercrime,15,1,24,8.07,9
2026-01-20 15:00:00,Shivamogga,Theft,15,1,32,1.27,5
2026-01-20 16:00:00,Kalaburagi,Fraud,16,1,15,8.99,4
2026-01-20 16:00:00,Mysuru,Assault,16,1,11,4.36,2
2026-01-20 16:00:00,Belagavi,Assault,16,1,19,3.43,4
2026-01-20 16:00:00,Bengaluru Urban,Theft,16,1,28,1.77,7
2026-01-20 17:00:00,Mangaluru,Burglary,17,1,44,3.3,7
2026-01-20 17:00:00,Ballari,Assault,17,1,32,6.47,5
2026-01-20 18:00:00,Ballari,Cybercrime,18,1,29,5.69,6
2026-01-20 18:00:00,Hubballi-Dharwad,Fraud,18,1,13,5.55,3
2026-01-20 18:00:00,Davanagere,Fraud,18,1,26,8.52,6
2026-01-20 19:00:00,Davanagere,Burglary,19,1,38,6.47,8
2026-01-20 19:00:00,Mysuru,Fraud,19,1,10,7.86,5
2026-01-20 20:00:00,Udupi,Theft,20,1,23,5.75,5
2026-01-20 20:00:00,Mangaluru,Theft,20,1,31,6.09,7
2026-01-20 21:00:00,Shivamogga,Burglary,21,1,30,3.37,6
2026-01-20 21:00:00,Kalaburagi,Assault,21,1,14,4.41,5
2026-01-20 21:00:00,Mangaluru,Theft,21,1,16,5.98,5
2026-01-20 22:00:00,Shivamogga,Assault,22,1,30,1.71,7
2026-01-20 22:00:00,Kalaburagi,Fraud,22,1,9,1.6,3
2026-01-20 22:00:00,Shivamogga,Assault,22,1,40,8.41,11
2026-01-20 23:00:00,Mysuru,Theft,23,1,43,4.8,8
2026-01-20 23:00:00,Hubballi-Dharwad,Fraud,23,1,29,3.89,6
2026-01-20 23:00:00,Hubballi-Dharwad,Fraud,23,1,13,9.34,6
2026-01-21 00:00:00,Ballari,Fraud,0,2,42,6.77,8
2026-01-21 00:00:00,Mangaluru,Cybercrime,0,2,40,6.3,7
2026-01-21 01:00:00,Mysuru,Theft,1,2,37,8.53,10
2026-01-21 02:00:00,Mangaluru,Fraud,2,2,23,8.05,5
2026-01-21 02:00:00,Ballari,Assault,2,2,40,1.62,7
2026-01-21 02:00:00,Ballari,Burglary,2,2,3,3.34,5
2026-01-21 02:00:00,Mysuru,Theft,2,2,22,1.99,7
2026-01-21 02:00:00,Ballari,Assault,2,2,20,3.49,5
2026-01-21 02:00:00,Udupi,Theft,2,2,44,2.24,10
2026-01-21 03:00:00,Ballari,Burglary,3,2,25,3.21,8
2026-01-21 04:00:00,Ballari,Assault,4,2,4,3.5,2
2026-01-21 04:00:00,Davanagere,Assault,4,2,24,8.23,5
2026-01-21 04:00:00,Udupi,Fraud,4,2,19,4.82,4
2026-01-21 05:00:00,Belagavi,Assault,5,2,7,5.53,3
2026-01-21 05:00:00,Mangaluru,Assault,5,2,11,3.61,2
2026-01-21 06:00:00,Shivamogga,Fraud,6,2,30,8.93,7
2026-01-21 07:00:00,Udupi,Fraud,7,2,26,1.8,4
2026-01-21 07:00:00,Shivamogga,Theft,7,2,28,2.67,4
2026-01-21 09:00:00,Ballari,Theft,9,2,28,8.13,9
2026-01-21 10:00:00,Bengaluru Urban,Assault,10,2,18,9.39,10
2026-01-21 10:00:00,Hubballi-Dharwad,Fraud,10,2,41,7.74,10
2026-01-21 11:00:00,Belagavi,Burglary,11,2,5,5.12,4
2026-01-21 11:00:00,Udupi,Burglary,11,2,17,3.41,4
2026-01-21 12:00:00,Ballari,Cybercrime,12,2,10,4.5,5
2026-01-21 12:00:00,Mangaluru,Burglary,12,2,24,7.54,5
2026-01-21 12:00:00,Udupi,Burglary,12,2,16,2.09,3
2026-01-21 13:00:00,Shivamogga,Assault,13,2,6,4.14,3
2026-01-21 13:00:00,Udupi,Assault,13,2,21,8.57,6
2026-01-21 14:00:00,Belagavi,Assault,14,2,38,5.33,7
2026-01-21 14:00:00,Udupi,Assault,14,2,40,3.13,7
2026-01-21 15:00:00,Belagavi,Burglary,15,2,12,6.03,3
2026-01-21 15:00:00,Shivamogga,Fraud,15,2,27,6.44,6
2026-01-21 15:00:00,Udupi,Theft,15,2,38,5.56,7
2026-01-21 16:00:00,Mangaluru,Burglary,16,2,21,3.72,5
2026-01-21 16:00:00,Udupi,Cybercrime,16,2,3,6.23,5
2026-01-21 17:00:00,Davanagere,Theft,17,2,23,8.6,7
2026-01-21 17:00:00,Mangaluru,Theft,17,2,43,3.21,7
2026-01-21 17:00:00,Shivamogga,Fraud,17,2,19,2.63,3
2026-01-21 17:00:00,Mysuru,Cybercrime,17,2,6,6.3,4
2026-01-21 17:00:00,Mangaluru,Fraud,17,2,8,1.63,3
2026-01-21 17:00:00,Mysuru,Assault,17,2,38,2.66,6
2026-01-21 18:00:00,Ballari,Fraud,18,2,6,4.34,2
2026-01-21 19:00:00,Kalaburagi,Cybercrime,19,2,42,3.98,8
2026-01-21 19:00:00,Ballari,Theft,19,2,6,8.38,5
2026-01-21 19:00:00,Davanagere,Cybercrime,19,2,34,8.17,8
2026-01-21 19:00:00,Kalaburagi,Assault,19,2,29,5.91,8
2026-01-21 20:00:00,Mysuru,Cybercrime,20,2,29,8.34,7
2026-01-21 20:00:00,Ballari,Burglary,20,2,24,3.02,5
2026-01-21 21:00:00,Hubballi-Dharwad,Fraud,21,2,4,5.29,3
2026-01-21 22:00:00,Davanagere,Cybercrime,22,2,11,1.63,1
2026-01-21 22:00:00,Davanagere,Assault,22,2,36,9.5,11
2026-01-21 22:00:00,Kalaburagi,Assault,22,2,10,7.1,7
2026-01-21 22:00:00,Belagavi,Cybercrime,22,2,3,2.05,1
2026-01-21 23:00:00,Bengaluru Urban,Burglary,23,2,26,7.5,10
2026-01-22 00:00:00,Belagavi,Cybercrime,0,3,23,4.04,5
2026-01-22 00:00:00,Kalaburagi,Burglary,0,3,28,6.31,9
2026-01-22 00:00:00,Bengaluru Urban,Cybercrime,0,3,28,5.02,9
2026-01-22 00:00:00,Bengaluru Urban,Theft,0,3,23,1.52,10
2026-01-22 00:00:00,Belagavi,Cybercrime,0,3,10,8.35,5
2026-01-22 01:00:00,Mysuru,Cybercrime,1,3,8,4.06,1
2026-01-22 01:00:00,Mangaluru,Burglary,1,3,22,3.44,7
2026-01-22 02:00:00,Ballari,Assault,2,3,8,8.3,6
2026-01-22 02:00:00,Shivamogga,Burglary,2,3,5,5.32,7
2026-01-22 02:00:00,Shivamogga,Burglary,2,3,19,3.33,7
2026-01-22 03:00:00,Belagavi,Theft,3,3,14,5.2,6
2026-01-22 03:00:00,Hubballi-Dharwad,Assault,3,3,32,6.14,7
2026-01-22 03:00:00,Belagavi,Theft,3,3,2,9.47,8
2026-01-22 04:00:00,Davanagere,Cybercrime,4,3,43,7.99,9
2026-01-22 04:00:00,Ballari,Theft,4,3,37,6.14,12
2026-01-22 04:00:00,Belagavi,Theft,4,3,37,3.8,10
2026-01-22 04:00:00,Davanagere,Theft,4,3,35,7.9,10
2026-01-22 04:00:00,Belagavi,Assault,4,3,8,4.82,3
2026-01-22 05:00:00,Udupi,Theft,5,3,17,7.4,7
2026-01-22 05:00:00,Belagavi,Assault,5,3,33,2.01,5
2026-01-22 05:00:00,Belagavi,Assault,5,3,28,1.26,5
2026-01-22 06:00:00,Shivamogga,Fraud,6,3,2,2.54,3
2026-01-22 06:00:00,Davanagere,Cybercrime,6,3,28,3.16,5
2026-01-22 06:00:00,Mysuru,Fraud,6,3,37,1.89,7
2026-01-22 06:00:00,Belagavi,Fraud,6,3,21,9.22,6
2026-01-22 07:00:00,Udupi,Cybercrime,7,3,41,8.53,7
2026-01-22 07:00:00,Ballari,Fraud,7,3,3,8.75,2
2026-01-22 07:00:00,Ballari,Fraud,7,3,4,6.56,3
2026-01-22 08:00:00,Mysuru,Theft,8,3,41,8.96,9
2026-01-22 08:00:00,Udupi,Theft,8,3,5,3.85,4
2026-01-22 09:00:00,Mangaluru,Fraud,9,3,16,9.25,6
2026-01-22 09:00:00,Udupi,Burglary,9,3,38,7.68,9
2026-01-22 09:00:00,Kalaburagi,Theft,9,3,21,5.82,5
2026-01-22 10:00:00,Ballari,Assault,10,3,29,3.92,6
2026-01-22 11:00:00,Shivamogga,Fraud,11,3,23,6.42,6
2026-01-22 11:00:00,Kalaburagi,Burglary,11,3,41,4.0,8
2026-01-22 11:00:00,Mysuru,Cybercrime,11,3,31,2.99,7
2026-01-22 11:00:00,Shivamogga,Cybercrime,11,3,14,4.61,7
2026-01-22 12:00:00,Belagavi,Fraud,12,3,37,1.75,7
2026-01-22 12:00:00,Belagavi,Assault,12,3,24,4.15,6
2026-01-22 12:00:00,Bengaluru Urban,Fraud,12,3,43,2.7,10
2026-01-22 13:00:00,Kalaburagi,Cybercrime,13,3,36,1.24,6
2026-01-22 13:00:00,Shivamogga,Fraud,13,3,29,4.55,6
2026-01-22 14:00:00,Ballari,Cybercrime,14,3,14,5.33,6
2026-01-22 14:00:00,Belagavi,Burglary,14,3,27,4.65,6
2026-01-22 14:00:00,Ballari,Fraud,14,3,43,4.84,8
2026-01-22 14:00:00,Mysuru,Cybercrime,14,3,36,9.02,9
2026-01-22 15:00:00,Kalaburagi,Burglary,15,3,22,1.35,3
2026-01-22 15:00:00,Shivamogga,Cybercrime,15,3,42,7.53,12
2026-01-22 15:00:00,Bengaluru Urban,Cybercrime,15,3,33,2.47,12
2026-01-22 16:00:00,Mysuru,Assault,16,3,39,4.82,8
2026-01-22 17:00:00,Hubballi-Dharwad,Assault,17,3,36,6.95,7
2026-01-22 17:00:00,Mangaluru,Assault,17,3,40,6.61,6
2026-01-22 17:00:00,Mysuru,Burglary,17,3,15,6.23,6
2026-01-22 17:00:00,Mangaluru,Assault,17,3,17,8.47,6
2026-01-22 18:00:00,Shivamogga,Theft,18,3,41,6.17,8
2026-01-22 18:00:00,Hubballi-Dharwad,Assault,18,3,35,5.21,7
2026-01-22 19:00:00,Shivamogga,Cybercrime,19,3,15,3.94,3
2026-01-22 19:00:00,Udupi,Assault,19,3,31,3.9,8
2026-01-22 22:00:00,Belagavi,Burglary,22,3,21,5.88,4
2026-01-22 22:00:00,Bengaluru Urban,Burglary,22,3,40,5.6,10
2026-01-22 22:00:00,Ballari,Burglary,22,3,27,3.71,5
2026-01-22 23:00:00,Hubballi-Dharwad,Cybercrime,23,3,19,4.96,5
2026-01-22 23:00:00,Udupi,Assault,23,3,2,2.16,5
2026-01-22 23:00:00,Mangaluru,Cybercrime,23,3,4,6.27,5
2026-01-23 00:00:00,Belagavi,Cybercrime,0,4,17,4.9,4
2026-01-23 00:00:00,Bengaluru Urban,Assault,0,4,15,3.56,7
2026-01-23 00:00:00,Hubballi-Dharwad,Assault,0,4,41,4.39,7
2026-01-23 01:00:00,Kalaburagi,Cybercrime,1,4,12,6.15,5
2026-01-23 01:00:00,Mysuru,Assault,1,4,4,1.24,2
2026-01-23 01:00:00,Kalaburagi,Assault,1,4,41,4.16,8
2026-01-23 02:00:00,Kalaburagi,Theft,2,4,38,6.9,9
2026-01-23 03:00:00,Udupi,Fraud,3,4,10,1.84,4
2026-01-23 04:00:00,Davanagere,Cybercrime,4,4,26,2.01,4
2026-01-23 05:00:00,Hubballi-Dharwad,Theft,5,4,25,8.86,8
2026-01-23 05:00:00,Davanagere,Assault,5,4,17,4.3,5
2026-01-23 06:00:00,Davanagere,Burglary,6,4,26,7.41,7
2026-01-23 07:00:00,Hubballi-Dharwad,Theft,7,4,11,4.46,5
2026-01-23 07:00:00,Belagavi,Fraud,7,4,19,7.93,6
2026-01-23 07:00:00,Udupi,Assault,7,4,32,5.93,7
2026-01-23 07:00:00,Ballari,Burglary,7,4,12,7.78,5
2026-01-23 08:00:00,Mangaluru,Fraud,8,4,19,5.56,5
2026-01-23 08:00:00,Davanagere,Fraud,8,4,31,2.21,6
2026-01-23 09:00:00,Kalaburagi,Fraud,9,4,44,6.54,8
2026-01-23 09:00:00,Hubballi-Dharwad,Theft,9,4,24,3.16,6
2026-01-23 11:00:00,Bengaluru Urban,Fraud,11,4,38,9.15,12
2026-01-23 11:00:00,Shivamogga,Cybercrime,11,4,31,4.98,10
2026-01-23 11:00:00,Ballari,Fraud,11,4,14,7.74,5
2026-01-23 11:00:00,Udupi,Cybercrime,11,4,38,4.48,10
2026-01-23 11:00:00,Kalaburagi,Fraud,11,4,23,5.15,5
2026-01-23 11:00:00,Belagavi,Theft,11,4,37,9.39,9
2026-01-23 12:00:00,Mangaluru,Burglary,12,4,29,5.6,6
2026-01-23 12:00:00,Ballari,Fraud,12,4,23,7.4,6
2026-01-23 12:00:00,Hubballi-Dharwad,Fraud,12,4,43,7.28,9
2026-01-23 13:00:00,Kalaburagi,Cybercrime,13,4,43,8.61,12
2026-01-23 14:00:00,Udupi,Cybercrime,14,4,20,5.21,8
2026-01-23 15:00:00,Davanagere,Theft,15,4,17,2.53,2
2026-01-23 16:00:00,Ballari,Cybercrime,16,4,27,3.54,7
2026-01-23 16:00:00,Davanagere,Fraud,16,4,7,1.43,2
2026-01-23 17:00:00,Mangaluru,Burglary,17,4,16,9.45,6
2026-01-23 18:00:00,Davanagere,Burglary,18,4,8,6.91,5
2026-01-23 18:00:00,Shivamogga,Fraud,18,4,40,3.81,8
2026-01-23 19:00:00,Hubballi-Dharwad,Assault,19,4,43,8.15,10
2026-01-23 19:00:00,Davanagere,Assault,19,4,16,1.9,5
2026-01-23 19:00:00,Davanagere,Cybercrime,19,4,16,1.35,3
2026-01-23 19:00:00,Kalaburagi,Assault,19,4,6,2.37,5
2026-01-23 22:00:00,Davanagere,Theft,22,4,2,4.01,3
2026-01-23 23:00:00,Davanagere,Cybercrime,23,4,42,4.7,8
2026-01-23 23:00:00,Mysuru,Cybercrime,23,4,26,7.73,7
2026-01-24 00:00:00,Mysuru,Burglary,0,5,9,9.06,9
2026-01-24 01:00:00,Kalaburagi,Fraud,1,5,3,7.2,4
2026-01-24 01:00:00,Udupi,Burglary,1,5,29,7.58,10
2026-01-24 01:00:00,Davanagere,Cybercrime,1,5,30,8.86,9
2026-01-24 02:00:00,Bengaluru Urban,Burglary,2,5,30,8.84,13
2026-01-24 02:00:00,Belagavi,Cybercrime,2,5,11,8.37,4
2026-01-24 02:00:00,Shivamogga,Theft,2,5,10,2.86,6
2026-01-24 02:00:00,Kalaburagi,Fraud,2,5,27,4.95,4
2026-01-24 03:00:00,Udupi,Burglary,3,5,18,8.73,9
2026-01-24 03:00:00,Belagavi,Theft,3,5,36,6.39,10
2026-01-24 03:00:00,Davanagere,Theft,3,5,8,5.06,4
2026-01-24 04:00:00,Bengaluru Urban,Assault,4,5,40,3.05,8
2026-01-24 04:00:00,Udupi,Theft,4,5,42,4.84,10
2026-01-24 04:00:00,Shivamogga,Theft,4,5,32,8.05,10
2026-01-24 05:00:00,Mysuru,Burglary,5,5,38,1.68,9
2026-01-24 05:00:00,Belagavi,Assault,5,5,30,2.27,5
2026-01-24 06:00:00,Hubballi-Dharwad,Cybercrime,6,5,12,7.71,6
2026-01-24 06:00:00,Udupi,Fraud,6,5,15,6.25,4
2026-01-24 07:00:00,Kalaburagi,Cybercrime,7,5,12,6.82,5
2026-01-24 07:00:00,Belagavi,Cybercrime,7,5,10,5.74,5
2026-01-24 07:00:00,Davanagere,Burglary,7,5,10,8.33,5
2026-01-24 07:00:00,Belagavi,Cybercrime,7,5,36,1.41,7
2026-01-24 07:00:00,Hubballi-Dharwad,Burglary,7,5,34,2.72,6
2026-01-24 08:00:00,Kalaburagi,Theft,8,5,18,4.36,5
2026-01-24 08:00:00,Shivamogga,Fraud,8,5,7,8.28,5
2026-01-24 08:00:00,Bengaluru Urban,Theft,8,5,29,8.49,9
2026-01-24 08:00:00,Ballari,Cybercrime,8,5,36,2.08,6
2026-01-24 08:00:00,Mangaluru,Cybercrime,8,5,18,3.73,4
2026-01-24 08:00:00,Hubballi-Dharwad,Cybercrime,8,5,24,9.22,6
2026-01-24 09:00:00,Shivamogga,Cybercrime,9,5,11,8.84,5
2026-01-24 09:00:00,Mangaluru,Cybercrime,9,5,43,4.8,7
2026-01-24 09:00:00,Bengaluru Urban,Assault,9,5,9,5.28,7
2026-01-24 09:00:00,Ballari,Theft,9,5,20,2.93,5
2026-01-24 10:00:00,Ballari,Cybercrime,10,5,43,7.03,10
2026-01-24 10:00:00,Mysuru,Fraud,10,5,18,3.57,4
2026-01-24 10:00:00,Bengaluru Urban,Burglary,10,5,34,2.19,8
2026-01-24 11:00:00,Mysuru,Cybercrime,11,5,5,5.54,6
2026-01-24 12:00:00,Bengaluru Urban,Burglary,12,5,6,8.18,5
2026-01-24 13:00:00,Udupi,Assault,13,5,31,2.6,7
2026-01-24 13:00:00,Kalaburagi,Fraud,13,5,18,6.2,6
2026-01-24 14:00:00,Udupi,Assault,14,5,22,1.63,4
2026-01-24 14:00:00,Mysuru,Assault,14,5,38,7.58,8
2026-01-24 15:00:00,Davanagere,Fraud,15,5,2,8.87,4
2026-01-24 15:00:00,Mysuru,Theft,15,5,30,9.02,8
2026-01-24 16:00:00,Mangaluru,Cybercrime,16,5,17,4.8,8
2026-01-24 17:00:00,Shivamogga,Cybercrime,17,5,34,4.01,7
2026-01-24 17:00:00,Shivamogga,Fraud,17,5,19,9.07,6
2026-01-24 17:00:00,Mangaluru,Assault,17,5,27,3.18,6
2026-01-24 18:00:00,Belagavi,Assault,18,5,26,6.92,9
2026-01-24 18:00:00,Hubballi-Dharwad,Cybercrime,18,5,13,4.46,3
2026-01-24 19:00:00,Ballari,Burglary,19,5,14,7.7,5
2026-01-24 19:00:00,Udupi,Theft,19,5,2,6.24,4
2026-01-24 19:00:00,Mangaluru,Burglary,19,5,32,2.22,4
2026-01-24 19:00:00,Kalaburagi,Fraud,19,5,24,4.4,6
2026-01-24 20:00:00,Mysuru,Burglary,20,5,44,1.76,7
2026-01-24 20:00:00,Bengaluru Urban,Theft,20,5,6,3.35,5
2026-01-24 21:00:00,Hubballi-Dharwad,Burglary,21,5,21,5.05,6
2026-01-24 21:00:00,Belagavi,Cybercrime,21,5,9,5.22,3
2026-01-24 22:00:00,Davanagere,Cybercrime,22,5,6,7.31,4
2026-01-24 22:00:00,Mysuru,Assault,22,5,40,2.13,7
2026-01-24 22:00:00,Udupi,Theft,22,5,27,8.83,6
2026-01-24 23:00:00,Kalaburagi,Assault,23,5,16,1.68,4
2026-01-24 23:00:00,Hubballi-Dharwad,Fraud,23,5,43,6.61,7
2026-01-25 00:00:00,Hubballi-Dharwad,Cybercrime,0,6,30,4.45,7
2026-01-25 00:00:00,Ballari,Assault,0,6,31,7.26,8
2026-01-25 00:00:00,Davanagere,Theft,0,6,29,9.09,10
2026-01-25 01:00:00,Mysuru,Cybercrime,1,6,10,7.41,4
2026-01-25 01:00:00,Shivamogga,Fraud,1,6,42,6.83,8
2026-01-25 02:00:00,Udupi,Burglary,2,6,31,6.97,9
2026-01-25 02:00:00,Davanagere,Fraud,2,6,30,4.89,7
2026-01-25 03:00:00,Mysuru,Cybercrime,3,6,6,1.26,2
2026-01-25 03:00:00,Mangaluru,Cybercrime,3,6,12,1.68,3
2026-01-25 04:00:00,Bengaluru Urban,Theft,4,6,35,5.51,11
2026-01-25 04:00:00,Kalaburagi,Burglary,4,6,39,1.46,10
2026-01-25 06:00:00,Ballari,Assault,6,6,22,1.28,3
2026-01-25 06:00:00,Ballari,Cybercrime,6,6,31,6.93,6
2026-01-25 06:00:00,Bengaluru Urban,Theft,6,6,21,6.07,10
2026-01-25 06:00:00,Ballari,Cybercrime,6,6,8,2.78,3
2026-01-25 07:00:00,Shivamogga,Cybercrime,7,6,32,7.13,8
2026-01-25 07:00:00,Hubballi-Dharwad,Assault,7,6,11,6.04,3
2026-01-25 08:00:00,Mysuru,Theft,8,6,17,9.47,4
2026-01-25 08:00:00,Kalaburagi,Fraud,8,6,19,9.38,6
2026-01-25 08:00:00,Davanagere,Burglary,8,6,41,3.34,8
2026-01-25 09:00:00,Mangaluru,Cybercrime,9,6,35,5.95,8
2026-01-25 10:00:00,Davanagere,Cybercrime,10,6,38,7.59,11
2026-01-25 10:00:00,Davanagere,Theft,10,6,37,7.85,8
2026-01-25 12:00:00,Bengaluru Urban,Theft,12,6,2,6.78,7
2026-01-25 12:00:00,Kalaburagi,Cybercrime,12,6,33,1.9,9
2026-01-25 13:00:00,Mysuru,Theft,13,6,3,2.72,2
2026-01-25 13:00:00,Shivamogga,Theft,13,6,24,2.36,5
2026-01-25 14:00:00,Kalaburagi,Cybercrime,14,6,25,7.51,10
2026-01-25 14:00:00,Udupi,Assault,14,6,18,8.27,7
2026-01-25 15:00:00,Davanagere,Cybercrime,15,6,11,4.07,7
2026-01-25 15:00:00,Mangaluru,Fraud,15,6,22,7.04,7
2026-01-25 15:00:00,Davanagere,Fraud,15,6,42,4.47,9
2026-01-25 15:00:00,Shivamogga,Burglary,15,6,40,2.73,6
2026-01-25 16:00:00,Udupi,Assault,16,6,15,4.23,3
2026-01-25 16:00:00,Kalaburagi,Cybercrime,16,6,28,3.14,9
2026-01-25 16:00:00,Hubballi-Dharwad,Fraud,16,6,23,3.17,5
2026-01-25 16:00:00,Mangaluru,Fraud,16,6,17,3.56,5
2026-01-25 16:00:00,Udupi,Burglary,16,6,22,5.86,7
2026-01-25 17:00:00,Mysuru,Theft,17,6,40,8.57,8
2026-01-25 17:00:00,Mangaluru,Burglary,17,6,18,4.34,4
2026-01-25 17:00:00,Bengaluru Urban,Fraud,17,6,33,4.94,11
2026-01-25 18:00:00,Davanagere,Assault,18,6,43,4.62,8
2026-01-25 18:00:00,Bengaluru Urban,Assault,18,6,4,9.43,9
2026-01-25 18:00:00,Kalaburagi,Assault,18,6,14,5.78,4
2026-01-25 18:00:00,Belagavi,Cybercrime,18,6,6,6.16,5
2026-01-25 19:00:00,Hubballi-Dharwad,Cybercrime,19,6,28,4.37,5
2026-01-25 20:00:00,Mysuru,Fraud,20,6,7,7.75,4
2026-01-25 21:00:00,Ballari,Theft,21,6,28,6.46,6
2026-01-25 21:00:00,Ballari,Theft,21,6,34,8.71,8
2026-01-25 21:00:00,Belagavi,Cybercrime,21,6,33,1.22,6
2026-01-25 21:00:00,Davanagere,Fraud,21,6,9,8.02,4
2026-01-25 22:00:00,Belagavi,Cybercrime,22,6,42,5.55,8
2026-01-25 23:00:00,Davanagere,Theft,23,6,33,5.73,7
2026-01-25 23:00:00,Udupi,Fraud,23,6,5,7.11,3
2026-01-25 23:00:00,Mysuru,Assault,23,6,6,5.62,6
2026-01-26 00:00:00,Mysuru,Assault,0,0,33,2.38,6
2026-01-26 00:00:00,Davanagere,Assault,0,0,27,3.28,7
2026-01-26 00:00:00,Hubballi-Dharwad,Burglary,0,0,17,8.13,9
2026-01-26 01:00:00,Ballari,Burglary,1,0,14,4.1,6
2026-01-26 01:00:00,Bengaluru Urban,Theft,1,0,4,2.5,7
2026-01-26 01:00:00,Ballari,Assault,1,0,6,9.36,5
2026-01-26 02:00:00,Ballari,Fraud,2,0,15,1.87,2
2026-01-26 02:00:00,Udupi,Fraud,2,0,42,6.03,9
2026-01-26 02:00:00,Udupi,Theft,2,0,26,7.95,10
2026-01-26 03:00:00,Kalaburagi,Assault,3,0,10,6.27,5
2026-01-26 03:00:00,Ballari,Theft,3,0,10,6.94,6
2026-01-26 03:00:00,Ballari,Fraud,3,0,37,3.25,6
2026-01-26 03:00:00,Hubballi-Dharwad,Theft,3,0,16,8.45,8
2026-01-26 04:00:00,Davanagere,Fraud,4,0,24,2.28,4
2026-01-26 04:00:00,Davanagere,Cybercrime,4,0,11,6.03,4
2026-01-26 05:00:00,Hubballi-Dharwad,Burglary,5,0,2,8.03,7
2026-01-26 05:00:00,Belagavi,Assault,5,0,5,8.44,5
2026-01-26 05:00:00,Hubballi-Dharwad,Fraud,5,0,20,3.59,5
2026-01-26 06:00:00,Mangaluru,Assault,6,0,24,4.54,6
2026-01-26 07:00:00,Hubballi-Dharwad,Assault,7,0,11,4.53,3
2026-01-26 07:00:00,Ballari,Theft,7,0,36,5.85,8
2026-01-26 07:00:00,Shivamogga,Assault,7,0,37,3.43,6
2026-01-26 07:00:00,Bengaluru Urban,Theft,7,0,42,4.67,11
2026-01-26 08:00:00,Mangaluru,Assault,8,0,16,6.61,4
2026-01-26 08:00:00,Davanagere,Fraud,8,0,3,6.31,2
2026-01-26 08:00:00,Bengaluru Urban,Fraud,8,0,30,7.29,9
2026-01-26 08:00:00,Mysuru,Assault,8,0,22,8.24,6
2026-01-26 08:00:00,Udupi,Fraud,8,0,18,6.2,5
2026-01-26 08:00:00,Davanagere,Burglary,8,0,7,6.98,4
2026-01-26 09:00:00,Ballari,Burglary,9,0,22,3.45,6
2026-01-26 09:00:00,Bengaluru Urban,Fraud,9,0,40,6.38,12
2026-01-26 10:00:00,Davanagere,Assault,10,0,20,3.23,4
2026-01-26 10:00:00,Bengaluru Urban,Assault,10,0,4,3.93,7
2026-01-26 10:00:00,Mangaluru,Burglary,10,0,8,2.81,2
2026-01-26 10:00:00,Bengaluru Urban,Cybercrime,10,0,25,9.21,12
2026-01-26 11:00:00,Belagavi,Theft,11,0,32,5.47,6
2026-01-26 11:00:00,Mangaluru,Cybercrime,11,0,30,4.16,9
2026-01-26 12:00:00,Kalaburagi,Fraud,12,0,41,6.56,7
2026-01-26 12:00:00,Mangaluru,Fraud,12,0,24,8.3,6
2026-01-26 12:00:00,Mysuru,Burglary,12,0,26,2.09,4
2026-01-26 13:00:00,Bengaluru Urban,Cybercrime,13,0,9,1.33,8
2026-01-26 13:00:00,Mysuru,Theft,13,0,28,3.19,7
2026-01-26 14:00:00,Mysuru,Cybercrime,14,0,36,6.36,10
2026-01-26 15:00:00,Belagavi,Cybercrime,15,0,7,4.07,6
2026-01-26 15:00:00,Udupi,Theft,15,0,5,5.31,4
2026-01-26 17:00:00,Bengaluru Urban,Burglary,17,0,8,7.65,7
2026-01-26 17:00:00,Mysuru,Cybercrime,17,0,13,5.69,4
2026-01-26 17:00:00,Davanagere,Fraud,17,0,12,1.35,1
2026-01-26 17:00:00,Mysuru,Theft,17,0,16,2.7,1
2026-01-26 18:00:00,Mysuru,Burglary,18,0,7,4.21,2
2026-01-26 19:00:00,Ballari,Theft,19,0,43,9.23,9
2026-01-26 19:00:00,Belagavi,Assault,19,0,36,5.63,9
2026-01-26 19:00:00,Hubballi-Dharwad,Fraud,19,0,35,7.0,8
2026-01-26 19:00:00,Udupi,Fraud,19,0,17,4.22,4
2026-01-26 19:00:00,Ballari,Assault,19,0,26,2.7,7
2026-01-26 20:00:00,Kalaburagi,Cybercrime,20,0,13,2.26,2
2026-01-26 20:00:00,Udupi,Theft,20,0,25,2.46,6
2026-01-26 20:00:00,Kalaburagi,Cybercrime,20,0,8,4.07,3
2026-01-26 21:00:00,Hubballi-Dharwad,Theft,21,0,37,3.1,5
2026-01-26 22:00:00,Bengaluru Urban,Burglary,22,0,36,1.65,10
2026-01-26 22:00:00,Bengaluru Urban,Cybercrime,22,0,30,4.72,9
2026-01-26 23:00:00,Davanagere,Assault,23,0,16,8.63,7
2026-01-26 23:00:00,Davanagere,Burglary,23,0,3,9.47,5
2026-01-27 00:00:00,Bengaluru Urban,Assault,0,1,2,7.59,5
2026-01-27 01:00:00,Belagavi,Burglary,1,1,20,7.7,8
2026-01-27 01:00:00,Mysuru,Theft,1,1,5,8.18,5
2026-01-27 02:00:00,Mysuru,Cybercrime,2,1,41,6.96,8
2026-01-27 03:00:00,Ballari,Cybercrime,3,1,44,5.96,7
2026-01-27 03:00:00,Davanagere,Cybercrime,3,1,41,8.97,9
2026-01-27 04:00:00,Davanagere,Assault,4,1,33,8.51,8
2026-01-27 04:00:00,Bengaluru Urban,Fraud,4,1,44,3.01,10
2026-01-27 05:00:00,Bengaluru Urban,Theft,5,1,12,6.32,10
2026-01-27 05:00:00,Shivamogga,Cybercrime,5,1,16,9.47,8
2026-01-27 06:00:00,Shivamogga,Cybercrime,6,1,42,5.88,8
2026-01-27 06:00:00,Davanagere,Burglary,6,1,10,4.67,3
2026-01-27 07:00:00,Hubballi-Dharwad,Assault,7,1,27,3.66,6
2026-01-27 07:00:00,Davanagere,Fraud,7,1,31,5.54,7
2026-01-27 07:00:00,Shivamogga,Cybercrime,7,1,33,4.88,6
2026-01-27 07:00:00,Kalaburagi,Cybercrime,7,1,4,1.79,2
2026-01-27 08:00:00,Ballari,Fraud,8,1,43,7.5,7
2026-01-27 09:00:00,Mangaluru,Assault,9,1,33,4.05,6
2026-01-27 09:00:00,Mysuru,Burglary,9,1,20,5.05,5
2026-01-27 10:00:00,Davanagere,Assault,10,1,43,2.05,7
2026-01-27 10:00:00,Udupi,Fraud,10,1,15,2.9,5
2026-01-27 10:00:00,Davanagere,Cybercrime,10,1,22,9.29,9
2026-01-27 10:00:00,Mangaluru,Burglary,10,1,27,5.36,6
2026-01-27 11:00:00,Kalaburagi,Theft,11,1,38,3.47,6
2026-01-27 12:00:00,Ballari,Burglary,12,1,9,8.38,5
2026-01-27 12:00:00,Shivamogga,Theft,12,1,15,8.61,6
2026-01-27 12:00:00,Mysuru,Assault,12,1,37,7.11,8
2026-01-27 12:00:00,Davanagere,Theft,12,1,22,4.69,5
2026-01-27 13:00:00,Davanagere,Assault,13,1,22,3.98,5
2026-01-27 13:00:00,Shivamogga,Fraud,13,1,33,5.09,6
2026-01-27 13:00:00,Shivamogga,Theft,13,1,14,2.67,3
2026-01-27 14:00:00,Mangaluru,Burglary,14,1,26,6.97,6
2026-01-27 14:00:00,Mangaluru,Burglary,14,1,43,3.54,7
2026-01-27 14:00:00,Kalaburagi,Assault,14,1,7,5.94,5
2026-01-27 14:00:00,Belagavi,Burglary,14,1,9,3.83,3
2026-01-27 15:00:00,Shivamogga,Burglary,15,1,30,3.08,6
2026-01-27 17:00:00,Shivamogga,Theft,17,1,28,2.01,5
2026-01-27 17:00:00,Bengaluru Urban,Fraud,17,1,4,2.34,6
2026-01-27 17:00:00,Shivamogga,Burglary,17,1,32,6.73,5
2026-01-27 17:00:00,Davanagere,Assault,17,1,44,6.28,10
2026-01-27 17:00:00,Kalaburagi,Theft,17,1,39,7.28,7
2026-01-27 18:00:00,Udupi,Theft,18,1,44,3.33,8
2026-01-27 18:00:00,Bengaluru Urban,Fraud,18,1,24,2.79,8
2026-01-27 19:00:00,Davanagere,Assault,19,1,2,9.43,7
2026-01-27 19:00:00,Belagavi,Assault,19,1,29,1.42,6
2026-01-27 20:00:00,Mysuru,Cybercrime,20,1,25,9.37,8
2026-01-27 20:00:00,Hubballi-Dharwad,Burglary,20,1,28,2.09,4
2026-01-27 20:00:00,Belagavi,Fraud,20,1,40,4.12,8
2026-01-27 20:00:00,Davanagere,Burglary,20,1,17,3.88,4
2026-01-27 21:00:00,Belagavi,Fraud,21,1,38,1.61,4
2026-01-27 22:00:00,Kalaburagi,Burglary,22,1,2,5.98,3
2026-01-27 22:00:00,Mysuru,Fraud,22,1,19,6.69,5
2026-01-27 22:00:00,Davanagere,Theft,22,1,40,2.23,7
2026-01-27 22:00:00,Shivamogga,Burglary,22,1,2,9.48,4
2026-01-27 22:00:00,Shivamogga,Burglary,22,1,41,7.39,7
2026-01-27 22:00:00,Belagavi,Theft,22,1,40,1.31,6
2026-01-27 23:00:00,Kalaburagi,Theft,23,1,34,8.55,7
2026-01-27 23:00:00,Udupi,Cybercrime,23,1,28,1.9,4
2026-01-28 00:00:00,Belagavi,Burglary,0,2,33,2.61,9
2026-01-28 01:00:00,Mysuru,Theft,1,2,17,2.33,6
2026-01-28 01:00:00,Belagavi,Fraud,1,2,3,1.93,3
2026-01-28 01:00:00,Bengaluru Urban,Theft,1,2,27,1.95,11
2026-01-28 01:00:00,Davanagere,Burglary,1,2,19,6.75,8
2026-01-28 01:00:00,Ballari,Cybercrime,1,2,27,5.58,6
2026-01-28 02:00:00,Belagavi,Burglary,2,2,38,3.11,10
2026-01-28 02:00:00,Belagavi,Burglary,2,2,36,3.16,10
2026-01-28 03:00:00,Ballari,Cybercrime,3,2,14,6.03,5
2026-01-28 04:00:00,Udupi,Burglary,4,2,38,3.96,10
2026-01-28 05:00:00,Davanagere,Fraud,5,2,20,6.91,5
2026-01-28 06:00:00,Shivamogga,Burglary,6,2,33,3.67,5
2026-01-28 06:00:00,Bengaluru Urban,Fraud,6,2,34,2.74,11
2026-01-28 06:00:00,Kalaburagi,Burglary,6,2,4,7.2,4
2026-01-28 06:00:00,Belagavi,Assault,6,2,44,7.73,10
2026-01-28 06:00:00,Shivamogga,Assault,6,2,25,4.73,5
2026-01-28 06:00:00,Kalaburagi,Assault,6,2,32,9.08,7
2026-01-28 06:00:00,Shivamogga,Fraud,6,2,31,4.84,6
2026-01-28 08:00:00,Mangaluru,Burglary,8,2,9,2.07,3
2026-01-28 08:00:00,Hubballi-Dharwad,Burglary,8,2,6,4.52,3
2026-01-28 08:00:00,Mangaluru,Theft,8,2,5,6.16,3
2026-01-28 08:00:00,Ballari,Burglary,8,2,3,7.12,4
2026-01-28 09:00:00,Udupi,Assault,9,2,20,3.83,3
2026-01-28 09:00:00,Davanagere,Assault,9,2,27,3.41,6
2026-01-28 10:00:00,Mangaluru,Burglary,10,2,28,7.32,6
2026-01-28 10:00:00,Belagavi,Assault,10,2,15,5.69,6
2026-01-28 10:00:00,Bengaluru Urban,Assault,10,2,37,5.17,9
2026-01-28 11:00:00,Davanagere,Burglary,11,2,28,2.36,6
2026-01-28 11:00:00,Bengaluru Urban,Cybercrime,11,2,36,8.86,13
2026-01-28 11:00:00,Shivamogga,Fraud,11,2,28,1.76,3
2026-01-28 12:00:00,Hubballi-Dharwad,Theft,12,2,5,6.34,4
2026-01-28 12:00:00,Hubballi-Dharwad,Burglary,12,2,27,8.17,8
2026-01-28 13:00:00,Belagavi,Cybercrime,13,2,11,3.42,6
2026-01-28 13:00:00,Mysuru,Theft,13,2,14,9.24,5
2026-01-28 13:00:00,Belagavi,Burglary,13,2,29,7.97,7
2026-01-28 13:00:00,Belagavi,Theft,13,2,4,1.88,2
2026-01-28 14:00:00,Mangaluru,Assault,14,2,17,2.01,3
2026-01-28 14:00:00,Kalaburagi,Fraud,14,2,27,4.48,4
2026-01-28 14:00:00,Ballari,Burglary,14,2,44,6.72,9
2026-01-28 15:00:00,Mysuru,Burglary,15,2,32,6.07,7
2026-01-28 15:00:00,Hubballi-Dharwad,Assault,15,2,42,3.61,8
2026-01-28 15:00:00,Hubballi-Dharwad,Assault,15,2,10,6.24,4
2026-01-28 16:00:00,Davanagere,Fraud,16,2,17,7.9,6
2026-01-28 16:00:00,Davanagere,Cybercrime,16,2,13,7.19,7
2026-01-28 16:00:00,Shivamogga,Fraud,16,2,17,3.76,3
2026-01-28 16:00:00,Udupi,Fraud,16,2,29,4.77,6
2026-01-28 17:00:00,Shivamogga,Theft,17,2,13,3.9,4
2026-01-28 17:00:00,Mangaluru,Fraud,17,2,20,6.91,5
2026-01-28 18:00:00,Ballari,Fraud,18,2,30,5.47,7
2026-01-28 19:00:00,Mangaluru,Assault,19,2,18,3.5,7
2026-01-28 20:00:00,Shivamogga,Fraud,20,2,17,7.21,5
2026-01-28 20:00:00,Mangaluru,Assault,20,2,10,9.06,8
2026-01-28 20:00:00,Udupi,Fraud,20,2,19,5.43,6
2026-01-28 20:00:00,Kalaburagi,Assault,20,2,40,4.92,9
2026-01-28 21:00:00,Udupi,Fraud,21,2,18,4.74,5
2026-01-28 21:00:00,Davanagere,Cybercrime,21,2,3,5.93,4
2026-01-28 22:00:00,Bengaluru Urban,Burglary,22,2,37,7.21,11
2026-01-28 22:00:00,Mangaluru,Cybercrime,22,2,26,6.32,6
2026-01-29 01:00:00,Kalaburagi,Assault,1,3,5,3.19,3
2026-01-29 01:00:00,Hubballi-Dharwad,Burglary,1,3,41,9.43,11
2026-01-29 02:00:00,Belagavi,Assault,2,3,35,5.4,6
2026-01-29 02:00:00,Mysuru,Fraud,2,3,31,5.44,6
2026-01-29 03:00:00,Mysuru,Assault,3,3,21,6.33,4
2026-01-29 03:00:00,Mangaluru,Assault,3,3,9,7.32,5
2026-01-29 04:00:00,Ballari,Fraud,4,3,37,3.91,8
2026-01-29 04:00:00,Belagavi,Fraud,4,3,41,6.91,7
2026-01-29 04:00:00,Belagavi,Burglary,4,3,26,7.4,10
2026-01-29 05:00:00,Ballari,Cybercrime,5,3,2,6.74,1
2026-01-29 06:00:00,Davanagere,Assault,6,3,43,9.2,9
2026-01-29 06:00:00,Bengaluru Urban,Fraud,6,3,19,8.4,10
2026-01-29 07:00:00,Kalaburagi,Fraud,7,3,4,5.89,2
2026-01-29 08:00:00,Shivamogga,Assault,8,3,9,5.69,4
2026-01-29 08:00:00,Bengaluru Urban,Burglary,8,3,12,4.72,6
2026-01-29 09:00:00,Belagavi,Burglary,9,3,24,2.97,5
2026-01-29 10:00:00,Hubballi-Dharwad,Cybercrime,10,3,8,9.34,7
2026-01-29 10:00:00,Bengaluru Urban,Cybercrime,10,3,25,3.9,12
2026-01-29 10:00:00,Davanagere,Fraud,10,3,12,8.34,5
2026-01-29 10:00:00,Belagavi,Theft,10,3,4,8.31,5
2026-01-29 11:00:00,Shivamogga,Burglary,11,3,2,6.58,3
2026-01-29 11:00:00,Ballari,Theft,11,3,39,9.12,9
2026-01-29 12:00:00,Shivamogga,Cybercrime,12,3,7,1.46,4
2026-01-29 12:00:00,Davanagere,Burglary,12,3,3,2.34,2
2026-01-29 12:00:00,Ballari,Assault,12,3,36,2.68,6
2026-01-29 13:00:00,Mangaluru,Assault,13,3,11,8.17,6
2026-01-29 14:00:00,Kalaburagi,Cybercrime,14,3,2,7.68,7
2026-01-29 15:00:00,Belagavi,Assault,15,3,9,8.43,5
2026-01-29 15:00:00,Shivamogga,Cybercrime,15,3,6,6.34,5
2026-01-29 15:00:00,Hubballi-Dharwad,Assault,15,3,44,4.02,8
2026-01-29 16:00:00,Hubballi-Dharwad,Cybercrime,16,3,34,8.7,10
2026-01-29 16:00:00,Mangaluru,Burglary,16,3,33,9.09,6
2026-01-29 17:00:00,Mysuru,Assault,17,3,32,9.44,7
2026-01-29 17:00:00,Kalaburagi,Assault,17,3,42,5.81,8
2026-01-29 17:00:00,Bengaluru Urban,Assault,17,3,8,1.92,6
2026-01-29 17:00:00,Kalaburagi,Fraud,17,3,6,7.61,4
2026-01-29 17:00:00,Ballari,Cybercrime,17,3,12,6.11,4
2026-01-29 17:00:00,Ballari,Assault,17,3,15,7.14,4
2026-01-29 18:00:00,Shivamogga,Theft,18,3,10,2.91,3
2026-01-29 19:00:00,Kalaburagi,Fraud,19,3,11,3.53,3
2026-01-29 19:00:00,Kalaburagi,Theft,19,3,23,2.56,5
2026-01-29 19:00:00,Kalaburagi,Fraud,19,3,20,2.89,3
2026-01-29 20:00:00,Shivamogga,Cybercrime,20,3,12,7.52,5
2026-01-29 20:00:00,Kalaburagi,Fraud,20,3,2,3.88,2
2026-01-29 21:00:00,Bengaluru Urban,Burglary,21,3,31,6.09,10
2026-01-29 21:00:00,Udupi,Fraud,21,3,5,4.0,2
2026-01-29 21:00:00,Udupi,Theft,21,3,13,2.61,2
2026-01-29 21:00:00,Mysuru,Theft,21,3,22,8.27,6
2026-01-29 22:00:00,Belagavi,Burglary,22,3,14,9.46,6
2026-01-29 22:00:00,Mysuru,Burglary,22,3,35,2.48,6
2026-01-29 23:00:00,Davanagere,Assault,23,3,20,2.87,7
2026-01-30 00:00:00,Hubballi-Dharwad,Burglary,0,4,32,2.63,8
2026-01-30 01:00:00,Mangaluru,Burglary,1,4,14,2.88,7
2026-01-30 01:00:00,Mangaluru,Cybercrime,1,4,39,4.99,8
2026-01-30 01:00:00,Mysuru,Theft,1,4,37,1.23,8
2026-01-30 01:00:00,Mysuru,Assault,1,4,12,4.97,3
2026-01-30 01:00:00,Bengaluru Urban,Assault,1,4,25,7.08,9
2026-01-30 02:00:00,Mangaluru,Burglary,2,4,38,8.16,10
2026-01-30 02:00:00,Kalaburagi,Cybercrime,2,4,42,6.7,8
2026-01-30 02:00:00,Davanagere,Burglary,2,4,27,5.52,9
2026-01-30 02:00:00,Kalaburagi,Assault,2,4,10,4.49,4
2026-01-30 03:00:00,Udupi,Fraud,3,4,41,7.32,8
2026-01-30 03:00:00,Davanagere,Burglary,3,4,7,8.86,8
2026-01-30 03:00:00,Ballari,Fraud,3,4,43,7.37,8
2026-01-30 04:00:00,Ballari,Cybercrime,4,4,40,6.31,8
2026-01-30 05:00:00,Belagavi,Theft,5,4,5,4.39,6
2026-01-30 05:00:00,Shivamogga,Assault,5,4,17,8.89,5
2026-01-30 06:00:00,Kalaburagi,Burglary,6,4,23,3.92,6
2026-01-30 07:00:00,Mysuru,Cybercrime,7,4,9,8.41,5
2026-01-30 07:00:00,Bengaluru Urban,Assault,7,4,43,8.01,12
2026-01-30 07:00:00,Kalaburagi,Fraud,7,4,15,2.25,3
2026-01-30 08:00:00,Mangaluru,Burglary,8,4,12,4.64,5
2026-01-30 09:00:00,Mysuru,Burglary,9,4,39,4.89,7
2026-01-30 09:00:00,Mysuru,Cybercrime,9,4,28,6.9,6
2026-01-30 09:00:00,Kalaburagi,Fraud,9,4,40,7.69,7
2026-01-30 09:00:00,Davanagere,Theft,9,4,11,5.85,5
2026-01-30 09:00:00,Udupi,Fraud,9,4,8,8.16,4
2026-01-30 10:00:00,Mysuru,Cybercrime,10,4,39,6.58,11
2026-01-30 10:00:00,Kalaburagi,Assault,10,4,24,1.61,6
2026-01-30 11:00:00,Davanagere,Burglary,11,4,15,7.46,5
2026-01-30 13:00:00,Ballari,Assault,13,4,10,5.22,4
2026-01-30 13:00:00,Shivamogga,Burglary,13,4,6,6.34,3
2026-01-30 14:00:00,Davanagere,Theft,14,4,36,2.31,7
2026-01-30 14:00:00,Davanagere,Cybercrime,14,4,27,3.91,9
2026-01-30 15:00:00,Hubballi-Dharwad,Cybercrime,15,4,18,3.79,6
2026-01-30 16:00:00,Ballari,Theft,16,4,35,1.81,6
2026-01-30 17:00:00,Udupi,Fraud,17,4,8,2.21,2
2026-01-30 18:00:00,Shivamogga,Burglary,18,4,4,8.03,4
2026-01-30 18:00:00,Hubballi-Dharwad,Burglary,18,4,22,5.18,5
2026-01-30 18:00:00,Ballari,Theft,18,4,3,8.37,3
2026-01-30 18:00:00,Ballari,Assault,18,4,35,3.19,7
2026-01-30 18:00:00,Shivamogga,Burglary,18,4,22,8.87,6
2026-01-30 18:00:00,Udupi,Cybercrime,18,4,17,5.49,5
2026-01-30 19:00:00,Bengaluru Urban,Cybercrime,19,4,22,5.22,9
2026-01-30 20:00:00,Kalaburagi,Fraud,20,4,22,4.61,6
2026-01-30 20:00:00,Ballari,Cybercrime,20,4,4,4.5,2
2026-01-30 20:00:00,Mangaluru,Burglary,20,4,9,3.81,4
2026-01-30 21:00:00,Bengaluru Urban,Assault,21,4,19,4.65,11
2026-01-30 21:00:00,Belagavi,Burglary,21,4,29,4.4,6
2026-01-30 22:00:00,Mangaluru,Fraud,22,4,9,1.74,2
2026-01-30 22:00:00,Davanagere,Cybercrime,22,4,19,4.07,6
2026-01-30 23:00:00,Mangaluru,Fraud,23,4,39,9.25,8
2026-01-30 23:00:00,Udupi,Theft,23,4,21,7.1,6
2026-01-30 23:00:00,Kalaburagi,Cybercrime,23,4,33,9.22,7
2026-01-30 23:00:00,Bengaluru Urban,Assault,23,4,38,4.1,11
2026-01-31 00:00:00,Shivamogga,Assault,0,5,15,2.21,2
2026-01-31 00:00:00,Mangaluru,Burglary,0,5,3,7.99,7
2026-01-31 00:00:00,Davanagere,Fraud,0,5,41,4.88,8
2026-01-31 01:00:00,Ballari,Assault,1,5,43,8.49,8
2026-01-31 01:00:00,Ballari,Cybercrime,1,5,26,9.25,6
2026-01-31 02:00:00,Shivamogga,Assault,2,5,28,8.18,7
2026-01-31 02:00:00,Belagavi,Fraud,2,5,15,3.02,5
2026-01-31 03:00:00,Udupi,Assault,3,5,15,7.39,5
2026-01-31 03:00:00,Ballari,Fraud,3,5,37,1.54,8
2026-01-31 03:00:00,Hubballi-Dharwad,Cybercrime,3,5,44,1.48,8
2026-01-31 04:00:00,Bengaluru Urban,Assault,4,5,27,4.55,8
2026-01-31 04:00:00,Ballari,Cybercrime,4,5,22,2.33,5
2026-01-31 04:00:00,Mysuru,Theft,4,5,13,9.04,8
2026-01-31 05:00:00,Udupi,Burglary,5,5,3,1.67,5
2026-01-31 06:00:00,Davanagere,Theft,6,5,2,6.38,3
2026-01-31 06:00:00,Mysuru,Theft,6,5,26,6.47,6
2026-01-31 06:00:00,Bengaluru Urban,Theft,6,5,36,6.16,11
2026-01-31 08:00:00,Bengaluru Urban,Assault,8,5,10,3.66,8
2026-01-31 08:00:00,Bengaluru Urban,Cybercrime,8,5,31,5.19,10
2026-01-31 08:00:00,Ballari,Theft,8,5,17,7.22,6
2026-01-31 09:00:00,Bengaluru Urban,Burglary,9,5,35,3.94,10
2026-01-31 09:00:00,Shivamogga,Assault,9,5,30,7.29,8
2026-01-31 09:00:00,Udupi,Cybercrime,9,5,40,6.88,8
2026-01-31 09:00:00,Kalaburagi,Burglary,9,5,13,5.49,5
2026-01-31 10:00:00,Shivamogga,Cybercrime,10,5,33,4.64,10
2026-01-31 10:00:00,Hubballi-Dharwad,Cybercrime,10,5,13,1.73,6
2026-01-31 10:00:00,Shivamogga,Theft,10,5,8,5.18,3
2026-01-31 10:00:00,Hubballi-Dharwad,Assault,10,5,43,6.82,8
2026-01-31 11:00:00,Shivamogga,Theft,11,5,40,9.25,7
2026-01-31 11:00:00,Bengaluru Urban,Cybercrime,11,5,42,6.48,14
2026-01-31 12:00:00,Davanagere,Theft,12,5,23,7.89,7
2026-01-31 12:00:00,Davanagere,Fraud,12,5,13,6.75,4
2026-01-31 12:00:00,Davanagere,Theft,12,5,37,6.68,9
2026-01-31 13:00:00,Davanagere,Cybercrime,13,5,23,8.41,8
2026-01-31 13:00:00,Davanagere,Assault,13,5,12,7.79,4
2026-01-31 13:00:00,Bengaluru Urban,Fraud,13,5,21,2.62,6
2026-01-31 14:00:00,Davanagere,Fraud,14,5,22,1.99,4
2026-01-31 14:00:00,Davanagere,Cybercrime,14,5,21,4.47,7
2026-01-31 14:00:00,Mangaluru,Assault,14,5,37,2.54,6
2026-01-31 14:00:00,Ballari,Cybercrime,14,5,16,7.45,8
2026-01-31 15:00:00,Mangaluru,Theft,15,5,39,4.99,10
2026-01-31 15:00:00,Ballari,Theft,15,5,21,3.83,5
2026-01-31 16:00:00,Davanagere,Assault,16,5,26,9.2,7
2026-01-31 16:00:00,Belagavi,Theft,16,5,4,7.83,5
2026-01-31 16:00:00,Udupi,Cybercrime,16,5,40,6.57,8
2026-01-31 17:00:00,Belagavi,Burglary,17,5,26,6.14,5
2026-01-31 17:00:00,Udupi,Assault,17,5,20,4.8,4
2026-01-31 17:00:00,Kalaburagi,Theft,17,5,37,9.43,7
2026-01-31 18:00:00,Davanagere,Cybercrime,18,5,16,6.09,5
2026-01-31 19:00:00,Shivamogga,Theft,19,5,36,8.4,10
2026-01-31 20:00:00,Shivamogga,Theft,20,5,14,2.12,3
2026-01-31 20:00:00,Mangaluru,Cybercrime,20,5,36,8.87,9
2026-01-31 21:00:00,Belagavi,Fraud,21,5,15,2.96,4
2026-01-31 21:00:00,Davanagere,Burglary,21,5,26,5.81,7
2026-01-31 21:00:00,Belagavi,Fraud,21,5,15,8.21,5
2026-01-31 21:00:00,Ballari,Cybercrime,21,5,43,2.71,7
2026-01-31 22:00:00,Mangaluru,Burglary,22,5,31,7.74,7
2026-01-31 23:00:00,Bengaluru Urban,Burglary,23,5,43,6.71,12
2026-02-01 01:00:00,Hubballi-Dharwad,Burglary,1,6,2,8.5,7
2026-02-01 02:00:00,Bengaluru Urban,Theft,2,6,8,2.98,8
2026-02-01 02:00:00,Kalaburagi,Theft,2,6,19,4.61,9
2026-02-01 02:00:00,Mangaluru,Fraud,2,6,20,8.13,6
2026-02-01 03:00:00,Mysuru,Theft,3,6,8,3.82,5
2026-02-01 04:00:00,Shivamogga,Cybercrime,4,6,20,2.58,5
2026-02-01 04:00:00,Mangaluru,Assault,4,6,38,2.56,6
2026-02-01 05:00:00,Kalaburagi,Assault,5,6,37,9.31,8
2026-02-01 05:00:00,Ballari,Fraud,5,6,19,4.5,5
2026-02-01 05:00:00,Kalaburagi,Theft,5,6,9,8.89,8
2026-02-01 05:00:00,Ballari,Theft,5,6,13,7.56,7
2026-02-01 05:00:00,Mangaluru,Burglary,5,6,42,3.9,11
2026-02-01 06:00:00,Mysuru,Assault,6,6,16,2.65,4
2026-02-01 06:00:00,Belagavi,Assault,6,6,23,5.04,6
2026-02-01 06:00:00,Udupi,Cybercrime,6,6,9,1.79,1
2026-02-01 07:00:00,Belagavi,Cybercrime,7,6,21,8.68,5
2026-02-01 07:00:00,Shivamogga,Fraud,7,6,15,8.22,5
2026-02-01 07:00:00,Ballari,Fraud,7,6,18,7.73,5
2026-02-01 08:00:00,Shivamogga,Burglary,8,6,32,5.44,8
2026-02-01 08:00:00,Davanagere,Assault,8,6,19,8.56,7
2026-02-01 08:00:00,Shivamogga,Cybercrime,8,6,12,5.52,6
2026-02-01 09:00:00,Mangaluru,Fraud,9,6,13,8.72,5
2026-02-01 10:00:00,Udupi,Theft,10,6,2,2.83,4
2026-02-01 10:00:00,Udupi,Cybercrime,10,6,37,9.41,12
2026-02-01 10:00:00,Hubballi-Dharwad,Fraud,10,6,30,4.67,6
2026-02-01 12:00:00,Bengaluru Urban,Fraud,12,6,32,1.9,10
2026-02-01 12:00:00,Shivamogga,Assault,12,6,19,5.15,5
2026-02-01 13:00:00,Kalaburagi,Fraud,13,6,13,9.35,5
2026-02-01 13:00:00,Shivamogga,Cybercrime,13,6,40,4.38,12
2026-02-01 14:00:00,Shivamogga,Theft,14,6,43,2.38,6
2026-02-01 15:00:00,Hubballi-Dharwad,Burglary,15,6,6,9.22,4
2026-02-01 15:00:00,Udupi,Assault,15,6,26,2.31,5
2026-02-01 15:00:00,Kalaburagi,Fraud,15,6,40,4.72,7
2026-02-01 16:00:00,Shivamogga,Theft,16,6,33,6.55,6
2026-02-01 16:00:00,Ballari,Fraud,16,6,37,9.08,8
2026-02-01 17:00:00,Shivamogga,Fraud,17,6,13,5.44,5
2026-02-01 17:00:00,Davanagere,Assault,17,6,2,7.69,3
2026-02-01 17:00:00,Hubballi-Dharwad,Theft,17,6,23,3.85,5
2026-02-01 18:00:00,Mangaluru,Theft,18,6,38,4.71,7
2026-02-01 18:00:00,Mangaluru,Theft,18,6,28,7.36,7
2026-02-01 18:00:00,Mangaluru,Burglary,18,6,30,3.44,5
2026-02-01 19:00:00,Bengaluru Urban,Fraud,19,6,2,7.46,5
2026-02-01 19:00:00,Davanagere,Assault,19,6,27,4.75,8
2026-02-01 20:00:00,Kalaburagi,Assault,20,6,43,2.14,8
2026-02-01 21:00:00,Hubballi-Dharwad,Fraud,21,6,21,2.75,6
2026-02-01 22:00:00,Kalaburagi,Assault,22,6,11,8.07,7
2026-02-01 22:00:00,Hubballi-Dharwad,Burglary,22,6,31,9.32,9
2026-02-01 23:00:00,Ballari,Assault,23,6,26,7.45,7
2026-02-01 23:00:00,Mysuru,Assault,23,6,21,8.22,6
2026-02-01 23:00:00,Hubballi-Dharwad,Assault,23,6,29,5.2,8
2026-02-01 23:00:00,Kalaburagi,Cybercrime,23,6,16,2.21,3
2026-02-01 23:00:00,Hubballi-Dharwad,Theft,23,6,35,3.69,5
2026-02-02 00:00:00,Belagavi,Fraud,0,0,8,7.08,3
2026-02-02 00:00:00,Hubballi-Dharwad,Theft,0,0,20,6.52,9
2026-02-02 00:00:00,Kalaburagi,Assault,0,0,13,2.18,3
2026-02-02 00:00:00,Ballari,Assault,0,0,44,1.81,6
2026-02-02 00:00:00,Mysuru,Assault,0,0,28,2.34,5
2026-02-02 01:00:00,Udupi,Fraud,1,0,15,4.07,5
2026-02-02 02:00:00,Mysuru,Fraud,2,0,3,9.28,3
2026-02-02 02:00:00,Mysuru,Burglary,2,0,2,5.78,7
2026-02-02 03:00:00,Hubballi-Dharwad,Theft,3,0,24,2.48,8
2026-02-02 03:00:00,Ballari,Burglary,3,0,40,1.55,9
2026-02-02 03:00:00,Udupi,Theft,3,0,29,7.33,10
2026-02-02 03:00:00,Mysuru,Fraud,3,0,34,4.12,5
2026-02-02 03:00:00,Mangaluru,Burglary,3,0,4,6.61,6
2026-02-02 05:00:00,Bengaluru Urban,Theft,5,0,30,5.78,12
2026-02-02 05:00:00,Shivamogga,Assault,5,0,24,6.1,5
2026-02-02 06:00:00,Mangaluru,Assault,6,0,23,9.5,6
2026-02-02 06:00:00,Udupi,Theft,6,0,33,5.65,7
2026-02-02 06:00:00,Mangaluru,Theft,6,0,24,9.03,6
2026-02-02 07:00:00,Belagavi,Theft,7,0,21,8.49,6
2026-02-02 07:00:00,Mangaluru,Theft,7,0,16,8.58,6
2026-02-02 07:00:00,Shivamogga,Theft,7,0,28,3.45,5
2026-02-02 07:00:00,Mangaluru,Theft,7,0,16,8.1,4
2026-02-02 08:00:00,Bengaluru Urban,Burglary,8,0,5,6.04,6
2026-02-02 08:00:00,Udupi,Burglary,8,0,2,4.26,3
2026-02-02 10:00:00,Mangaluru,Theft,10,0,22,4.86,4
2026-02-02 10:00:00,Hubballi-Dharwad,Fraud,10,0,40,8.51,7
2026-02-02 11:00:00,Mysuru,Theft,11,0,31,7.61,7
2026-02-02 11:00:00,Ballari,Assault,11,0,14,6.78,6
2026-02-02 12:00:00,Bengaluru Urban,Cybercrime,12,0,38,6.6,12
2026-02-02 12:00:00,Belagavi,Cybercrime,12,0,12,5.04,8
2026-02-02 13:00:00,Bengaluru Urban,Assault,13,0,6,7.67,7
2026-02-02 13:00:00,Ballari,Fraud,13,0,6,4.49,3
2026-02-02 13:00:00,Shivamogga,Fraud,13,0,28,7.21,7
2026-02-02 14:00:00,Ballari,Fraud,14,0,35,3.66,6
2026-02-02 15:00:00,Bengaluru Urban,Assault,15,0,38,8.58,12
2026-02-02 15:00:00,Udupi,Fraud,15,0,27,7.27,6
2026-02-02 16:00:00,Davanagere,Cybercrime,16,0,27,6.35,9
2026-02-02 17:00:00,Davanagere,Assault,17,0,24,2.62,4
2026-02-02 17:00:00,Davanagere,Assault,17,0,17,1.3,4
2026-02-02 17:00:00,Davanagere,Theft,17,0,30,3.59,6
2026-02-02 18:00:00,Kalaburagi,Burglary,18,0,4,7.9,4
2026-02-02 18:00:00,Hubballi-Dharwad,Burglary,18,0,6,5.81,4
2026-02-02 19:00:00,Udupi,Theft,19,0,44,7.71,8
2026-02-02 19:00:00,Ballari,Theft,19,0,32,1.83,4
2026-02-02 19:00:00,Belagavi,Fraud,19,0,43,8.49,9
2026-02-02 20:00:00,Hubballi-Dharwad,Assault,20,0,23,7.63,9
2026-02-02 21:00:00,Ballari,Burglary,21,0,2,6.72,2
2026-02-02 21:00:00,Bengaluru Urban,Burglary,21,0,22,9.34,8
2026-02-02 21:00:00,Udupi,Cybercrime,21,0,13,1.37,2
2026-02-02 21:00:00,Davanagere,Burglary,21,0,20,5.01,5
2026-02-02 21:00:00,Udupi,Cybercrime,21,0,2,2.28,3
2026-02-02 21:00:00,Mangaluru,Theft,21,0,32,7.16,7
2026-02-02 22:00:00,Mangaluru,Assault,22,0,35,4.68,9
2026-02-02 23:00:00,Udupi,Burglary,23,0,35,8.39,7
2026-02-02 23:00:00,Belagavi,Theft,23,0,22,7.73,7
2026-02-03 00:00:00,Ballari,Fraud,0,1,28,3.75,6
2026-02-03 00:00:00,Ballari,Burglary,0,1,19,8.37,9
2026-02-03 00:00:00,Ballari,Burglary,0,1,28,4.94,8
2026-02-03 00:00:00,Davanagere,Theft,0,1,32,6.43,9
2026-02-03 00:00:00,Hubballi-Dharwad,Cybercrime,0,1,14,3.31,4
2026-02-03 01:00:00,Bengaluru Urban,Assault,1,1,3,5.49,7
2026-02-03 01:00:00,Mangaluru,Fraud,1,1,42,3.35,7
2026-02-03 01:00:00,Mysuru,Cybercrime,1,1,22,9.48,7
2026-02-03 02:00:00,Udupi,Assault,2,1,41,8.4,8
2026-02-03 02:00:00,Shivamogga,Cybercrime,2,1,19,4.09,4
2026-02-03 02:00:00,Belagavi,Theft,2,1,31,4.89,8
2026-02-03 02:00:00,Hubballi-Dharwad,Burglary,2,1,36,8.5,11
2026-02-03 03:00:00,Udupi,Theft,3,1,22,4.82,7
2026-02-03 03:00:00,Kalaburagi,Assault,3,1,3,2.32,1
2026-02-03 03:00:00,Shivamogga,Assault,3,1,12,7.72,3
2026-02-03 04:00:00,Mangaluru,Assault,4,1,14,4.32,4
2026-02-03 05:00:00,Davanagere,Fraud,5,1,38,6.63,7
2026-02-03 05:00:00,Mangaluru,Burglary,5,1,26,1.95,7
2026-02-03 05:00:00,Ballari,Cybercrime,5,1,37,6.15,7
2026-02-03 05:00:00,Mysuru,Assault,5,1,21,1.74,5
2026-02-03 06:00:00,Kalaburagi,Assault,6,1,18,1.66,4
2026-02-03 06:00:00,Hubballi-Dharwad,Fraud,6,1,17,2.56,4
2026-02-03 06:00:00,Bengaluru Urban,Fraud,6,1,37,9.13,10
2026-02-03 06:00:00,Udupi,Assault,6,1,26,9.27,8
2026-02-03 07:00:00,Shivamogga,Cybercrime,7,1,19,9.37,7
2026-02-03 07:00:00,Belagavi,Assault,7,1,6,2.04,2
2026-02-03 07:00:00,Ballari,Fraud,7,1,28,5.84,5
2026-02-03 07:00:00,Belagavi,Cybercrime,7,1,30,6.65,6
2026-02-03 07:00:00,Udupi,Burglary,7,1,17,1.27,3
2026-02-03 07:00:00,Mangaluru,Burglary,7,1,16,2.78,4
2026-02-03 08:00:00,Ballari,Assault,8,1,15,1.54,4
2026-02-03 08:00:00,Hubballi-Dharwad,Cybercrime,8,1,21,3.54,3
2026-02-03 09:00:00,Udupi,Fraud,9,1,10,6.59,4
2026-02-03 09:00:00,Belagavi,Assault,9,1,36,1.39,5
2026-02-03 09:00:00,Bengaluru Urban,Fraud,9,1,27,2.72,8
2026-02-03 09:00:00,Udupi,Theft,9,1,23,7.5,5
2026-02-03 10:00:00,Udupi,Burglary,10,1,29,9.32,8
2026-02-03 10:00:00,Kalaburagi,Cybercrime,10,1,13,5.39,6
2026-02-03 11:00:00,Shivamogga,Fraud,11,1,23,7.49,7
2026-02-03 11:00:00,Davanagere,Assault,11,1,40,9.29,9
2026-02-03 11:00:00,Davanagere,Theft,11,1,11,6.14,4
2026-02-03 11:00:00,Ballari,Theft,11,1,8,4.79,4
2026-02-03 11:00:00,Kalaburagi,Burglary,11,1,44,4.51,8
2026-02-03 12:00:00,Hubballi-Dharwad,Burglary,12,1,41,3.48,6
2026-02-03 12:00:00,Udupi,Assault,12,1,18,5.1,4
2026-02-03 13:00:00,Shivamogga,Assault,13,1,3,2.86,1
2026-02-03 13:00:00,Bengaluru Urban,Assault,13,1,34,5.56,10
2026-02-03 13:00:00,Udupi,Cybercrime,13,1,32,8.3,8
2026-02-03 14:00:00,Kalaburagi,Theft,14,1,31,9.36,9
2026-02-03 14:00:00,Belagavi,Burglary,14,1,17,5.39,5
2026-02-03 14:00:00,Ballari,Cybercrime,14,1,40,9.49,10
2026-02-03 15:00:00,Mysuru,Fraud,15,1,18,4.8,4
2026-02-03 15:00:00,Mangaluru,Assault,15,1,43,3.38,7
2026-02-03 15:00:00,Udupi,Cybercrime,15,1,27,4.44,8
2026-02-03 16:00:00,Udupi,Fraud,16,1,17,7.19,4
2026-02-03 16:00:00,Ballari,Assault,16,1,43,9.38,10
2026-02-03 17:00:00,Udupi,Theft,17,1,33,7.7,8
2026-02-03 18:00:00,Udupi,Theft,18,1,14,6.21,3
2026-02-03 18:00:00,Hubballi-Dharwad,Fraud,18,1,21,1.4,4
2026-02-03 19:00:00,Ballari,Burglary,19,1,24,3.79,4
2026-02-03 19:00:00,Belagavi,Fraud,19,1,16,8.84,6
2026-02-03 19:00:00,Ballari,Burglary,19,1,12,3.68,4
2026-02-03 20:00:00,Kalaburagi,Theft,20,1,15,7.04,4
2026-02-03 20:00:00,Bengaluru Urban,Burglary,20,1,36,5.1,10
2026-02-03 21:00:00,Udupi,Fraud,21,1,30,1.51,5
2026-02-03 21:00:00,Shivamogga,Theft,21,1,29,4.04,5
2026-02-03 22:00:00,Kalaburagi,Cybercrime,22,1,38,7.78,8
2026-02-03 22:00:00,Shivamogga,Assault,22,1,13,8.77,7
2026-02-03 22:00:00,Bengaluru Urban,Assault,22,1,35,2.87,12
2026-02-03 23:00:00,Mangaluru,Fraud,23,1,14,8.12,6
2026-02-03 23:00:00,Ballari,Fraud,23,1,3,9.31,6
2026-02-03 23:00:00,Ballari,Burglary,23,1,12,4.72,4
2026-02-03 23:00:00,Hubballi-Dharwad,Assault,23,1,18,3.48,5
2026-02-03 23:00:00,Shivamogga,Cybercrime,23,1,14,5.45,4
2026-02-03 23:00:00,Kalaburagi,Burglary,23,1,42,3.0,7
2026-02-04 00:00:00,Belagavi,Theft,0,2,24,3.46,6
2026-02-04 00:00:00,Kalaburagi,Fraud,0,2,2,1.35,4
2026-02-04 00:00:00,Mangaluru,Burglary,0,2,30,2.34,7
2026-02-04 01:00:00,Shivamogga,Cybercrime,1,2,14,7.44,6
2026-02-04 02:00:00,Belagavi,Fraud,2,2,20,6.29,5
2026-02-04 03:00:00,Davanagere,Burglary,3,2,17,7.12,7
2026-02-04 03:00:00,Mangaluru,Cybercrime,3,2,18,4.44,4
2026-02-04 04:00:00,Belagavi,Fraud,4,2,22,8.28,6
2026-02-04 05:00:00,Davanagere,Burglary,5,2,28,2.12,7
2026-02-04 05:00:00,Kalaburagi,Fraud,5,2,22,5.11,6
2026-02-04 05:00:00,Ballari,Fraud,5,2,30,3.64,5
2026-02-04 05:00:00,Ballari,Cybercrime,5,2,6,4.16,3
2026-02-04 05:00:00,Davanagere,Burglary,5,2,36,6.19,12
2026-02-04 06:00:00,Hubballi-Dharwad,Cybercrime,6,2,2,8.87,4
2026-02-04 06:00:00,Mangaluru,Theft,6,2,14,4.82,6
2026-02-04 06:00:00,Mysuru,Cybercrime,6,2,8,7.31,5
2026-02-04 06:00:00,Udupi,Cybercrime,6,2,15,5.6,4
2026-02-04 07:00:00,Belagavi,Assault,7,2,18,4.4,4
2026-02-04 07:00:00,Udupi,Burglary,7,2,10,4.66,3
2026-02-04 08:00:00,Shivamogga,Theft,8,2,4,8.06,4
2026-02-04 09:00:00,Ballari,Fraud,9,2,9,1.36,2
2026-02-04 09:00:00,Udupi,Assault,9,2,8,5.21,4
2026-02-04 09:00:00,Belagavi,Theft,9,2,14,8.29,5
2026-02-04 09:00:00,Belagavi,Cybercrime,9,2,12,8.48,6
2026-02-04 10:00:00,Shivamogga,Assault,10,2,21,7.03,6
2026-02-04 10:00:00,Mysuru,Fraud,10,2,34,3.61,5
2026-02-04 10:00:00,Udupi,Assault,10,2,10,4.02,3
2026-02-04 11:00:00,Kalaburagi,Fraud,11,2,22,3.62,5
2026-02-04 11:00:00,Davanagere,Burglary,11,2,41,8.69,8
2026-02-04 11:00:00,Belagavi,Burglary,11,2,42,2.99,7
2026-02-04 11:00:00,Davanagere,Theft,11,2,34,1.45,5
2026-02-04 11:00:00,Bengaluru Urban,Assault,11,2,4,5.11,4
2026-02-04 11:00:00,Mysuru,Burglary,11,2,39,8.76,9
2026-02-04 13:00:00,Hubballi-Dharwad,Assault,13,2,41,4.12,9
2026-02-04 14:00:00,Shivamogga,Cybercrime,14,2,18,7.45,8
2026-02-04 14:00:00,Bengaluru Urban,Assault,14,2,28,9.39,11
2026-02-04 15:00:00,Davanagere,Fraud,15,2,31,9.38,7
2026-02-04 15:00:00,Davanagere,Burglary,15,2,17,8.81,5
2026-02-04 16:00:00,Mangaluru,Assault,16,2,27,2.41,4
2026-02-04 16:00:00,Shivamogga,Fraud,16,2,10,1.81,4
2026-02-04 18:00:00,Hubballi-Dharwad,Theft,18,2,38,5.52,8
2026-02-04 18:00:00,Mysuru,Theft,18,2,27,6.34,5
2026-02-04 18:00:00,Kalaburagi,Theft,18,2,24,1.37,5
2026-02-04 19:00:00,Shivamogga,Burglary,19,2,31,6.98,5
2026-02-04 19:00:00,Kalaburagi,Cybercrime,19,2,25,2.29,4
2026-02-04 19:00:00,Udupi,Assault,19,2,22,6.14,6
2026-02-04 20:00:00,Hubballi-Dharwad,Theft,20,2,17,9.25,6
2026-02-04 20:00:00,Udupi,Theft,20,2,19,5.25,6
2026-02-04 20:00:00,Davanagere,Fraud,20,2,3,3.37,2
2026-02-04 21:00:00,Belagavi,Fraud,21,2,23,3.65,4
2026-02-04 22:00:00,Shivamogga,Assault,22,2,29,2.1,7
2026-02-04 22:00:00,Bengaluru Urban,Theft,22,2,15,2.75,6
2026-02-05 00:00:00,Mangaluru,Burglary,0,3,7,1.87,5
2026-02-05 00:00:00,Kalaburagi,Burglary,0,3,30,1.35,8
2026-02-05 00:00:00,Udupi,Assault,0,3,21,6.34,4
2026-02-05 01:00:00,Ballari,Burglary,1,3,38,4.8,10
2026-02-05 01:00:00,Bengaluru Urban,Assault,1,3,35,9.13,10
2026-02-05 01:00:00,Davanagere,Fraud,1,3,44,5.35,8
2026-02-05 01:00:00,Bengaluru Urban,Cybercrime,1,3,25,1.21,7
2026-02-05 01:00:00,Shivamogga,Cybercrime,1,3,30,9.08,7
2026-02-05 01:00:00,Belagavi,Assault,1,3,2,5.62,3
2026-02-05 02:00:00,Mangaluru,Burglary,2,3,24,7.72,10
2026-02-05 03:00:00,Udupi,Assault,3,3,41,8.95,8
2026-02-05 03:00:00,Kalaburagi,Fraud,3,3,38,4.74,7
2026-02-05 03:00:00,Belagavi,Burglary,3,3,7,5.87,6
2026-02-05 03:00:00,Hubballi-Dharwad,Cybercrime,3,3,16,3.2,4
2026-02-05 04:00:00,Ballari,Cybercrime,4,3,21,6.05,6
2026-02-05 05:00:00,Ballari,Theft,5,3,36,1.66,8
2026-02-05 05:00:00,Shivamogga,Assault,5,3,34,8.25,8
2026-02-05 06:00:00,Bengaluru Urban,Assault,6,3,24,2.25,8
2026-02-05 07:00:00,Ballari,Cybercrime,7,3,7,3.57,4
2026-02-05 07:00:00,Bengaluru Urban,Fraud,7,3,18,3.49,8
2026-02-05 07:00:00,Udupi,Fraud,7,3,42,7.32,6
2026-02-05 08:00:00,Hubballi-Dharwad,Cybercrime,8,3,11,3.87,4
2026-02-05 08:00:00,Udupi,Assault,8,3,32,9.46,8
2026-02-05 08:00:00,Belagavi,Cybercrime,8,3,35,4.26,7
2026-02-05 09:00:00,Mysuru,Fraud,9,3,12,3.79,3
2026-02-05 10:00:00,Davanagere,Assault,10,3,10,4.31,5
2026-02-05 10:00:00,Davanagere,Burglary,10,3,23,4.35,5
2026-02-05 11:00:00,Belagavi,Cybercrime,11,3,36,8.09,10
2026-02-05 11:00:00,Belagavi,Fraud,11,3,44,4.43,8
2026-02-05 12:00:00,Shivamogga,Burglary,12,3,4,5.07,2
2026-02-05 13:00:00,Shivamogga,Fraud,13,3,9,1.74,3
2026-02-05 14:00:00,Davanagere,Assault,14,3,12,7.57,4
2026-02-05 15:00:00,Ballari,Fraud,15,3,23,2.67,4
2026-02-05 17:00:00,Shivamogga,Assault,17,3,27,9.34,7
2026-02-05 18:00:00,Davanagere,Assault,18,3,5,8.61,5
2026-02-05 18:00:00,Bengaluru Urban,Burglary,18,3,37,7.92,11
2026-02-05 19:00:00,Mysuru,Burglary,19,3,26,8.59,7
2026-02-05 19:00:00,Kalaburagi,Burglary,19,3,31,4.99,5
2026-02-05 20:00:00,Mysuru,Assault,20,3,34,8.95,10
2026-02-05 20:00:00,Ballari,Fraud,20,3,22,2.49,5
2026-02-05 21:00:00,Belagavi,Burglary,21,3,36,5.31,7
2026-02-05 23:00:00,Belagavi,Theft,23,3,34,7.55,6
2026-02-06 00:00:00,Udupi,Fraud,0,4,2,9.42,5
2026-02-06 00:00:00,Davanagere,Fraud,0,4,30,7.4,7
2026-02-06 01:00:00,Shivamogga,Fraud,1,4,23,8.66,6
2026-02-06 01:00:00,Kalaburagi,Cybercrime,1,4,2,7.74,4
2026-02-06 02:00:00,Hubballi-Dharwad,Assault,2,4,40,3.0,6
2026-02-06 03:00:00,Bengaluru Urban,Fraud,3,4,28,3.78,8
2026-02-06 04:00:00,Davanagere,Theft,4,4,35,3.8,8
2026-02-06 05:00:00,Belagavi,Fraud,5,4,23,3.51,5
2026-02-06 05:00:00,Mangaluru,Cybercrime,5,4,27,1.32,5
2026-02-06 06:00:00,Udupi,Burglary,6,4,14,8.79,6
2026-02-06 07:00:00,Mangaluru,Burglary,7,4,22,7.24,5
2026-02-06 07:00:00,Mangaluru,Cybercrime,7,4,8,2.3,3
2026-02-06 07:00:00,Udupi,Theft,7,4,8,6.82,5
2026-02-06 07:00:00,Hubballi-Dharwad,Burglary,7,4,9,7.02,4
2026-02-06 07:00:00,Hubballi-Dharwad,Theft,7,4,26,4.26,4
2026-02-06 07:00:00,Shivamogga,Fraud,7,4,38,1.91,6
2026-02-06 07:00:00,Mangaluru,Burglary,7,4,4,3.51,2
2026-02-06 09:00:00,Davanagere,Theft,9,4,31,4.98,6
2026-02-06 09:00:00,Mangaluru,Fraud,9,4,36,8.31,8
2026-02-06 09:00:00,Ballari,Fraud,9,4,40,2.14,6
2026-02-06 09:00:00,Mangaluru,Cybercrime,9,4,22,7.88,6
2026-02-06 10:00:00,Ballari,Fraud,10,4,35,5.4,7
2026-02-06 10:00:00,Shivamogga,Cybercrime,10,4,36,3.14,9
2026-02-06 11:00:00,Davanagere,Burglary,11,4,7,7.59,3
2026-02-06 12:00:00,Mangaluru,Burglary,12,4,2,2.53,2
2026-02-06 12:00:00,Shivamogga,Fraud,12,4,6,4.89,3
2026-02-06 13:00:00,Udupi,Burglary,13,4,33,2.54,6
2026-02-06 13:00:00,Ballari,Fraud,13,4,36,2.7,5
2026-02-06 13:00:00,Mangaluru,Theft,13,4,22,4.63,6
2026-02-06 13:00:00,Udupi,Assault,13,4,30,3.21,6
2026-02-06 14:00:00,Davanagere,Assault,14,4,35,7.94,9
2026-02-06 14:00:00,Mangaluru,Cybercrime,14,4,6,8.35,6
2026-02-06 16:00:00,Kalaburagi,Fraud,16,4,31,1.53,5
2026-02-06 17:00:00,Bengaluru Urban,Theft,17,4,28,3.58,9
2026-02-06 18:00:00,Bengaluru Urban,Burglary,18,4,40,6.18,10
2026-02-06 18:00:00,Kalaburagi,Burglary,18,4,34,5.43,6
2026-02-06 18:00:00,Davanagere,Fraud,18,4,9,3.28,3
2026-02-06 19:00:00,Shivamogga,Theft,19,4,2,5.97,2
2026-02-06 19:00:00,Belagavi,Cybercrime,19,4,18,1.81,6
2026-02-06 20:00:00,Hubballi-Dharwad,Fraud,20,4,11,1.59,3
2026-02-06 20:00:00,Davanagere,Assault,20,4,2,7.95,7
2026-02-06 20:00:00,Mangaluru,Assault,20,4,15,7.42,6
2026-02-06 21:00:00,Kalaburagi,Assault,21,4,14,1.49,5
2026-02-06 21:00:00,Udupi,Burglary,21,4,28,2.06,5
2026-02-06 21:00:00,Bengaluru Urban,Cybercrime,21,4,10,2.77,6
2026-02-06 21:00:00,Bengaluru Urban,Cybercrime,21,4,19,8.43,9
2026-02-06 21:00:00,Mysuru,Burglary,21,4,21,2.51,4
2026-02-06 21:00:00,Shivamogga,Cybercrime,21,4,16,1.79,5
2026-02-06 22:00:00,Hubballi-Dharwad,Burglary,22,4,43,9.16,9
2026-02-06 22:00:00,Kalaburagi,Cybercrime,22,4,10,9.13,6
2026-02-06 22:00:00,Hubballi-Dharwad,Assault,22,4,8,6.49,5
2026-02-06 23:00:00,Davanagere,Fraud,23,4,35,1.8,6
2026-02-07 00:00:00,Mysuru,Cybercrime,0,5,8,8.5,3
2026-02-07 00:00:00,Mangaluru,Assault,0,5,17,4.93,4
2026-02-07 00:00:00,Shivamogga,Theft,0,5,10,9.01,9
2026-02-07 00:00:00,Davanagere,Theft,0,5,44,3.44,10
2026-02-07 00:00:00,Mangaluru,Burglary,0,5,3,3.32,5
2026-02-07 01:00:00,Hubballi-Dharwad,Burglary,1,5,2,3.73,6
2026-02-07 01:00:00,Mysuru,Assault,1,5,37,3.33,6
2026-02-07 01:00:00,Mangaluru,Cybercrime,1,5,18,7.96,5
2026-02-07 01:00:00,Kalaburagi,Fraud,1,5,4,2.73,3
2026-02-07 02:00:00,Belagavi,Fraud,2,5,33,5.97,7
2026-02-07 02:00:00,Kalaburagi,Theft,2,5,32,8.16,9
2026-02-07 03:00:00,Ballari,Theft,3,5,27,9.19,10
2026-02-07 03:00:00,Davanagere,Burglary,3,5,20,4.15,6
2026-02-07 04:00:00,Udupi,Burglary,4,5,31,2.49,9
2026-02-07 04:00:00,Bengaluru Urban,Theft,4,5,3,7.23,8
2026-02-07 04:00:00,Udupi,Fraud,4,5,20,6.25,6
2026-02-07 05:00:00,Udupi,Fraud,5,5,32,4.42,6
2026-02-07 05:00:00,Davanagere,Burglary,5,5,28,5.8,9
2026-02-07 06:00:00,Shivamogga,Theft,6,5,2,4.47,3
2026-02-07 06:00:00,Mysuru,Assault,6,5,14,5.69,5
2026-02-07 06:00:00,Udupi,Cybercrime,6,5,44,6.11,7
2026-02-07 06:00:00,Bengaluru Urban,Fraud,6,5,31,1.45,8
2026-02-07 07:00:00,Hubballi-Dharwad,Burglary,7,5,23,3.74,5
2026-02-07 07:00:00,Kalaburagi,Theft,7,5,34,7.35,7
2026-02-07 07:00:00,Ballari,Burglary,7,5,12,7.87,5
2026-02-07 07:00:00,Davanagere,Cybercrime,7,5,32,6.58,7
2026-02-07 08:00:00,Davanagere,Fraud,8,5,31,1.91,4
2026-02-07 08:00:00,Udupi,Burglary,8,5,26,5.28,7
2026-02-07 09:00:00,Belagavi,Theft,9,5,2,5.09,3
2026-02-07 09:00:00,Ballari,Fraud,9,5,17,1.48,2
2026-02-07 09:00:00,Ballari,Fraud,9,5,18,7.04,6
2026-02-07 12:00:00,Ballari,Fraud,12,5,11,1.33,5
2026-02-07 12:00:00,Bengaluru Urban,Fraud,12,5,25,2.91,7
2026-02-07 12:00:00,Kalaburagi,Burglary,12,5,33,2.18,6
2026-02-07 13:00:00,Bengaluru Urban,Cybercrime,13,5,14,9.13,11
2026-02-07 13:00:00,Kalaburagi,Theft,13,5,43,8.51,9
2026-02-07 13:00:00,Shivamogga,Fraud,13,5,10,7.2,6
2026-02-07 14:00:00,Ballari,Fraud,14,5,22,2.8,5
2026-02-07 15:00:00,Shivamogga,Theft,15,5,30,3.31,5
2026-02-07 15:00:00,Mangaluru,Theft,15,5,39,2.2,6
2026-02-07 16:00:00,Hubballi-Dharwad,Fraud,16,5,6,6.4,4
2026-02-07 18:00:00,Mangaluru,Cybercrime,18,5,16,3.25,4
2026-02-07 19:00:00,Bengaluru Urban,Fraud,19,5,17,4.68,8
2026-02-07 19:00:00,Ballari,Assault,19,5,42,4.16,10
2026-02-07 19:00:00,Ballari,Assault,19,5,30,3.03,9
2026-02-07 19:00:00,Mangaluru,Burglary,19,5,28,8.65,6
2026-02-07 19:00:00,Bengaluru Urban,Cybercrime,19,5,44,5.96,10
2026-02-07 21:00:00,Shivamogga,Burglary,21,5,21,4.36,4
2026-02-07 21:00:00,Mysuru,Fraud,21,5,20,5.54,5
2026-02-07 22:00:00,Mysuru,Burglary,22,5,5,3.26,1
2026-02-07 22:00:00,Hubballi-Dharwad,Theft,22,5,39,3.67,7
2026-02-07 22:00:00,Kalaburagi,Assault,22,5,16,6.22,7
2026-02-07 23:00:00,Shivamogga,Theft,23,5,43,7.32,8
2026-02-08 00:00:00,Mysuru,Cybercrime,0,6,21,8.81,5
2026-02-08 01:00:00,Mangaluru,Theft,1,6,10,2.81,5
2026-02-08 01:00:00,Davanagere,Fraud,1,6,7,7.97,6
2026-02-08 02:00:00,Davanagere,Assault,2,6,14,5.7,4
2026-02-08 02:00:00,Davanagere,Burglary,2,6,40,6.05,11
2026-02-08 02:00:00,Ballari,Burglary,2,6,15,4.3,6
2026-02-08 03:00:00,Udupi,Burglary,3,6,37,7.89,11
2026-02-08 03:00:00,Davanagere,Cybercrime,3,6,39,9.49,10
2026-02-08 03:00:00,Mangaluru,Burglary,3,6,30,3.59,9
2026-02-08 03:00:00,Mysuru,Cybercrime,3,6,25,6.41,6
2026-02-08 04:00:00,Bengaluru Urban,Cybercrime,4,6,41,9.06,11
2026-02-08 04:00:00,Mysuru,Burglary,4,6,34,9.02,11
2026-02-08 04:00:00,Ballari,Burglary,4,6,6,6.16,5
2026-02-08 05:00:00,Kalaburagi,Cybercrime,5,6,39,5.91,7
2026-02-08 05:00:00,Kalaburagi,Cybercrime,5,6,15,2.25,2
2026-02-08 06:00:00,Mangaluru,Burglary,6,6,44,1.85,7
2026-02-08 06:00:00,Mangaluru,Assault,6,6,31,7.66,7
2026-02-08 07:00:00,Udupi,Assault,7,6,39,4.63,7
2026-02-08 07:00:00,Udupi,Cybercrime,7,6,25,4.95,5
2026-02-08 07:00:00,Hubballi-Dharwad,Burglary,7,6,44,5.9,8
2026-02-08 07:00:00,Davanagere,Cybercrime,7,6,38,3.28,6
2026-02-08 07:00:00,Hubballi-Dharwad,Assault,7,6,20,4.01,4
2026-02-08 08:00:00,Ballari,Theft,8,6,38,8.63,7
2026-02-08 08:00:00,Ballari,Cybercrime,8,6,27,1.91,4
2026-02-08 08:00:00,Davanagere,Assault,8,6,36,5.5,7
2026-02-08 08:00:00,Bengaluru Urban,Theft,8,6,26,7.15,10
2026-02-08 08:00:00,Mysuru,Theft,8,6,17,4.74,5
2026-02-08 09:00:00,Hubballi-Dharwad,Assault,9,6,21,3.91,4
2026-02-08 10:00:00,Belagavi,Assault,10,6,22,9.02,7
2026-02-08 11:00:00,Bengaluru Urban,Cybercrime,11,6,25,5.59,12
2026-02-08 11:00:00,Shivamogga,Assault,11,6,4,3.84,2
2026-02-08 11:00:00,Mangaluru,Burglary,11,6,2,7.87,5
2026-02-08 11:00:00,Davanagere,Burglary,11,6,20,8.11,5
2026-02-08 11:00:00,Shivamogga,Cybercrime,11,6,42,5.52,10
2026-02-08 12:00:00,Mangaluru,Cybercrime,12,6,32,6.46,10
2026-02-08 12:00:00,Shivamogga,Cybercrime,12,6,11,8.3,8
2026-02-08 13:00:00,Ballari,Burglary,13,6,32,5.79,6
2026-02-08 13:00:00,Shivamogga,Cybercrime,13,6,37,5.94,12
2026-02-08 14:00:00,Shivamogga,Fraud,14,6,31,4.69,6
2026-02-08 14:00:00,Mangaluru,Burglary,14,6,26,1.85,5
2026-02-08 14:00:00,Shivamogga,Assault,14,6,17,9.49,6
2026-02-08 14:00:00,Davanagere,Cybercrime,14,6,33,7.3,10
2026-02-08 14:00:00,Mangaluru,Fraud,14,6,39,5.33,8
2026-02-08 15:00:00,Udupi,Burglary,15,6,43,6.1,9
2026-02-08 16:00:00,Ballari,Burglary,16,6,12,9.09,4
2026-02-08 16:00:00,Mangaluru,Assault,16,6,37,2.82,6
2026-02-08 17:00:00,Shivamogga,Theft,17,6,15,4.42,5
2026-02-08 17:00:00,Belagavi,Burglary,17,6,38,7.58,9
2026-02-08 17:00:00,Bengaluru Urban,Fraud,17,6,33,4.89,10
2026-02-08 17:00:00,Belagavi,Burglary,17,6,30,9.41,8
2026-02-08 17:00:00,Kalaburagi,Fraud,17,6,43,5.16,8
2026-02-08 18:00:00,Belagavi,Assault,18,6,28,6.73,7
2026-02-08 18:00:00,Bengaluru Urban,Fraud,18,6,14,3.17,7
2026-02-08 18:00:00,Mysuru,Theft,18,6,29,2.2,5
2026-02-08 18:00:00,Mysuru,Burglary,18,6,37,4.22,6
2026-02-08 18:00:00,Udupi,Burglary,18,6,26,5.1,7
2026-02-08 19:00:00,Mangaluru,Assault,19,6,3,4.49,5
2026-02-08 19:00:00,Mangaluru,Assault,19,6,40,4.92,10
2026-02-08 19:00:00,Shivamogga,Fraud,19,6,32,4.04,6
2026-02-08 20:00:00,Mangaluru,Burglary,20,6,25,1.24,5
2026-02-08 21:00:00,Ballari,Theft,21,6,11,2.98,4
2026-02-08 23:00:00,Bengaluru Urban,Theft,23,6,40,9.47,12
2026-02-08 23:00:00,Mysuru,Burglary,23,6,34,5.5,7
2026-02-09 02:00:00,Bengaluru Urban,Cybercrime,2,0,24,6.12,8
2026-02-09 02:00:00,Hubballi-Dharwad,Theft,2,0,35,2.68,9
2026-02-09 03:00:00,Belagavi,Burglary,3,0,41,5.09,10
2026-02-09 03:00:00,Hubballi-Dharwad,Assault,3,0,39,1.87,6
2026-02-09 03:00:00,Udupi,Cybercrime,3,0,40,1.65,6
2026-02-09 03:00:00,Mysuru,Fraud,3,0,6,1.77,2
2026-02-09 03:00:00,Udupi,Theft,3,0,31,4.8,8
2026-02-09 04:00:00,Ballari,Burglary,4,0,40,8.84,11
2026-02-09 04:00:00,Shivamogga,Burglary,4,0,5,6.12,7
2026-02-09 05:00:00,Bengaluru Urban,Burglary,5,0,27,1.34,11
2026-02-09 05:00:00,Mysuru,Fraud,5,0,30,8.37,7
2026-02-09 06:00:00,Kalaburagi,Theft,6,0,13,4.43,3
2026-02-09 06:00:00,Shivamogga,Fraud,6,0,20,5.69,4
2026-02-09 07:00:00,Bengaluru Urban,Cybercrime,7,0,16,6.51,7
2026-02-09 08:00:00,Davanagere,Cybercrime,8,0,16,8.3,4
2026-02-09 08:00:00,Shivamogga,Theft,8,0,44,5.33,6
2026-02-09 09:00:00,Bengaluru Urban,Assault,9,0,25,1.78,7
2026-02-09 09:00:00,Davanagere,Burglary,9,0,2,2.1,2
2026-02-09 10:00:00,Shivamogga,Fraud,10,0,3,2.35,2
2026-02-09 11:00:00,Udupi,Burglary,11,0,40,7.59,6
2026-02-09 11:00:00,Kalaburagi,Theft,11,0,36,3.85,6
2026-02-09 11:00:00,Bengaluru Urban,Burglary,11,0,24,8.41,9
2026-02-09 11:00:00,Mangaluru,Burglary,11,0,25,6.12,6
2026-02-09 11:00:00,Belagavi,Fraud,11,0,2,5.58,3
2026-02-09 12:00:00,Davanagere,Fraud,12,0,3,9.08,4
2026-02-09 12:00:00,Belagavi,Fraud,12,0,32,2.64,7
2026-02-09 12:00:00,Hubballi-Dharwad,Burglary,12,0,15,3.21,2
2026-02-09 12:00:00,Ballari,Theft,12,0,2,7.58,4
2026-02-09 13:00:00,Bengaluru Urban,Assault,13,0,17,3.97,8
2026-02-09 13:00:00,Belagavi,Theft,13,0,33,5.89,5
2026-02-09 13:00:00,Bengaluru Urban,Burglary,13,0,25,5.57,8
2026-02-09 13:00:00,Bengaluru Urban,Cybercrime,13,0,24,9.1,12
2026-02-09 15:00:00,Bengaluru Urban,Theft,15,0,7,2.23,6
2026-02-09 15:00:00,Hubballi-Dharwad,Fraud,15,0,30,5.12,6
2026-02-09 16:00:00,Mysuru,Burglary,16,0,10,1.2,2
2026-02-09 16:00:00,Shivamogga,Cybercrime,16,0,2,7.35,6
2026-02-09 16:00:00,Udupi,Burglary,16,0,30,5.78,7
2026-02-09 16:00:00,Hubballi-Dharwad,Theft,16,0,34,3.69,6
2026-02-09 16:00:00,Hubballi-Dharwad,Fraud,16,0,9,6.84,5
2026-02-09 18:00:00,Belagavi,Cybercrime,18,0,43,5.82,8
2026-02-09 18:00:00,Hubballi-Dharwad,Fraud,18,0,33,6.69,7
2026-02-09 18:00:00,Kalaburagi,Assault,18,0,7,1.44,2
2026-02-09 18:00:00,Mysuru,Burglary,18,0,11,5.41,3
2026-02-09 18:00:00,Mangaluru,Theft,18,0,12,2.11,2
2026-02-09 18:00:00,Davanagere,Burglary,18,0,14,7.9,4
2026-02-09 20:00:00,Hubballi-Dharwad,Assault,20,0,16,6.98,7
2026-02-09 20:00:00,Mangaluru,Fraud,20,0,43,3.87,7
2026-02-09 20:00:00,Shivamogga,Assault,20,0,44,4.09,9
2026-02-09 20:00:00,Udupi,Fraud,20,0,31,7.0,8
2026-02-09 20:00:00,Shivamogga,Cybercrime,20,0,7,2.14,4
2026-02-09 20:00:00,Bengaluru Urban,Cybercrime,20,0,31,5.14,10
2026-02-09 22:00:00,Mysuru,Fraud,22,0,15,3.69,2
2026-02-09 22:00:00,Udupi,Assault,22,0,31,7.46,9
2026-02-09 23:00:00,Bengaluru Urban,Theft,23,0,26,4.84,7
2026-02-09 23:00:00,Bengaluru Urban,Fraud,23,0,20,5.95,8
2026-02-09 23:00:00,Ballari,Fraud,23,0,42,4.29,8
2026-02-09 23:00:00,Udupi,Assault,23,0,32,7.72,10
2026-02-09 23:00:00,Ballari,Fraud,23,0,39,3.08,6
2026-02-10 00:00:00,Udupi,Burglary,0,1,22,8.47,9
2026-02-10 00:00:00,Udupi,Burglary,0,1,18,6.22,9
2026-02-10 00:00:00,Ballari,Theft,0,1,39,5.46,10
2026-02-10 01:00:00,Davanagere,Assault,1,1,20,7.72,6
2026-02-10 01:00:00,Udupi,Assault,1,1,6,1.48,1
2026-02-10 01:00:00,Mangaluru,Fraud,1,1,41,8.51,9
2026-02-10 02:00:00,Belagavi,Assault,2,1,41,5.58,7
2026-02-10 02:00:00,Mysuru,Theft,2,1,6,2.83,5
2026-02-10 02:00:00,Udupi,Theft,2,1,23,4.36,7
2026-02-10 03:00:00,Shivamogga,Fraud,3,1,38,1.94,5
2026-02-10 03:00:00,Belagavi,Burglary,3,1,28,8.92,9
2026-02-10 04:00:00,Udupi,Fraud,4,1,21,1.51,4
2026-02-10 04:00:00,Shivamogga,Cybercrime,4,1,39,4.8,8
2026-02-10 04:00:00,Kalaburagi,Fraud,4,1,9,2.64,4
2026-02-10 04:00:00,Davanagere,Burglary,4,1,14,7.97,8
2026-02-10 04:00:00,Bengaluru Urban,Assault,4,1,29,6.3,9
2026-02-10 04:00:00,Udupi,Assault,4,1,37,5.31,8
2026-02-10 05:00:00,Belagavi,Burglary,5,1,4,3.07,6
2026-02-10 05:00:00,Udupi,Theft,5,1,16,1.43,6
2026-02-10 06:00:00,Udupi,Assault,6,1,7,1.96,2
2026-02-10 06:00:00,Mysuru,Cybercrime,6,1,4,8.56,5
2026-02-10 06:00:00,Mangaluru,Fraud,6,1,38,7.9,9
2026-02-10 08:00:00,Belagavi,Burglary,8,1,30,7.9,6
2026-02-10 08:00:00,Bengaluru Urban,Theft,8,1,4,6.87,5
2026-02-10 09:00:00,Bengaluru Urban,Theft,9,1,7,8.35,9
2026-02-10 09:00:00,Kalaburagi,Fraud,9,1,38,7.24,7
2026-02-10 11:00:00,Kalaburagi,Burglary,11,1,22,2.44,4
2026-02-10 11:00:00,Ballari,Cybercrime,11,1,24,8.58,9
2026-02-10 11:00:00,Hubballi-Dharwad,Assault,11,1,4,7.0,4
2026-02-10 11:00:00,Hubballi-Dharwad,Burglary,11,1,35,1.98,6
2026-02-10 12:00:00,Davanagere,Burglary,12,1,11,7.9,4
2026-02-10 12:00:00,Mysuru,Assault,12,1,36,2.57,6
2026-02-10 12:00:00,Belagavi,Cybercrime,12,1,9,3.56,5
2026-02-10 12:00:00,Mysuru,Fraud,12,1,21,1.84,4
2026-02-10 13:00:00,Mysuru,Fraud,13,1,28,8.4,6
2026-02-10 13:00:00,Davanagere,Burglary,13,1,11,5.08,3
2026-02-10 13:00:00,Kalaburagi,Theft,13,1,18,4.95,3
2026-02-10 13:00:00,Ballari,Assault,13,1,30,6.04,6
2026-02-10 14:00:00,Hubballi-Dharwad,Burglary,14,1,38,9.33,8
2026-02-10 14:00:00,Mysuru,Assault,14,1,24,3.49,4
2026-02-10 14:00:00,Davanagere,Cybercrime,14,1,30,8.79,11
2026-02-10 14:00:00,Davanagere,Burglary,14,1,18,2.52,4
2026-02-10 15:00:00,Mangaluru,Fraud,15,1,30,7.78,8
2026-02-10 15:00:00,Udupi,Burglary,15,1,30,1.99,4
2026-02-10 15:00:00,Ballari,Theft,15,1,33,2.04,5
2026-02-10 15:00:00,Mangaluru,Burglary,15,1,23,1.87,5
2026-02-10 16:00:00,Bengaluru Urban,Theft,16,1,20,3.25,7
2026-02-10 16:00:00,Mysuru,Fraud,16,1,43,5.57,7
2026-02-10 16:00:00,Hubballi-Dharwad,Burglary,16,1,39,6.72,8
2026-02-10 16:00:00,Ballari,Assault,16,1,9,9.15,4
2026-02-10 16:00:00,Hubballi-Dharwad,Fraud,16,1,41,1.59,6
2026-02-10 17:00:00,Hubballi-Dharwad,Theft,17,1,27,4.07,6
2026-02-10 17:00:00,Ballari,Burglary,17,1,3,1.59,3
2026-02-10 18:00:00,Mangaluru,Cybercrime,18,1,16,4.19,4
2026-02-10 18:00:00,Davanagere,Theft,18,1,32,6.2,8
2026-02-10 20:00:00,Kalaburagi,Fraud,20,1,39,4.46,8
2026-02-10 20:00:00,Davanagere,Fraud,20,1,18,6.77,6
2026-02-10 20:00:00,Kalaburagi,Theft,20,1,4,2.61,3
2026-02-10 21:00:00,Mysuru,Theft,21,1,11,5.17,3
2026-02-10 21:00:00,Kalaburagi,Burglary,21,1,11,8.94,6
2026-02-10 21:00:00,Davanagere,Cybercrime,21,1,44,8.17,8
2026-02-10 22:00:00,Udupi,Cybercrime,22,1,35,7.3,7
2026-02-10 22:00:00,Udupi,Burglary,22,1,39,3.51,5
2026-02-10 22:00:00,Mysuru,Theft,22,1,20,8.93,7
2026-02-10 22:00:00,Belagavi,Theft,22,1,11,8.92,6
2026-02-10 23:00:00,Davanagere,Cybercrime,23,1,6,4.15,4
2026-02-10 23:00:00,Ballari,Cybercrime,23,1,27,9.26,7
2026-02-10 23:00:00,Mangaluru,Cybercrime,23,1,21,8.95,7
2026-02-11 00:00:00,Kalaburagi,Fraud,0,2,7,5.07,3
2026-02-11 00:00:00,Belagavi,Fraud,0,2,44,5.14,8
2026-02-11 00:00:00,Mysuru,Fraud,0,2,19,1.3,2
2026-02-11 00:00:00,Mysuru,Fraud,0,2,34,1.39,6
2026-02-11 00:00:00,Bengaluru Urban,Fraud,0,2,9,7.6,7
2026-02-11 01:00:00,Kalaburagi,Burglary,1,2,17,3.0,7
2026-02-11 01:00:00,Mangaluru,Fraud,1,2,14,6.39,5
2026-02-11 01:00:00,Mysuru,Cybercrime,1,2,6,5.59,3
2026-02-11 02:00:00,Davanagere,Fraud,2,2,12,5.69,4
2026-02-11 02:00:00,Kalaburagi,Fraud,2,2,32,9.42,7
2026-02-11 02:00:00,Kalaburagi,Fraud,2,2,4,7.05,3
2026-02-11 03:00:00,Kalaburagi,Assault,3,2,11,3.33,3
2026-02-11 03:00:00,Shivamogga,Fraud,3,2,9,8.36,4
2026-02-11 03:00:00,Ballari,Theft,3,2,36,5.11,11
2026-02-11 04:00:00,Shivamogga,Theft,4,2,18,3.45,6
2026-02-11 04:00:00,Ballari,Theft,4,2,38,6.85,10
2026-02-11 04:00:00,Hubballi-Dharwad,Burglary,4,2,38,8.8,11
2026-02-11 05:00:00,Bengaluru Urban,Burglary,5,2,19,1.97,10
2026-02-11 05:00:00,Udupi,Assault,5,2,29,2.71,6
2026-02-11 05:00:00,Udupi,Fraud,5,2,43,1.49,6
2026-02-11 06:00:00,Udupi,Burglary,6,2,2,3.41,3
2026-02-11 07:00:00,Bengaluru Urban,Fraud,7,2,42,5.54,12
2026-02-11 08:00:00,Mysuru,Assault,8,2,21,9.41,6
2026-02-11 08:00:00,Belagavi,Burglary,8,2,41,8.44,9
2026-02-11 08:00:00,Bengaluru Urban,Cybercrime,8,2,31,5.52,9
2026-02-11 08:00:00,Shivamogga,Theft,8,2,38,4.19,6
2026-02-11 08:00:00,Bengaluru Urban,Burglary,8,2,31,6.63,9
2026-02-11 08:00:00,Kalaburagi,Assault,8,2,18,1.95,3
2026-02-11 09:00:00,Udupi,Cybercrime,9,2,28,7.2,6
2026-02-11 09:00:00,Udupi,Assault,9,2,21,3.41,5
2026-02-11 10:00:00,Shivamogga,Cybercrime,10,2,26,4.44,7
2026-02-11 10:00:00,Shivamogga,Fraud,10,2,20,7.04,5
2026-02-11 11:00:00,Shivamogga,Theft,11,2,34,7.63,7
2026-02-11 11:00:00,Kalaburagi,Cybercrime,11,2,31,1.34,8
2026-02-11 13:00:00,Bengaluru Urban,Burglary,13,2,4,7.21,7
2026-02-11 13:00:00,Mysuru,Assault,13,2,41,3.16,7
2026-02-11 14:00:00,Belagavi,Cybercrime,14,2,15,8.09,7
2026-02-11 15:00:00,Ballari,Theft,15,2,39,5.28,8
2026-02-11 15:00:00,Ballari,Theft,15,2,39,3.51,5
2026-02-11 16:00:00,Shivamogga,Theft,16,2,12,5.28,4
2026-02-11 17:00:00,Mangaluru,Theft,17,2,31,5.62,5
2026-02-11 18:00:00,Kalaburagi,Theft,18,2,31,6.83,8
2026-02-11 18:00:00,Shivamogga,Burglary,18,2,20,8.96,5
2026-02-11 18:00:00,Mysuru,Assault,18,2,35,4.61,6
2026-02-11 20:00:00,Mysuru,Burglary,20,2,32,9.34,7
2026-02-11 20:00:00,Bengaluru Urban,Assault,20,2,14,4.89,10
2026-02-11 21:00:00,Shivamogga,Theft,21,2,39,8.34,7
2026-02-11 21:00:00,Shivamogga,Fraud,21,2,22,6.7,5
2026-02-11 21:00:00,Bengaluru Urban,Fraud,21,2,39,6.67,10
2026-02-11 22:00:00,Bengaluru Urban,Fraud,22,2,2,2.03,6
2026-02-11 22:00:00,Mysuru,Cybercrime,22,2,3,2.28,2
2026-02-11 22:00:00,Mysuru,Fraud,22,2,24,4.61,6
2026-02-11 22:00:00,Bengaluru Urban,Assault,22,2,11,3.98,9
2026-02-11 23:00:00,Davanagere,Burglary,23,2,38,1.94,5
2026-02-11 23:00:00,Bengaluru Urban,Cybercrime,23,2,10,2.46,5
2026-02-11 23:00:00,Mangaluru,Assault,23,2,31,1.35,8
2026-02-11 23:00:00,Bengaluru Urban,Burglary,23,2,21,3.81,7
2026-02-11 23:00:00,Belagavi,Fraud,23,2,2,8.76,4
2026-02-12 00:00:00,Mangaluru,Theft,0,3,28,9.5,11
2026-02-12 00:00:00,Kalaburagi,Cybercrime,0,3,16,4.08,4
2026-02-12 00:00:00,Hubballi-Dharwad,Burglary,0,3,43,4.5,12
2026-02-12 00:00:00,Ballari,Assault,0,3,6,2.02,2
2026-02-12 01:00:00,Ballari,Burglary,1,3,35,2.8,9
2026-02-12 01:00:00,Shivamogga,Fraud,1,3,22,5.62,6
2026-02-12 01:00:00,Bengaluru Urban,Burglary,1,3,41,3.37,13
2026-02-12 01:00:00,Udupi,Theft,1,3,6,3.16,6
2026-02-12 02:00:00,Ballari,Fraud,2,3,19,3.41,4
2026-02-12 02:00:00,Shivamogga,Theft,2,3,25,6.54,7
2026-02-12 03:00:00,Bengaluru Urban,Burglary,3,3,36,9.25,14
2026-02-12 03:00:00,Kalaburagi,Burglary,3,3,6,4.42,4
2026-02-12 03:00:00,Ballari,Theft,3,3,9,5.44,6
2026-02-12 03:00:00,Shivamogga,Theft,3,3,39,6.83,12
2026-02-12 04:00:00,Ballari,Fraud,4,3,42,6.09,9
2026-02-12 04:00:00,Mangaluru,Burglary,4,3,35,1.72,8
2026-02-12 04:00:00,Mangaluru,Fraud,4,3,2,3.88,4
2026-02-12 05:00:00,Belagavi,Cybercrime,5,3,10,5.68,5
2026-02-12 06:00:00,Belagavi,Fraud,6,3,26,6.28,6
2026-02-12 07:00:00,Bengaluru Urban,Theft,7,3,19,9.39,10
2026-02-12 07:00:00,Mangaluru,Theft,7,3,2,6.8,4
2026-02-12 07:00:00,Kalaburagi,Theft,7,3,14,4.08,4
2026-02-12 08:00:00,Kalaburagi,Cybercrime,8,3,42,8.69,9
2026-02-12 08:00:00,Udupi,Fraud,8,3,38,3.92,6
2026-02-12 08:00:00,Mangaluru,Fraud,8,3,3,7.82,3
2026-02-12 08:00:00,Hubballi-Dharwad,Cybercrime,8,3,24,8.39,8
2026-02-12 08:00:00,Davanagere,Cybercrime,8,3,23,1.59,5
2026-02-12 09:00:00,Mysuru,Theft,9,3,8,6.97,5
2026-02-12 09:00:00,Bengaluru Urban,Fraud,9,3,17,2.59,7
2026-02-12 10:00:00,Kalaburagi,Burglary,10,3,34,5.44,7
2026-02-12 10:00:00,Ballari,Assault,10,3,17,4.21,3
2026-02-12 11:00:00,Bengaluru Urban,Cybercrime,11,3,14,9.01,11
2026-02-12 11:00:00,Bengaluru Urban,Fraud,11,3,4,4.44,6
2026-02-12 11:00:00,Ballari,Theft,11,3,20,5.43,6
2026-02-12 11:00:00,Belagavi,Assault,11,3,35,6.11,6
2026-02-12 11:00:00,Kalaburagi,Burglary,11,3,3,3.77,2
2026-02-12 11:00:00,Bengaluru Urban,Theft,11,3,24,5.59,9
2026-02-12 12:00:00,Mangaluru,Fraud,12,3,4,6.89,4
2026-02-12 12:00:00,Udupi,Burglary,12,3,44,5.4,7
2026-02-12 12:00:00,Davanagere,Theft,12,3,13,2.46,4
2026-02-12 12:00:00,Shivamogga,Assault,12,3,41,8.83,7
2026-02-12 13:00:00,Mangaluru,Cybercrime,13,3,5,2.73,4
2026-02-12 13:00:00,Hubballi-Dharwad,Theft,13,3,15,7.15,4
2026-02-12 13:00:00,Belagavi,Theft,13,3,35,3.64,6
2026-02-12 15:00:00,Kalaburagi,Theft,15,3,25,3.38,5
2026-02-12 15:00:00,Hubballi-Dharwad,Fraud,15,3,43,4.39,8
2026-02-12 16:00:00,Davanagere,Assault,16,3,9,3.48,3
2026-02-12 16:00:00,Mangaluru,Cybercrime,16,3,6,1.57,5
2026-02-12 17:00:00,Mangaluru,Fraud,17,3,21,8.26,6
2026-02-12 17:00:00,Bengaluru Urban,Burglary,17,3,15,1.21,6
2026-02-12 19:00:00,Belagavi,Theft,19,3,13,4.08,5
2026-02-12 19:00:00,Ballari,Cybercrime,19,3,23,3.02,5
2026-02-12 19:00:00,Bengaluru Urban,Cybercrime,19,3,7,6.66,8
2026-02-12 20:00:00,Bengaluru Urban,Burglary,20,3,32,4.63,9
2026-02-12 20:00:00,Ballari,Assault,20,3,5,2.45,5
2026-02-12 20:00:00,Mysuru,Assault,20,3,28,1.82,9
2026-02-12 20:00:00,Ballari,Cybercrime,20,3,26,5.11,5
2026-02-12 20:00:00,Udupi,Assault,20,3,24,8.5,9
2026-02-12 21:00:00,Kalaburagi,Cybercrime,21,3,25,9.44,6
2026-02-12 21:00:00,Hubballi-Dharwad,Fraud,21,3,36,4.1,8
2026-02-12 21:00:00,Udupi,Fraud,21,3,14,6.64,5
2026-02-12 22:00:00,Udupi,Assault,22,3,13,6.87,8
2026-02-12 22:00:00,Mangaluru,Burglary,22,3,6,5.8,5
2026-02-12 22:00:00,Bengaluru Urban,Assault,22,3,24,5.46,12
2026-02-12 23:00:00,Mysuru,Fraud,23,3,37,6.87,7
2026-02-13 00:00:00,Ballari,Burglary,0,4,11,4.4,5
2026-02-13 00:00:00,Hubballi-Dharwad,Cybercrime,0,4,2,1.67,3
2026-02-13 00:00:00,Hubballi-Dharwad,Burglary,0,4,17,8.08,8
2026-02-13 01:00:00,Ballari,Theft,1,4,36,1.81,9
2026-02-13 03:00:00,Belagavi,Assault,3,4,32,7.85,7
2026-02-13 03:00:00,Kalaburagi,Cybercrime,3,4,19,8.04,5
2026-02-13 03:00:00,Shivamogga,Burglary,3,4,25,2.29,7
2026-02-13 04:00:00,Kalaburagi,Theft,4,4,10,8.84,8
2026-02-13 06:00:00,Mysuru,Theft,6,4,42,4.69,7
2026-02-13 07:00:00,Davanagere,Fraud,7,4,2,3.78,3
2026-02-13 07:00:00,Udupi,Cybercrime,7,4,41,4.62,7
2026-02-13 07:00:00,Kalaburagi,Fraud,7,4,32,1.81,6
2026-02-13 07:00:00,Belagavi,Burglary,7,4,21,1.62,4
2026-02-13 08:00:00,Belagavi,Cybercrime,8,4,9,4.66,2
2026-02-13 08:00:00,Mysuru,Assault,8,4,12,6.91,4
2026-02-13 08:00:00,Ballari,Cybercrime,8,4,3,2.3,2
2026-02-13 08:00:00,Ballari,Cybercrime,8,4,4,8.15,5
2026-02-13 08:00:00,Udupi,Burglary,8,4,14,8.64,4
2026-02-13 09:00:00,Hubballi-Dharwad,Burglary,9,4,3,4.91,2
2026-02-13 09:00:00,Ballari,Cybercrime,9,4,43,5.61,7
2026-02-13 10:00:00,Hubballi-Dharwad,Assault,10,4,35,6.28,7
2026-02-13 11:00:00,Belagavi,Burglary,11,4,21,6.9,6
2026-02-13 11:00:00,Shivamogga,Assault,11,4,27,4.45,7
2026-02-13 11:00:00,Shivamogga,Fraud,11,4,10,7.67,5
2026-02-13 11:00:00,Mysuru,Assault,11,4,20,9.42,6
2026-02-13 12:00:00,Belagavi,Theft,12,4,28,1.7,6
2026-02-13 12:00:00,Belagavi,Assault,12,4,11,3.71,4
2026-02-13 13:00:00,Mysuru,Cybercrime,13,4,42,8.55,12
2026-02-13 14:00:00,Mangaluru,Cybercrime,14,4,19,5.53,8
2026-02-13 15:00:00,Hubballi-Dharwad,Fraud,15,4,38,2.81,7
2026-02-13 15:00:00,Bengaluru Urban,Assault,15,4,24,8.71,10
2026-02-13 16:00:00,Belagavi,Cybercrime,16,4,9,5.17,5
2026-02-13 17:00:00,Davanagere,Cybercrime,17,4,4,4.15,3
2026-02-13 17:00:00,Mysuru,Burglary,17,4,15,3.17,3
2026-02-13 19:00:00,Bengaluru Urban,Cybercrime,19,4,5,8.55,8
2026-02-13 19:00:00,Shivamogga,Assault,19,4,27,9.17,9
2026-02-13 19:00:00,Shivamogga,Assault,19,4,43,6.21,10
2026-02-13 20:00:00,Kalaburagi,Theft,20,4,31,8.24,8
2026-02-13 20:00:00,Mysuru,Theft,20,4,16,3.82,5
2026-02-13 20:00:00,Belagavi,Assault,20,4,21,7.62,8
2026-02-13 20:00:00,Shivamogga,Fraud,20,4,10,6.59,4
2026-02-13 21:00:00,Shivamogga,Fraud,21,4,38,8.71,8
2026-02-13 23:00:00,Davanagere,Fraud,23,4,34,8.63,7
2026-02-14 00:00:00,Mangaluru,Fraud,0,5,10,4.83,3
2026-02-14 00:00:00,Mangaluru,Assault,0,5,14,1.44,3
2026-02-14 01:00:00,Davanagere,Theft,1,5,40,8.72,11
2026-02-14 01:00:00,Shivamogga,Cybercrime,1,5,10,4.08,3
2026-02-14 01:00:00,Ballari,Cybercrime,1,5,17,2.6,3
2026-02-14 02:00:00,Hubballi-Dharwad,Assault,2,5,9,9.18,5
2026-02-14 02:00:00,Davanagere,Assault,2,5,9,3.3,3
2026-02-14 02:00:00,Bengaluru Urban,Burglary,2,5,26,1.39,10
2026-02-14 02:00:00,Mysuru,Burglary,2,5,22,8.8,11
2026-02-14 03:00:00,Davanagere,Cybercrime,3,5,7,7.54,3
2026-02-14 03:00:00,Ballari,Assault,3,5,9,4.44,3
2026-02-14 03:00:00,Shivamogga,Fraud,3,5,4,3.66,3
2026-02-14 04:00:00,Kalaburagi,Cybercrime,4,5,25,6.57,5
2026-02-14 04:00:00,Shivamogga,Fraud,4,5,13,8.48,6
2026-02-14 04:00:00,Davanagere,Theft,4,5,40,1.52,9
2026-02-14 06:00:00,Belagavi,Cybercrime,6,5,40,9.47,10
2026-02-14 06:00:00,Belagavi,Theft,6,5,5,3.54,3
2026-02-14 06:00:00,Bengaluru Urban,Burglary,6,5,15,9.26,8
2026-02-14 06:00:00,Bengaluru Urban,Fraud,6,5,41,2.41,10
2026-02-14 07:00:00,Udupi,Fraud,7,5,2,3.29,2
2026-02-14 07:00:00,Kalaburagi,Burglary,7,5,13,2.54,3
2026-02-14 08:00:00,Shivamogga,Cybercrime,8,5,21,2.89,3
2026-02-14 08:00:00,Mysuru,Burglary,8,5,5,4.31,3
2026-02-14 08:00:00,Ballari,Burglary,8,5,9,7.03,3
2026-02-14 09:00:00,Mangaluru,Assault,9,5,11,1.79,3
2026-02-14 09:00:00,Udupi,Theft,9,5,28,6.96,7
2026-02-14 09:00:00,Belagavi,Cybercrime,9,5,27,5.28,6
2026-02-14 10:00:00,Bengaluru Urban,Fraud,10,5,30,4.8,10
2026-02-14 10:00:00,Shivamogga,Cybercrime,10,5,6,3.66,4
2026-02-14 11:00:00,Mangaluru,Assault,11,5,18,6.44,4
2026-02-14 11:00:00,Hubballi-Dharwad,Theft,11,5,12,4.41,4
2026-02-14 11:00:00,Bengaluru Urban,Cybercrime,11,5,9,9.26,11
2026-02-14 11:00:00,Mysuru,Assault,11,5,18,1.51,4
2026-02-14 11:00:00,Mysuru,Theft,11,5,30,2.31,5
2026-02-14 12:00:00,Bengaluru Urban,Assault,12,5,7,1.93,4
2026-02-14 12:00:00,Belagavi,Assault,12,5,20,8.61,7
2026-02-14 13:00:00,Ballari,Cybercrime,13,5,44,1.28,10
2026-02-14 13:00:00,Belagavi,Assault,13,5,42,9.11,9
2026-02-14 13:00:00,Davanagere,Burglary,13,5,9,6.45,4
2026-02-14 13:00:00,Kalaburagi,Burglary,13,5,19,7.56,6
2026-02-14 14:00:00,Shivamogga,Theft,14,5,20,8.43,6
2026-02-14 14:00:00,Mysuru,Assault,14,5,21,7.93,6
2026-02-14 14:00:00,Mysuru,Assault,14,5,28,2.02,5
2026-02-14 15:00:00,Kalaburagi,Theft,15,5,20,8.67,5
2026-02-14 15:00:00,Mangaluru,Assault,15,5,8,8.19,5
2026-02-14 16:00:00,Davanagere,Assault,16,5,15,7.87,5
2026-02-14 18:00:00,Bengaluru Urban,Fraud,18,5,5,1.44,4
2026-02-14 18:00:00,Belagavi,Burglary,18,5,16,2.04,3
2026-02-14 18:00:00,Mysuru,Fraud,18,5,4,1.89,2
2026-02-14 19:00:00,Bengaluru Urban,Cybercrime,19,5,16,3.56,9
2026-02-14 19:00:00,Shivamogga,Assault,19,5,25,9.36,9
2026-02-14 19:00:00,Belagavi,Burglary,19,5,40,4.05,5
2026-02-14 19:00:00,Ballari,Assault,19,5,28,4.07,6
2026-02-14 20:00:00,Belagavi,Assault,20,5,5,8.59,6
2026-02-14 20:00:00,Davanagere,Fraud,20,5,41,8.89,9
2026-02-14 20:00:00,Davanagere,Assault,20,5,9,8.82,7
2026-02-14 20:00:00,Udupi,Cybercrime,20,5,20,1.27,4
2026-02-14 21:00:00,Hubballi-Dharwad,Assault,21,5,36,5.55,9
2026-02-14 22:00:00,Bengaluru Urban,Cybercrime,22,5,42,4.08,10
2026-02-14 22:00:00,Hubballi-Dharwad,Burglary,22,5,16,6.41,6
2026-02-14 22:00:00,Bengaluru Urban,Theft,22,5,4,2.67,6
2026-02-14 22:00:00,Davanagere,Theft,22,5,23,9.08,6
2026-02-14 23:00:00,Belagavi,Fraud,23,5,39,4.45,7
2026-02-14 23:00:00,Udupi,Burglary,23,5,11,2.77,3
2026-02-15 00:00:00,Ballari,Burglary,0,6,14,7.22,8
2026-02-15 00:00:00,Belagavi,Theft,0,6,25,5.07,9
2026-02-15 00:00:00,Hubballi-Dharwad,Fraud,0,6,27,5.16,4
2026-02-15 01:00:00,Hubballi-Dharwad,Theft,1,6,38,2.65,10
2026-02-15 01:00:00,Belagavi,Cybercrime,1,6,16,3.28,5
2026-02-15 02:00:00,Bengaluru Urban,Cybercrime,2,6,12,6.11,7
2026-02-15 02:00:00,Mangaluru,Burglary,2,6,15,7.53,6
2026-02-15 02:00:00,Mysuru,Fraud,2,6,4,1.38,2
2026-02-15 02:00:00,Ballari,Burglary,2,6,2,3.27,5
2026-02-15 02:00:00,Mangaluru,Cybercrime,2,6,29,1.33,3
2026-02-15 02:00:00,Bengaluru Urban,Burglary,2,6,42,3.84,13
2026-02-15 03:00:00,Mangaluru,Fraud,3,6,23,1.84,4
2026-02-15 03:00:00,Udupi,Theft,3,6,5,9.26,7
2026-02-15 03:00:00,Belagavi,Cybercrime,3,6,12,6.33,5
2026-02-15 03:00:00,Shivamogga,Burglary,3,6,37,6.79,10
2026-02-15 04:00:00,Davanagere,Theft,4,6,3,1.81,5
2026-02-15 04:00:00,Belagavi,Assault,4,6,36,7.26,7
2026-02-15 06:00:00,Kalaburagi,Burglary,6,6,21,9.5,6
2026-02-15 06:00:00,Udupi,Theft,6,6,6,5.57,3
2026-02-15 07:00:00,Bengaluru Urban,Theft,7,6,14,2.94,7
2026-02-15 07:00:00,Udupi,Theft,7,6,41,3.72,7
2026-02-15 07:00:00,Shivamogga,Cybercrime,7,6,15,5.4,5
2026-02-15 08:00:00,Davanagere,Cybercrime,8,6,4,3.62,4
2026-02-15 08:00:00,Shivamogga,Fraud,8,6,5,6.27,4
2026-02-15 09:00:00,Belagavi,Fraud,9,6,28,3.77,6
2026-02-15 10:00:00,Bengaluru Urban,Fraud,10,6,4,8.06,7
2026-02-15 10:00:00,Hubballi-Dharwad,Assault,10,6,27,9.15,8
2026-02-15 10:00:00,Hubballi-Dharwad,Theft,10,6,2,2.89,2
2026-02-15 11:00:00,Mangaluru,Burglary,11,6,10,3.64,4
2026-02-15 11:00:00,Belagavi,Cybercrime,11,6,21,2.61,6
2026-02-15 11:00:00,Mangaluru,Assault,11,6,44,2.61,7
2026-02-15 12:00:00,Udupi,Fraud,12,6,37,9.19,8
2026-02-15 12:00:00,Davanagere,Fraud,12,6,8,3.36,4
2026-02-15 13:00:00,Mangaluru,Theft,13,6,9,6.2,2
2026-02-15 13:00:00,Mangaluru,Burglary,13,6,22,4.15,4
2026-02-15 13:00:00,Mangaluru,Cybercrime,13,6,23,6.42,8
2026-02-15 13:00:00,Bengaluru Urban,Burglary,13,6,15,5.4,6
2026-02-15 13:00:00,Shivamogga,Fraud,13,6,15,1.29,4
2026-02-15 13:00:00,Hubballi-Dharwad,Assault,13,6,28,4.97,6
2026-02-15 15:00:00,Hubballi-Dharwad,Fraud,15,6,41,8.87,8
2026-02-15 16:00:00,Ballari,Theft,16,6,30,8.02,7
2026-02-15 16:00:00,Belagavi,Theft,16,6,20,6.41,6
2026-02-15 18:00:00,Kalaburagi,Cybercrime,18,6,35,4.96,8
2026-02-15 18:00:00,Mysuru,Assault,18,6,36,1.71,5
2026-02-15 18:00:00,Udupi,Cybercrime,18,6,15,3.11,4
2026-02-15 18:00:00,Udupi,Fraud,18,6,39,6.09,7
2026-02-15 18:00:00,Mysuru,Fraud,18,6,30,7.63,7
2026-02-15 20:00:00,Mysuru,Fraud,20,6,19,5.15,6
2026-02-15 20:00:00,Belagavi,Fraud,20,6,17,5.88,4
2026-02-15 20:00:00,Udupi,Theft,20,6,41,4.43,6
2026-02-15 20:00:00,Davanagere,Theft,20,6,3,3.48,4
2026-02-15 20:00:00,Kalaburagi,Burglary,20,6,44,7.51,8
2026-02-15 21:00:00,Bengaluru Urban,Theft,21,6,28,2.17,8
2026-02-15 23:00:00,Belagavi,Cybercrime,23,6,42,2.26,7
2026-02-15 23:00:00,Mysuru,Theft,23,6,39,6.37,7
2026-02-16 00:00:00,Mysuru,Theft,0,0,5,8.99,8
2026-02-16 00:00:00,Udupi,Burglary,0,0,38,1.23,9
2026-02-16 00:00:00,Mysuru,Assault,0,0,37,2.57,5
2026-02-16 01:00:00,Davanagere,Cybercrime,1,0,25,2.49,6
2026-02-16 01:00:00,Mangaluru,Burglary,1,0,29,7.93,9
2026-02-16 01:00:00,Shivamogga,Cybercrime,1,0,37,2.24,7
2026-02-16 03:00:00,Mysuru,Burglary,3,0,39,4.01,9
2026-02-16 03:00:00,Kalaburagi,Cybercrime,3,0,43,8.47,8
2026-02-16 03:00:00,Ballari,Assault,3,0,11,5.44,4
2026-02-16 03:00:00,Hubballi-Dharwad,Burglary,3,0,6,8.23,7
2026-02-16 03:00:00,Mangaluru,Assault,3,0,44,4.68,7
2026-02-16 04:00:00,Udupi,Burglary,4,0,42,8.85,11
2026-02-16 04:00:00,Bengaluru Urban,Assault,4,0,33,2.13,8
2026-02-16 04:00:00,Hubballi-Dharwad,Cybercrime,4,0,6,6.8,3
2026-02-16 04:00:00,Bengaluru Urban,Assault,4,0,40,3.03,10
2026-02-16 05:00:00,Udupi,Cybercrime,5,0,29,4.44,6
2026-02-16 05:00:00,Mysuru,Assault,5,0,18,3.92,5
2026-02-16 05:00:00,Shivamogga,Cybercrime,5,0,13,9.12,6
2026-02-16 05:00:00,Hubballi-Dharwad,Cybercrime,5,0,10,1.46,2
2026-02-16 06:00:00,Shivamogga,Assault,6,0,16,4.39,5
2026-02-16 06:00:00,Hubballi-Dharwad,Assault,6,0,19,4.16,6
2026-02-16 07:00:00,Ballari,Burglary,7,0,6,5.63,3
2026-02-16 08:00:00,Davanagere,Assault,8,0,11,6.37,2
2026-02-16 09:00:00,Davanagere,Burglary,9,0,13,8.84,5
2026-02-16 09:00:00,Udupi,Burglary,9,0,42,2.92,8
2026-02-16 12:00:00,Mangaluru,Burglary,12,0,17,6.9,6
2026-02-16 12:00:00,Ballari,Burglary,12,0,44,6.8,8
2026-02-16 12:00:00,Mangaluru,Fraud,12,0,22,8.36,5
2026-02-16 12:00:00,Shivamogga,Assault,12,0,30,2.75,7
2026-02-16 12:00:00,Mysuru,Burglary,12,0,28,6.45,5
2026-02-16 13:00:00,Mysuru,Fraud,13,0,44,1.45,6
2026-02-16 13:00:00,Udupi,Cybercrime,13,0,33,2.56,9
2026-02-16 13:00:00,Udupi,Cybercrime,13,0,40,2.11,9
2026-02-16 13:00:00,Ballari,Burglary,13,0,39,6.61,7
2026-02-16 13:00:00,Mangaluru,Fraud,13,0,10,2.47,3
2026-02-16 14:00:00,Belagavi,Fraud,14,0,19,2.71,6
2026-02-16 14:00:00,Kalaburagi,Fraud,14,0,41,2.08,7
2026-02-16 15:00:00,Belagavi,Fraud,15,0,34,5.66,7
2026-02-16 15:00:00,Belagavi,Burglary,15,0,7,3.24,2
2026-02-16 16:00:00,Belagavi,Assault,16,0,34,1.48,7
2026-02-16 16:00:00,Kalaburagi,Cybercrime,16,0,16,8.56,8
2026-02-16 17:00:00,Mangaluru,Cybercrime,17,0,19,8.5,5
2026-02-16 17:00:00,Mysuru,Theft,17,0,18,4.81,5
2026-02-16 19:00:00,Belagavi,Fraud,19,0,8,1.56,1
2026-02-16 19:00:00,Shivamogga,Fraud,19,0,5,3.62,2
2026-02-16 19:00:00,Ballari,Fraud,19,0,23,4.87,4
2026-02-16 19:00:00,Mangaluru,Burglary,19,0,17,5.34,4
2026-02-16 19:00:00,Hubballi-Dharwad,Assault,19,0,44,8.76,10
2026-02-16 20:00:00,Kalaburagi,Assault,20,0,24,8.08,8
2026-02-16 20:00:00,Davanagere,Burglary,20,0,20,3.22,4
2026-02-16 20:00:00,Davanagere,Burglary,20,0,20,4.24,4
2026-02-16 20:00:00,Mysuru,Fraud,20,0,31,6.78,6
2026-02-16 21:00:00,Shivamogga,Fraud,21,0,23,8.82,6
2026-02-16 23:00:00,Bengaluru Urban,Fraud,23,0,4,1.37,3
2026-02-16 23:00:00,Hubballi-Dharwad,Burglary,23,0,16,4.93,2
2026-02-16 23:00:00,Kalaburagi,Burglary,23,0,44,6.55,9
2026-02-16 23:00:00,Mysuru,Theft,23,0,7,3.8,2
2026-02-16 23:00:00,Shivamogga,Burglary,23,0,32,7.82,6
2026-02-17 00:00:00,Kalaburagi,Cybercrime,0,1,2,1.52,1
2026-02-17 01:00:00,Kalaburagi,Burglary,1,1,24,2.09,9
2026-02-17 01:00:00,Mysuru,Cybercrime,1,1,33,5.74,5
2026-02-17 01:00:00,Ballari,Theft,1,1,17,3.48,7
2026-02-17 01:00:00,Kalaburagi,Fraud,1,1,4,6.22,4
2026-02-17 02:00:00,Mangaluru,Burglary,2,1,4,5.03,5
2026-02-17 02:00:00,Udupi,Assault,2,1,39,6.04,8
2026-02-17 03:00:00,Udupi,Theft,3,1,40,5.43,12
2026-02-17 03:00:00,Hubballi-Dharwad,Cybercrime,3,1,12,9.33,5
2026-02-17 03:00:00,Mysuru,Assault,3,1,43,9.42,9
2026-02-17 04:00:00,Kalaburagi,Cybercrime,4,1,41,4.53,8
2026-02-17 04:00:00,Bengaluru Urban,Cybercrime,4,1,22,3.53,9
2026-02-17 04:00:00,Mangaluru,Theft,4,1,11,4.41,6
2026-02-17 04:00:00,Udupi,Fraud,4,1,37,2.58,7
2026-02-17 04:00:00,Davanagere,Theft,4,1,36,8.76,10
2026-02-17 04:00:00,Kalaburagi,Theft,4,1,18,3.62,8
2026-02-17 05:00:00,Kalaburagi,Fraud,5,1,2,4.17,3
2026-02-17 05:00:00,Hubballi-Dharwad,Cybercrime,5,1,27,6.54,5
2026-02-17 05:00:00,Mysuru,Burglary,5,1,14,3.47,6
2026-02-17 05:00:00,Mangaluru,Fraud,5,1,4,9.11,3
2026-02-17 05:00:00,Bengaluru Urban,Fraud,5,1,9,7.41,8
2026-02-17 05:00:00,Mangaluru,Assault,5,1,17,1.29,2
2026-02-17 05:00:00,Mangaluru,Burglary,5,1,15,4.75,5
2026-02-17 06:00:00,Mysuru,Assault,6,1,37,4.53,6
2026-02-17 06:00:00,Kalaburagi,Cybercrime,6,1,17,2.95,4
2026-02-17 07:00:00,Mysuru,Fraud,7,1,3,4.03,3
2026-02-17 07:00:00,Hubballi-Dharwad,Theft,7,1,37,9.37,7
2026-02-17 08:00:00,Shivamogga,Burglary,8,1,22,3.27,3
2026-02-17 08:00:00,Kalaburagi,Assault,8,1,35,4.49,5
2026-02-17 08:00:00,Hubballi-Dharwad,Assault,8,1,14,3.06,4
2026-02-17 08:00:00,Shivamogga,Burglary,8,1,44,2.84,6
2026-02-17 09:00:00,Mysuru,Fraud,9,1,19,4.67,4
2026-02-17 09:00:00,Mangaluru,Fraud,9,1,23,7.2,5
2026-02-17 09:00:00,Shivamogga,Burglary,9,1,15,1.55,5
2026-02-17 09:00:00,Mangaluru,Theft,9,1,16,6.26,6
2026-02-17 10:00:00,Shivamogga,Burglary,10,1,39,2.6,6
2026-02-17 10:00:00,Mysuru,Theft,10,1,36,7.08,8
2026-02-17 11:00:00,Shivamogga,Theft,11,1,7,5.88,4
2026-02-17 11:00:00,Mangaluru,Fraud,11,1,29,4.51,6
2026-02-17 11:00:00,Hubballi-Dharwad,Assault,11,1,41,7.03,8
2026-02-17 12:00:00,Bengaluru Urban,Fraud,12,1,34,5.26,10
2026-02-17 12:00:00,Kalaburagi,Cybercrime,12,1,31,2.74,7
2026-02-17 13:00:00,Udupi,Assault,13,1,29,5.25,6
2026-02-17 13:00:00,Shivamogga,Theft,13,1,35,5.01,7
2026-02-17 13:00:00,Udupi,Assault,13,1,21,5.41,5
2026-02-17 13:00:00,Davanagere,Theft,13,1,2,2.6,2
2026-02-17 15:00:00,Bengaluru Urban,Assault,15,1,14,5.53,6
2026-02-17 15:00:00,Mangaluru,Assault,15,1,32,1.24,5
2026-02-17 15:00:00,Mangaluru,Fraud,15,1,35,9.27,6
2026-02-17 16:00:00,Shivamogga,Assault,16,1,32,6.3,6
2026-02-17 16:00:00,Belagavi,Theft,16,1,37,2.96,5
2026-02-17 16:00:00,Bengaluru Urban,Theft,16,1,19,4.45,7
2026-02-17 16:00:00,Mangaluru,Cybercrime,16,1,41,1.88,7
2026-02-17 16:00:00,Hubballi-Dharwad,Assault,16,1,12,5.73,5
2026-02-17 17:00:00,Ballari,Assault,17,1,11,7.12,4
2026-02-17 17:00:00,Udupi,Burglary,17,1,43,6.17,8
2026-02-17 17:00:00,Udupi,Cybercrime,17,1,9,4.13,3
2026-02-17 18:00:00,Ballari,Theft,18,1,11,3.29,3
2026-02-17 19:00:00,Udupi,Fraud,19,1,37,6.36,8
2026-02-17 19:00:00,Shivamogga,Assault,19,1,3,4.6,5
2026-02-17 19:00:00,Hubballi-Dharwad,Cybercrime,19,1,7,5.53,4
2026-02-17 20:00:00,Shivamogga,Cybercrime,20,1,11,1.37,3
2026-02-17 20:00:00,Kalaburagi,Cybercrime,20,1,4,1.79,1
2026-02-17 21:00:00,Hubballi-Dharwad,Theft,21,1,24,6.74,7
2026-02-17 21:00:00,Davanagere,Fraud,21,1,15,4.61,4
2026-02-17 21:00:00,Ballari,Burglary,21,1,9,1.46,1
2026-02-17 21:00:00,Udupi,Cybercrime,21,1,6,6.42,4
2026-02-17 21:00:00,Ballari,Fraud,21,1,35,2.45,7
2026-02-17 21:00:00,Davanagere,Assault,21,1,6,9.32,7
2026-02-17 22:00:00,Bengaluru Urban,Theft,22,1,43,4.64,11
2026-02-17 22:00:00,Hubballi-Dharwad,Cybercrime,22,1,42,3.91,8
2026-02-17 22:00:00,Davanagere,Theft,22,1,39,8.22,8
2026-02-17 23:00:00,Udupi,Cybercrime,23,1,20,7.69,5
2026-02-17 23:00:00,Kalaburagi,Cybercrime,23,1,22,6.11,5
2026-02-18 00:00:00,Shivamogga,Cybercrime,0,2,37,6.28,7
2026-02-18 00:00:00,Davanagere,Assault,0,2,10,8.94,4
2026-02-18 01:00:00,Hubballi-Dharwad,Theft,1,2,32,7.62,10
2026-02-18 01:00:00,Belagavi,Fraud,1,2,3,2.73,2
2026-02-18 01:00:00,Bengaluru Urban,Cybercrime,1,2,20,5.63,8
2026-02-18 01:00:00,Mangaluru,Assault,1,2,9,8.89,4
2026-02-18 02:00:00,Mysuru,Theft,2,2,41,5.37,12
2026-02-18 02:00:00,Shivamogga,Fraud,2,2,29,8.06,7
2026-02-18 03:00:00,Belagavi,Cybercrime,3,2,7,7.07,4
2026-02-18 04:00:00,Kalaburagi,Theft,4,2,6,5.37,7
2026-02-18 04:00:00,Udupi,Assault,4,2,44,1.49,8
2026-02-18 04:00:00,Mangaluru,Assault,4,2,12,2.55,4
2026-02-18 04:00:00,Hubballi-Dharwad,Theft,4,2,15,6.75,7
2026-02-18 05:00:00,Kalaburagi,Assault,5,2,16,5.68,4
2026-02-18 05:00:00,Hubballi-Dharwad,Cybercrime,5,2,16,8.32,4
2026-02-18 05:00:00,Mangaluru,Burglary,5,2,39,8.08,12
2026-02-18 05:00:00,Mysuru,Burglary,5,2,9,4.64,6
2026-02-18 06:00:00,Kalaburagi,Cybercrime,6,2,24,3.07,5
2026-02-18 06:00:00,Shivamogga,Burglary,6,2,31,5.78,7
2026-02-18 06:00:00,Davanagere,Burglary,6,2,43,3.86,8
2026-02-18 06:00:00,Shivamogga,Theft,6,2,11,5.58,5
2026-02-18 07:00:00,Mysuru,Assault,7,2,16,8.23,5
2026-02-18 08:00:00,Mysuru,Assault,8,2,16,7.02,5
2026-02-18 08:00:00,Hubballi-Dharwad,Fraud,8,2,39,7.36,8
2026-02-18 08:00:00,Davanagere,Theft,8,2,3,6.69,5
2026-02-18 08:00:00,Shivamogga,Cybercrime,8,2,17,8.46,8
2026-02-18 08:00:00,Shivamogga,Fraud,8,2,40,7.28,7
2026-02-18 09:00:00,Mysuru,Burglary,9,2,9,2.59,4
2026-02-18 09:00:00,Davanagere,Burglary,9,2,31,1.64,5
2026-02-18 09:00:00,Udupi,Fraud,9,2,25,7.37,6
2026-02-18 09:00:00,Hubballi-Dharwad,Fraud,9,2,39,5.46,8
2026-02-18 10:00:00,Mangaluru,Assault,10,2,21,6.54,7
2026-02-18 10:00:00,Belagavi,Assault,10,2,21,6.06,7
2026-02-18 11:00:00,Hubballi-Dharwad,Fraud,11,2,22,4.31,4
2026-02-18 11:00:00,Mysuru,Fraud,11,2,32,4.1,5
2026-02-18 11:00:00,Mysuru,Fraud,11,2,24,3.45,6
2026-02-18 12:00:00,Udupi,Burglary,12,2,37,6.74,7
2026-02-18 12:00:00,Kalaburagi,Theft,12,2,36,1.53,6
2026-02-18 13:00:00,Udupi,Theft,13,2,43,9.04,9
2026-02-18 13:00:00,Kalaburagi,Cybercrime,13,2,16,5.77,7
2026-02-18 13:00:00,Mysuru,Fraud,13,2,40,3.79,8
2026-02-18 15:00:00,Shivamogga,Assault,15,2,20,3.69,5
2026-02-18 16:00:00,Belagavi,Burglary,16,2,37,4.57,7
2026-02-18 16:00:00,Kalaburagi,Cybercrime,16,2,28,3.78,8
2026-02-18 17:00:00,Shivamogga,Fraud,17,2,34,7.27,8
2026-02-18 17:00:00,Hubballi-Dharwad,Theft,17,2,25,6.07,5
2026-02-18 17:00:00,Davanagere,Theft,17,2,8,6.2,4
2026-02-18 18:00:00,Ballari,Burglary,18,2,16,6.33,5
2026-02-18 19:00:00,Shivamogga,Assault,19,2,9,5.21,5
2026-02-18 20:00:00,Davanagere,Theft,20,2,20,2.22,4
2026-02-18 20:00:00,Belagavi,Assault,20,2,11,7.69,7
2026-02-18 21:00:00,Hubballi-Dharwad,Fraud,21,2,11,1.73,2
2026-02-18 22:00:00,Bengaluru Urban,Assault,22,2,12,7.51,10
2026-02-19 00:00:00,Kalaburagi,Theft,0,3,18,3.2,5
2026-02-19 00:00:00,Shivamogga,Theft,0,3,18,7.75,8
2026-02-19 01:00:00,Hubballi-Dharwad,Theft,1,3,10,5.78,6
2026-02-19 01:00:00,Shivamogga,Assault,1,3,4,2.15,2
2026-02-19 01:00:00,Shivamogga,Assault,1,3,44,7.24,8
2026-02-19 02:00:00,Mangaluru,Theft,2,3,15,6.31,8
2026-02-19 02:00:00,Shivamogga,Cybercrime,2,3,41,5.43,7
2026-02-19 02:00:00,Mangaluru,Assault,2,3,28,2.53,5
2026-02-19 03:00:00,Mysuru,Burglary,3,3,29,9.26,9
2026-02-19 04:00:00,Shivamogga,Burglary,4,3,18,7.1,8
2026-02-19 04:00:00,Ballari,Assault,4,3,21,7.02,7
2026-02-19 05:00:00,Bengaluru Urban,Assault,5,3,25,2.33,7
2026-02-19 05:00:00,Mysuru,Theft,5,3,22,5.12,10
2026-02-19 05:00:00,Mysuru,Burglary,5,3,2,8.75,6
2026-02-19 05:00:00,Shivamogga,Assault,5,3,26,2.14,5
2026-02-19 05:00:00,Mysuru,Cybercrime,5,3,25,8.56,6
2026-02-19 06:00:00,Ballari,Assault,6,3,35,8.55,8
2026-02-19 06:00:00,Belagavi,Assault,6,3,3,3.75,3
2026-02-19 06:00:00,Davanagere,Burglary,6,3,32,8.55,9
2026-02-19 06:00:00,Ballari,Fraud,6,3,9,1.32,2
2026-02-19 07:00:00,Bengaluru Urban,Theft,7,3,18,5.85,8
2026-02-19 07:00:00,Mysuru,Cybercrime,7,3,9,6.06,3
2026-02-19 08:00:00,Bengaluru Urban,Assault,8,3,36,6.28,9
2026-02-19 08:00:00,Ballari,Theft,8,3,15,5.14,4
2026-02-19 08:00:00,Ballari,Burglary,8,3,11,8.9,4
2026-02-19 08:00:00,Mysuru,Burglary,8,3,12,9.37,4
2026-02-19 09:00:00,Udupi,Theft,9,3,14,5.23,5
2026-02-19 09:00:00,Davanagere,Burglary,9,3,34,2.53,5
2026-02-19 09:00:00,Hubballi-Dharwad,Fraud,9,3,43,8.65,9
2026-02-19 10:00:00,Belagavi,Assault,10,3,5,8.45,4
2026-02-19 10:00:00,Belagavi,Theft,10,3,40,3.67,7
2026-02-19 11:00:00,Kalaburagi,Fraud,11,3,33,5.9,8
2026-02-19 11:00:00,Davanagere,Assault,11,3,17,3.3,4
2026-02-19 11:00:00,Udupi,Assault,11,3,19,2.94,5
2026-02-19 11:00:00,Hubballi-Dharwad,Burglary,11,3,28,9.39,7
2026-02-19 12:00:00,Kalaburagi,Cybercrime,12,3,9,8.71,7
2026-02-19 12:00:00,Mysuru,Cybercrime,12,3,21,6.05,7
2026-02-19 13:00:00,Davanagere,Theft,13,3,39,5.96,7
2026-02-19 13:00:00,Belagavi,Theft,13,3,4,6.23,3
2026-02-19 13:00:00,Hubballi-Dharwad,Assault,13,3,15,6.85,4
2026-02-19 13:00:00,Belagavi,Fraud,13,3,10,6.01,4
2026-02-19 13:00:00,Davanagere,Cybercrime,13,3,14,4.15,6
2026-02-19 14:00:00,Shivamogga,Theft,14,3,8,5.32,4
2026-02-19 14:00:00,Bengaluru Urban,Assault,14,3,4,4.04,5
2026-02-19 14:00:00,Belagavi,Burglary,14,3,34,8.95,8
2026-02-19 14:00:00,Bengaluru Urban,Burglary,14,3,38,5.54,10
2026-02-19 15:00:00,Mangaluru,Fraud,15,3,24,5.92,6
2026-02-19 15:00:00,Belagavi,Theft,15,3,31,7.72,7
2026-02-19 16:00:00,Hubballi-Dharwad,Assault,16,3,16,4.87,4
2026-02-19 17:00:00,Kalaburagi,Fraud,17,3,22,8.86,7
2026-02-19 17:00:00,Hubballi-Dharwad,Assault,17,3,31,4.63,7
2026-02-19 17:00:00,Shivamogga,Theft,17,3,43,6.52,8
2026-02-19 18:00:00,Bengaluru Urban,Burglary,18,3,33,6.37,9
2026-02-19 18:00:00,Belagavi,Burglary,18,3,4,5.66,2
2026-02-19 18:00:00,Udupi,Assault,18,3,33,7.13,8
2026-02-19 18:00:00,Kalaburagi,Burglary,18,3,22,3.61,6
2026-02-19 18:00:00,Shivamogga,Assault,18,3,23,4.81,6
2026-02-19 18:00:00,Udupi,Cybercrime,18,3,5,3.43,2
2026-02-19 19:00:00,Ballari,Assault,19,3,9,5.33,6
2026-02-19 19:00:00,Shivamogga,Assault,19,3,44,8.36,12
2026-02-19 19:00:00,Bengaluru Urban,Burglary,19,3,14,5.57,8
2026-02-19 19:00:00,Udupi,Cybercrime,19,3,10,5.25,4
2026-02-19 20:00:00,Mangaluru,Assault,20,3,29,4.08,9
2026-02-19 20:00:00,Mysuru,Fraud,20,3,5,4.76,4
2026-02-19 20:00:00,Mysuru,Theft,20,3,25,8.93,7
2026-02-19 20:00:00,Ballari,Cybercrime,20,3,42,2.98,6
2026-02-19 20:00:00,Hubballi-Dharwad,Assault,20,3,34,7.67,9
2026-02-19 20:00:00,Udupi,Fraud,20,3,30,3.64,7
2026-02-19 21:00:00,Belagavi,Fraud,21,3,3,4.22,1
2026-02-19 21:00:00,Mangaluru,Theft,21,3,35,4.73,6
2026-02-19 22:00:00,Belagavi,Fraud,22,3,32,7.17,7
2026-02-19 22:00:00,Hubballi-Dharwad,Fraud,22,3,15,8.02,6
2026-02-19 22:00:00,Hubballi-Dharwad,Burglary,22,3,33,4.45,7
2026-02-19 22:00:00,Udupi,Burglary,22,3,38,8.79,8
2026-02-19 23:00:00,Udupi,Fraud,23,3,42,1.53,7
2026-02-19 23:00:00,Ballari,Cybercrime,23,3,28,6.7,6
2026-02-20 00:00:00,Mysuru,Burglary,0,4,13,2.72,6
2026-02-20 00:00:00,Bengaluru Urban,Cybercrime,0,4,3,1.68,5
2026-02-20 01:00:00,Mysuru,Theft,1,4,38,7.43,11
2026-02-20 01:00:00,Hubballi-Dharwad,Fraud,1,4,17,6.13,5
2026-02-20 01:00:00,Belagavi,Cybercrime,1,4,44,6.5,8
2026-02-20 01:00:00,Davanagere,Burglary,1,4,41,9.34,12
2026-02-20 02:00:00,Mangaluru,Fraud,2,4,38,4.16,7
2026-02-20 02:00:00,Belagavi,Cybercrime,2,4,26,6.58,5
2026-02-20 03:00:00,Ballari,Fraud,3,4,9,4.43,3
2026-02-20 03:00:00,Udupi,Burglary,3,4,24,3.18,7
2026-02-20 03:00:00,Bengaluru Urban,Burglary,3,4,18,6.28,12
2026-02-20 04:00:00,Mysuru,Cybercrime,4,4,5,6.73,4
2026-02-20 04:00:00,Mangaluru,Fraud,4,4,19,7.81,6
2026-02-20 04:00:00,Belagavi,Cybercrime,4,4,17,2.23,2
2026-02-20 05:00:00,Belagavi,Assault,5,4,15,5.02,5
2026-02-20 06:00:00,Bengaluru Urban,Cybercrime,6,4,29,7.31,9
2026-02-20 07:00:00,Bengaluru Urban,Theft,7,4,23,5.45,8
2026-02-20 08:00:00,Shivamogga,Theft,8,4,23,6.09,5
2026-02-20 08:00:00,Hubballi-Dharwad,Cybercrime,8,4,4,9.44,6
2026-02-20 08:00:00,Kalaburagi,Theft,8,4,28,6.33,7
2026-02-20 10:00:00,Belagavi,Theft,10,4,6,7.48,4
2026-02-20 10:00:00,Bengaluru Urban,Theft,10,4,9,2.11,7
2026-02-20 10:00:00,Shivamogga,Assault,10,4,28,3.43,6
2026-02-20 10:00:00,Udupi,Assault,10,4,42,6.61,8
2026-02-20 11:00:00,Mysuru,Assault,11,4,14,8.77,6
2026-02-20 11:00:00,Mangaluru,Fraud,11,4,32,6.52,7
2026-02-20 11:00:00,Mysuru,Burglary,11,4,18,6.35,4
2026-02-20 12:00:00,Udupi,Fraud,12,4,32,2.5,5
2026-02-20 12:00:00,Bengaluru Urban,Cybercrime,12,4,15,6.99,10
2026-02-20 12:00:00,Davanagere,Assault,12,4,14,5.29,4
2026-02-20 12:00:00,Mysuru,Cybercrime,12,4,9,2.03,4
2026-02-20 13:00:00,Udupi,Theft,13,4,21,6.29,6
2026-02-20 15:00:00,Belagavi,Assault,15,4,23,4.56,4
2026-02-20 15:00:00,Hubballi-Dharwad,Theft,15,4,40,5.88,7
2026-02-20 15:00:00,Mysuru,Fraud,15,4,7,8.94,3
2026-02-20 16:00:00,Udupi,Burglary,16,4,25,2.81,3
2026-02-20 16:00:00,Shivamogga,Fraud,16,4,21,8.57,5
2026-02-20 16:00:00,Udupi,Assault,16,4,14,9.42,6
2026-02-20 18:00:00,Davanagere,Cybercrime,18,4,13,1.49,3
2026-02-20 19:00:00,Bengaluru Urban,Theft,19,4,10,2.23,7
2026-02-20 20:00:00,Ballari,Assault,20,4,17,8.94,7
2026-02-20 20:00:00,Mysuru,Assault,20,4,21,7.01,8
2026-02-20 20:00:00,Hubballi-Dharwad,Assault,20,4,16,6.68,7
2026-02-20 21:00:00,Kalaburagi,Fraud,21,4,8,6.59,2
2026-02-20 21:00:00,Mysuru,Fraud,21,4,27,7.99,5
2026-02-20 21:00:00,Shivamogga,Assault,21,4,3,2.47,4
2026-02-20 22:00:00,Hubballi-Dharwad,Burglary,22,4,19,6.34,6
2026-02-20 22:00:00,Belagavi,Fraud,22,4,27,2.7,5
2026-02-20 23:00:00,Mangaluru,Cybercrime,23,4,21,2.32,4
2026-02-21 00:00:00,Hubballi-Dharwad,Cybercrime,0,5,37,6.53,8
2026-02-21 00:00:00,Mysuru,Burglary,0,5,11,4.33,5
2026-02-21 00:00:00,Udupi,Cybercrime,0,5,21,5.72,6
2026-02-21 01:00:00,Belagavi,Assault,1,5,14,8.16,5
2026-02-21 01:00:00,Hubballi-Dharwad,Fraud,1,5,38,3.82,7
2026-02-21 02:00:00,Mangaluru,Cybercrime,2,5,16,4.92,5
2026-02-21 03:00:00,Kalaburagi,Assault,3,5,27,1.47,4
2026-02-21 03:00:00,Davanagere,Cybercrime,3,5,39,9.29,9
2026-02-21 04:00:00,Davanagere,Assault,4,5,21,5.37,5
2026-02-21 06:00:00,Udupi,Burglary,6,5,38,7.41,7
2026-02-21 06:00:00,Belagavi,Burglary,6,5,40,4.81,8
2026-02-21 06:00:00,Belagavi,Theft,6,5,15,5.91,4
2026-02-21 06:00:00,Kalaburagi,Assault,6,5,31,7.28,7
2026-02-21 06:00:00,Mangaluru,Theft,6,5,33,8.71,8
2026-02-21 06:00:00,Mangaluru,Assault,6,5,41,7.88,8
2026-02-21 07:00:00,Mysuru,Theft,7,5,12,6.74,4
2026-02-21 07:00:00,Shivamogga,Cybercrime,7,5,44,4.53,8
2026-02-21 07:00:00,Ballari,Fraud,7,5,25,8.46,7
2026-02-21 08:00:00,Shivamogga,Theft,8,5,27,8.25,6
2026-02-21 08:00:00,Mangaluru,Assault,8,5,17,4.21,5
2026-02-21 09:00:00,Belagavi,Cybercrime,9,5,9,4.4,3
2026-02-21 09:00:00,Shivamogga,Theft,9,5,17,7.49,5
2026-02-21 10:00:00,Mysuru,Assault,10,5,40,5.54,6
2026-02-21 10:00:00,Bengaluru Urban,Fraud,10,5,13,8.24,7
2026-02-21 10:00:00,Bengaluru Urban,Theft,10,5,34,2.49,9
2026-02-21 10:00:00,Bengaluru Urban,Fraud,10,5,10,6.89,6
2026-02-21 10:00:00,Ballari,Assault,10,5,41,4.15,7
2026-02-21 10:00:00,Mangaluru,Theft,10,5,29,8.46,7
2026-02-21 11:00:00,Ballari,Fraud,11,5,19,1.77,4
2026-02-21 11:00:00,Kalaburagi,Burglary,11,5,4,3.6,2
2026-02-21 11:00:00,Kalaburagi,Theft,11,5,31,6.85,6
2026-02-21 11:00:00,Udupi,Assault,11,5,11,8.27,5
2026-02-21 11:00:00,Shivamogga,Fraud,11,5,14,2.08,5
2026-02-21 12:00:00,Shivamogga,Assault,12,5,5,4.86,2
2026-02-21 13:00:00,Bengaluru Urban,Theft,13,5,19,2.22,8
2026-02-21 13:00:00,Belagavi,Cybercrime,13,5,32,5.26,8
2026-02-21 13:00:00,Kalaburagi,Cybercrime,13,5,7,8.45,7
2026-02-21 14:00:00,Mysuru,Burglary,14,5,16,1.99,3
2026-02-21 15:00:00,Davanagere,Assault,15,5,19,7.33,6
2026-02-21 16:00:00,Mangaluru,Assault,16,5,42,5.25,8
2026-02-21 16:00:00,Ballari,Fraud,16,5,34,1.41,6
2026-02-21 17:00:00,Hubballi-Dharwad,Assault,17,5,44,2.11,6
2026-02-21 17:00:00,Udupi,Cybercrime,17,5,41,9.02,11
2026-02-21 17:00:00,Davanagere,Cybercrime,17,5,17,7.25,6
2026-02-21 17:00:00,Davanagere,Cybercrime,17,5,21,1.42,5
2026-02-21 18:00:00,Shivamogga,Assault,18,5,9,8.96,5
2026-02-21 18:00:00,Ballari,Theft,18,5,29,4.35,5
2026-02-21 18:00:00,Udupi,Fraud,18,5,33,3.36,6
2026-02-21 18:00:00,Udupi,Assault,18,5,39,7.88,8
2026-02-21 18:00:00,Hubballi-Dharwad,Assault,18,5,13,8.31,7
2026-02-21 19:00:00,Bengaluru Urban,Assault,19,5,41,5.72,12
2026-02-21 19:00:00,Kalaburagi,Burglary,19,5,18,4.64,5
2026-02-21 20:00:00,Davanagere,Burglary,20,5,33,7.74,7
2026-02-21 20:00:00,Shivamogga,Assault,20,5,39,1.81,8
2026-02-21 20:00:00,Mysuru,Cybercrime,20,5,20,7.32,7
2026-02-21 20:00:00,Mangaluru,Theft,20,5,4,4.47,3
2026-02-21 21:00:00,Udupi,Burglary,21,5,27,2.56,6
2026-02-21 22:00:00,Belagavi,Theft,22,5,33,3.43,7
2026-02-21 23:00:00,Davanagere,Fraud,23,5,28,6.73,7
2026-02-21 23:00:00,Mangaluru,Theft,23,5,12,5.6,4
2026-02-22 00:00:00,Belagavi,Cybercrime,0,6,27,2.92,5
2026-02-22 00:00:00,Bengaluru Urban,Burglary,0,6,12,5.37,10
2026-02-22 00:00:00,Mangaluru,Assault,0,6,29,6.25,7
2026-02-22 00:00:00,Hubballi-Dharwad,Cybercrime,0,6,42,9.41,8
2026-02-22 01:00:00,Hubballi-Dharwad,Fraud,1,6,39,6.44,7
2026-02-22 01:00:00,Davanagere,Fraud,1,6,9,8.28,5
2026-02-22 02:00:00,Udupi,Theft,2,6,13,3.55,8
2026-02-22 02:00:00,Hubballi-Dharwad,Burglary,2,6,19,2.58,7
2026-02-22 02:00:00,Davanagere,Fraud,2,6,7,1.72,3
2026-02-22 02:00:00,Mysuru,Fraud,2,6,17,6.74,5
2026-02-22 02:00:00,Kalaburagi,Theft,2,6,14,2.67,7
2026-02-22 03:00:00,Kalaburagi,Theft,3,6,16,7.74,8
2026-02-22 03:00:00,Hubballi-Dharwad,Assault,3,6,4,2.41,2
2026-02-22 03:00:00,Belagavi,Assault,3,6,7,6.24,4
2026-02-22 04:00:00,Ballari,Assault,4,6,23,4.92,5
2026-02-22 05:00:00,Davanagere,Cybercrime,5,6,31,7.44,6
2026-02-22 06:00:00,Ballari,Burglary,6,6,25,1.41,4
2026-02-22 06:00:00,Udupi,Cybercrime,6,6,16,5.89,5
2026-02-22 06:00:00,Shivamogga,Fraud,6,6,42,6.43,8
2026-02-22 06:00:00,Kalaburagi,Fraud,6,6,40,4.6,7
2026-02-22 08:00:00,Belagavi,Theft,8,6,43,8.33,10
2026-02-22 08:00:00,Hubballi-Dharwad,Cybercrime,8,6,12,6.96,4
2026-02-22 08:00:00,Ballari,Burglary,8,6,34,3.84,5
2026-02-22 08:00:00,Shivamogga,Fraud,8,6,24,8.14,8
2026-02-22 09:00:00,Udupi,Assault,9,6,26,4.21,5
2026-02-22 09:00:00,Davanagere,Theft,9,6,25,6.95,6
2026-02-22 11:00:00,Mangaluru,Burglary,11,6,32,4.6,6
2026-02-22 11:00:00,Mangaluru,Theft,11,6,37,7.86,8
2026-02-22 12:00:00,Mangaluru,Assault,12,6,44,2.87,6
2026-02-22 13:00:00,Mysuru,Cybercrime,13,6,39,5.34,11
2026-02-22 13:00:00,Davanagere,Assault,13,6,8,7.49,5
2026-02-22 14:00:00,Udupi,Fraud,14,6,31,5.22,5
2026-02-22 14:00:00,Ballari,Assault,14,6,30,7.58,6
2026-02-22 14:00:00,Udupi,Burglary,14,6,17,7.25,6
2026-02-22 14:00:00,Shivamogga,Assault,14,6,36,3.53,6
2026-02-22 16:00:00,Udupi,Burglary,16,6,44,2.17,7
2026-02-22 16:00:00,Hubballi-Dharwad,Burglary,16,6,14,3.46,3
2026-02-22 16:00:00,Ballari,Theft,16,6,11,6.32,5
2026-02-22 16:00:00,Ballari,Cybercrime,16,6,37,3.46,8
2026-02-22 16:00:00,Shivamogga,Fraud,16,6,27,7.13,7
2026-02-22 17:00:00,Mangaluru,Fraud,17,6,11,5.03,4
2026-02-22 17:00:00,Hubballi-Dharwad,Assault,17,6,27,1.72,5
2026-02-22 17:00:00,Ballari,Theft,17,6,29,3.54,6
2026-02-22 17:00:00,Mysuru,Burglary,17,6,11,2.85,4
2026-02-22 18:00:00,Ballari,Burglary,18,6,21,1.22,4
2026-02-22 18:00:00,Davanagere,Cybercrime,18,6,26,5.0,6
2026-02-22 18:00:00,Belagavi,Burglary,18,6,3,4.14,3
2026-02-22 18:00:00,Kalaburagi,Cybercrime,18,6,29,9.5,8
2026-02-22 19:00:00,Davanagere,Assault,19,6,13,3.49,6
2026-02-22 19:00:00,Mysuru,Theft,19,6,4,7.36,5
2026-02-22 20:00:00,Mysuru,Cybercrime,20,6,19,3.89,4
2026-02-22 20:00:00,Shivamogga,Theft,20,6,38,4.03,7
2026-02-22 20:00:00,Davanagere,Assault,20,6,23,7.45,8
2026-02-22 21:00:00,Hubballi-Dharwad,Burglary,21,6,17,3.61,5
2026-02-22 21:00:00,Bengaluru Urban,Fraud,21,6,17,2.99,6
2026-02-22 21:00:00,Mangaluru,Theft,21,6,21,7.02,6
2026-02-22 22:00:00,Shivamogga,Theft,22,6,2,2.19,4
2026-02-22 22:00:00,Bengaluru Urban,Burglary,22,6,24,1.87,7
2026-02-22 22:00:00,Mangaluru,Cybercrime,22,6,8,9.49,5
2026-02-22 23:00:00,Mangaluru,Burglary,23,6,35,4.3,7
2026-02-22 23:00:00,Hubballi-Dharwad,Assault,23,6,17,5.3,6
2026-02-22 23:00:00,Belagavi,Theft,23,6,9,8.99,5
2026-02-23 00:00:00,Davanagere,Assault,0,0,10,2.66,3
2026-02-23 00:00:00,Udupi,Fraud,0,0,22,8.44,4
2026-02-23 00:00:00,Kalaburagi,Fraud,0,0,37,9.41,9
2026-02-23 01:00:00,Belagavi,Cybercrime,1,0,37,8.45,8
2026-02-23 01:00:00,Ballari,Cybercrime,1,0,10,7.43,5
2026-02-23 01:00:00,Shivamogga,Fraud,1,0,39,6.48,9
2026-02-23 02:00:00,Mangaluru,Burglary,2,0,18,6.12,9
2026-02-23 02:00:00,Mangaluru,Burglary,2,0,15,2.82,7
2026-02-23 02:00:00,Mysuru,Cybercrime,2,0,6,4.04,4
2026-02-23 04:00:00,Udupi,Cybercrime,4,0,29,4.26,6
2026-02-23 04:00:00,Kalaburagi,Burglary,4,0,28,2.09,9
2026-02-23 05:00:00,Kalaburagi,Assault,5,0,10,5.73,3
2026-02-23 05:00:00,Kalaburagi,Assault,5,0,6,2.78,2
2026-02-23 05:00:00,Hubballi-Dharwad,Cybercrime,5,0,38,4.95,6
2026-02-23 06:00:00,Hubballi-Dharwad,Assault,6,0,19,3.26,5
2026-02-23 06:00:00,Mangaluru,Theft,6,0,43,7.41,9
2026-02-23 07:00:00,Davanagere,Assault,7,0,5,4.58,3
2026-02-23 08:00:00,Belagavi,Theft,8,0,15,9.44,5
2026-02-23 11:00:00,Udupi,Assault,11,0,16,4.6,6
2026-02-23 12:00:00,Kalaburagi,Assault,12,0,32,4.69,7
2026-02-23 12:00:00,Bengaluru Urban,Assault,12,0,4,5.6,7
2026-02-23 12:00:00,Hubballi-Dharwad,Burglary,12,0,2,7.71,3
2026-02-23 12:00:00,Shivamogga,Fraud,12,0,6,9.0,5
2026-02-23 14:00:00,Kalaburagi,Cybercrime,14,0,27,3.23,8
2026-02-23 14:00:00,Mangaluru,Cybercrime,14,0,33,3.02,10
2026-02-23 14:00:00,Shivamogga,Theft,14,0,23,5.56,6
2026-02-23 14:00:00,Kalaburagi,Burglary,14,0,43,9.27,10
2026-02-23 15:00:00,Hubballi-Dharwad,Burglary,15,0,11,3.43,4
2026-02-23 15:00:00,Mysuru,Burglary,15,0,40,1.22,6
2026-02-23 15:00:00,Hubballi-Dharwad,Fraud,15,0,43,3.22,8
2026-02-23 15:00:00,Mysuru,Theft,15,0,33,7.7,8
2026-02-23 15:00:00,Mysuru,Burglary,15,0,7,7.16,4
2026-02-23 16:00:00,Mysuru,Theft,16,0,30,3.02,5
2026-02-23 17:00:00,Davanagere,Fraud,17,0,36,2.08,6
2026-02-23 17:00:00,Belagavi,Burglary,17,0,26,7.75,6
2026-02-23 17:00:00,Ballari,Theft,17,0,42,7.39,9
2026-02-23 17:00:00,Mysuru,Theft,17,0,22,2.68,4
2026-02-23 18:00:00,Udupi,Fraud,18,0,37,2.82,7
2026-02-23 18:00:00,Shivamogga,Assault,18,0,20,7.43,5
2026-02-23 19:00:00,Kalaburagi,Assault,19,0,23,8.03,9
2026-02-23 19:00:00,Shivamogga,Cybercrime,19,0,35,2.94,6
2026-02-23 19:00:00,Shivamogga,Theft,19,0,39,2.05,8
2026-02-23 20:00:00,Belagavi,Burglary,20,0,25,3.3,6
2026-02-23 20:00:00,Ballari,Cybercrime,20,0,5,1.94,2
2026-02-23 20:00:00,Davanagere,Fraud,20,0,5,4.49,3
2026-02-23 20:00:00,Hubballi-Dharwad,Assault,20,0,44,9.1,11
2026-02-23 21:00:00,Kalaburagi,Assault,21,0,27,3.26,6
2026-02-23 21:00:00,Mysuru,Theft,21,0,32,7.9,6
2026-02-23 21:00:00,Hubballi-Dharwad,Assault,21,0,43,2.09,9
2026-02-23 21:00:00,Mysuru,Fraud,21,0,25,5.07,7
2026-02-23 22:00:00,Hubballi-Dharwad,Burglary,22,0,8,5.91,3
2026-02-23 22:00:00,Kalaburagi,Cybercrime,22,0,5,4.36,2
2026-02-23 22:00:00,Udupi,Fraud,22,0,27,4.65,5
2026-02-23 22:00:00,Belagavi,Burglary,22,0,5,7.19,3
2026-02-23 23:00:00,Davanagere,Fraud,23,0,42,3.13,6
2026-02-23 23:00:00,Bengaluru Urban,Fraud,23,0,32,5.93,9
2026-02-24 00:00:00,Ballari,Fraud,0,1,16,2.95,4
2026-02-24 00:00:00,Hubballi-Dharwad,Theft,0,1,30,2.89,8
2026-02-24 00:00:00,Hubballi-Dharwad,Burglary,0,1,28,7.78,11
2026-02-24 00:00:00,Davanagere,Cybercrime,0,1,29,8.71,7
2026-02-24 01:00:00,Bengaluru Urban,Cybercrime,1,1,30,3.46,9
2026-02-24 02:00:00,Udupi,Theft,2,1,18,3.2,8
2026-02-24 02:00:00,Belagavi,Fraud,2,1,32,1.91,4
2026-02-24 02:00:00,Kalaburagi,Theft,2,1,20,4.78,9
2026-02-24 02:00:00,Bengaluru Urban,Assault,2,1,24,2.2,7
2026-02-24 03:00:00,Hubballi-Dharwad,Fraud,3,1,35,4.91,6
2026-02-24 03:00:00,Hubballi-Dharwad,Burglary,3,1,41,7.59,11
2026-02-24 03:00:00,Udupi,Assault,3,1,6,6.95,3
2026-02-24 03:00:00,Mysuru,Theft,3,1,21,6.4,8
2026-02-24 03:00:00,Bengaluru Urban,Fraud,3,1,42,1.72,9
2026-02-24 03:00:00,Mangaluru,Cybercrime,3,1,29,3.28,6
2026-02-24 03:00:00,Hubballi-Dharwad,Fraud,3,1,12,7.47,6
2026-02-24 03:00:00,Mangaluru,Cybercrime,3,1,23,3.92,5
2026-02-24 04:00:00,Mangaluru,Burglary,4,1,10,7.79,6
2026-02-24 04:00:00,Ballari,Cybercrime,4,1,19,3.23,4
2026-02-24 05:00:00,Mangaluru,Burglary,5,1,40,7.25,10
2026-02-24 06:00:00,Mangaluru,Cybercrime,6,1,15,1.33,2
2026-02-24 06:00:00,Davanagere,Assault,6,1,41,6.42,7
2026-02-24 06:00:00,Udupi,Burglary,6,1,24,8.46,6
2026-02-24 07:00:00,Bengaluru Urban,Burglary,7,1,37,3.03,9
2026-02-24 08:00:00,Belagavi,Cybercrime,8,1,17,7.94,6
2026-02-24 09:00:00,Udupi,Burglary,9,1,2,1.72,3
2026-02-24 09:00:00,Bengaluru Urban,Theft,9,1,15,7.52,7
2026-02-24 10:00:00,Shivamogga,Assault,10,1,24,4.23,7
2026-02-24 11:00:00,Belagavi,Theft,11,1,38,5.71,6
2026-02-24 11:00:00,Belagavi,Assault,11,1,30,9.06,8
2026-02-24 11:00:00,Mysuru,Assault,11,1,9,5.37,3
2026-02-24 11:00:00,Mysuru,Burglary,11,1,29,8.28,7
2026-02-24 11:00:00,Hubballi-Dharwad,Assault,11,1,39,1.24,5
2026-02-24 12:00:00,Kalaburagi,Burglary,12,1,8,2.13,4
2026-02-24 12:00:00,Hubballi-Dharwad,Burglary,12,1,11,7.76,5
2026-02-24 12:00:00,Shivamogga,Theft,12,1,13,6.22,4
2026-02-24 13:00:00,Mangaluru,Fraud,13,1,21,4.5,5
2026-02-24 13:00:00,Mangaluru,Cybercrime,13,1,3,7.12,5
2026-02-24 13:00:00,Mysuru,Theft,13,1,30,7.5,7
2026-02-24 14:00:00,Mangaluru,Assault,14,1,18,1.36,3
2026-02-24 14:00:00,Davanagere,Assault,14,1,12,9.5,5
2026-02-24 14:00:00,Belagavi,Cybercrime,14,1,10,9.3,6
2026-02-24 14:00:00,Belagavi,Theft,14,1,35,4.59,7
2026-02-24 15:00:00,Davanagere,Assault,15,1,12,7.47,5
2026-02-24 15:00:00,Ballari,Assault,15,1,17,4.5,4
2026-02-24 15:00:00,Belagavi,Cybercrime,15,1,39,3.04,7
2026-02-24 15:00:00,Bengaluru Urban,Burglary,15,1,7,2.41,5
2026-02-24 16:00:00,Shivamogga,Theft,16,1,34,8.54,9
2026-02-24 18:00:00,Mysuru,Theft,18,1,4,1.57,3
2026-02-24 18:00:00,Ballari,Burglary,18,1,41,7.12,7
2026-02-24 19:00:00,Mangaluru,Fraud,19,1,24,5.2,6
2026-02-24 19:00:00,Davanagere,Fraud,19,1,40,8.06,8
2026-02-24 19:00:00,Mangaluru,Cybercrime,19,1,14,8.09,6
2026-02-24 20:00:00,Davanagere,Assault,20,1,10,7.73,6
2026-02-24 20:00:00,Mysuru,Assault,20,1,33,5.26,9
2026-02-24 20:00:00,Davanagere,Fraud,20,1,38,4.55,8
2026-02-24 22:00:00,Ballari,Theft,22,1,13,9.44,5
2026-02-24 22:00:00,Belagavi,Fraud,22,1,12,6.49,5
2026-02-24 22:00:00,Bengaluru Urban,Fraud,22,1,12,6.18,7
2026-02-24 23:00:00,Mangaluru,Fraud,23,1,12,5.09,5
2026-02-25 00:00:00,Ballari,Assault,0,2,34,3.22,5
2026-02-25 01:00:00,Kalaburagi,Burglary,1,2,14,6.37,7
2026-02-25 01:00:00,Ballari,Fraud,1,2,10,3.62,3
2026-02-25 03:00:00,Mysuru,Burglary,3,2,21,6.83,8
2026-02-25 03:00:00,Davanagere,Theft,3,2,15,4.01,7
2026-02-25 03:00:00,Mysuru,Assault,3,2,8,8.67,4
2026-02-25 04:00:00,Shivamogga,Assault,4,2,16,5.08,4
2026-02-25 04:00:00,Ballari,Fraud,4,2,13,4.89,4
2026-02-25 05:00:00,Udupi,Fraud,5,2,36,9.37,7
2026-02-25 05:00:00,Bengaluru Urban,Assault,5,2,21,2.1,7
2026-02-25 05:00:00,Davanagere,Burglary,5,2,32,7.87,10
2026-02-25 07:00:00,Hubballi-Dharwad,Theft,7,2,25,1.88,5
2026-02-25 07:00:00,Kalaburagi,Fraud,7,2,13,1.47,3
2026-02-25 07:00:00,Ballari,Cybercrime,7,2,4,2.68,2
2026-02-25 08:00:00,Ballari,Fraud,8,2,22,3.9,5
2026-02-25 09:00:00,Kalaburagi,Burglary,9,2,13,5.89,3
2026-02-25 09:00:00,Shivamogga,Fraud,9,2,24,4.3,6
2026-02-25 09:00:00,Hubballi-Dharwad,Theft,9,2,41,2.11,7
2026-02-25 09:00:00,Mangaluru,Assault,9,2,20,5.02,5
2026-02-25 10:00:00,Udupi,Burglary,10,2,8,7.52,3
2026-02-25 10:00:00,Ballari,Cybercrime,10,2,29,6.07,10
2026-02-25 10:00:00,Kalaburagi,Cybercrime,10,2,38,3.42,9
2026-02-25 10:00:00,Kalaburagi,Burglary,10,2,12,2.62,3
2026-02-25 10:00:00,Belagavi,Cybercrime,10,2,18,2.01,6
2026-02-25 11:00:00,Davanagere,Assault,11,2,29,8.98,7
2026-02-25 12:00:00,Hubballi-Dharwad,Cybercrime,12,2,33,9.21,10
2026-02-25 12:00:00,Mysuru,Assault,12,2,18,6.59,6
2026-02-25 13:00:00,Davanagere,Fraud,13,2,10,6.65,3
2026-02-25 13:00:00,Mangaluru,Cybercrime,13,2,10,5.49,7
2026-02-25 13:00:00,Udupi,Burglary,13,2,6,3.09,1
2026-02-25 14:00:00,Mangaluru,Theft,14,2,28,7.61,7
2026-02-25 15:00:00,Shivamogga,Burglary,15,2,24,9.21,6
2026-02-25 16:00:00,Belagavi,Burglary,16,2,35,6.12,7
2026-02-25 16:00:00,Hubballi-Dharwad,Cybercrime,16,2,23,5.65,7
2026-02-25 17:00:00,Mangaluru,Assault,17,2,29,4.68,6
2026-02-25 18:00:00,Hubballi-Dharwad,Cybercrime,18,2,8,7.97,4
2026-02-25 18:00:00,Davanagere,Burglary,18,2,41,2.96,8
2026-02-25 18:00:00,Shivamogga,Assault,18,2,31,6.29,6
2026-02-25 18:00:00,Davanagere,Burglary,18,2,22,4.15,4
2026-02-25 19:00:00,Mangaluru,Cybercrime,19,2,32,9.12,8
2026-02-25 19:00:00,Mangaluru,Assault,19,2,2,1.95,4
2026-02-25 20:00:00,Shivamogga,Fraud,20,2,31,1.41,4
2026-02-25 20:00:00,Bengaluru Urban,Fraud,20,2,30,3.73,8
2026-02-25 20:00:00,Belagavi,Assault,20,2,23,4.45,6
2026-02-25 21:00:00,Bengaluru Urban,Theft,21,2,26,1.36,7
2026-02-25 21:00:00,Mysuru,Cybercrime,21,2,19,6.06,5
2026-02-25 21:00:00,Mangaluru,Burglary,21,2,38,6.68,7
2026-02-25 21:00:00,Ballari,Assault,21,2,9,6.5,6
2026-02-25 22:00:00,Belagavi,Theft,22,2,12,6.95,6
2026-02-25 22:00:00,Mysuru,Burglary,22,2,11,6.21,3
2026-02-25 22:00:00,Udupi,Assault,22,2,22,5.62,8
2026-02-25 23:00:00,Udupi,Fraud,23,2,44,6.38,9
2026-02-25 23:00:00,Belagavi,Assault,23,2,24,4.78,7
2026-02-26 00:00:00,Shivamogga,Cybercrime,0,3,36,2.42,6
2026-02-26 00:00:00,Kalaburagi,Cybercrime,0,3,37,4.67,8
2026-02-26 01:00:00,Belagavi,Theft,1,3,23,2.51,8
2026-02-26 01:00:00,Ballari,Fraud,1,3,26,4.78,5
2026-02-26 01:00:00,Ballari,Assault,1,3,25,3.92,6
2026-02-26 01:00:00,Belagavi,Cybercrime,1,3,16,3.58,4
2026-02-26 01:00:00,Kalaburagi,Fraud,1,3,23,4.97,4
2026-02-26 04:00:00,Shivamogga,Assault,4,3,2,1.83,1
2026-02-26 04:00:00,Shivamogga,Theft,4,3,4,2.9,5
2026-02-26 05:00:00,Shivamogga,Burglary,5,3,8,3.97,5
2026-02-26 05:00:00,Kalaburagi,Fraud,5,3,4,2.18,2
2026-02-26 05:00:00,Bengaluru Urban,Theft,5,3,38,3.99,13
2026-02-26 05:00:00,Udupi,Assault,5,3,33,1.8,7
2026-02-26 06:00:00,Belagavi,Fraud,6,3,23,3.5,5
2026-02-26 07:00:00,Kalaburagi,Cybercrime,7,3,27,7.3,6
2026-02-26 07:00:00,Mysuru,Cybercrime,7,3,5,8.74,3
2026-02-26 07:00:00,Mangaluru,Burglary,7,3,36,5.88,7
2026-02-26 07:00:00,Udupi,Fraud,7,3,36,9.04,7
2026-02-26 08:00:00,Mysuru,Burglary,8,3,42,3.24,8
2026-02-26 08:00:00,Belagavi,Theft,8,3,16,7.65,5
2026-02-26 08:00:00,Udupi,Cybercrime,8,3,30,6.94,6
2026-02-26 09:00:00,Davanagere,Cybercrime,9,3,21,2.57,4
2026-02-26 09:00:00,Ballari,Theft,9,3,24,7.13,7
2026-02-26 10:00:00,Bengaluru Urban,Fraud,10,3,19,6.62,9
2026-02-26 10:00:00,Mangaluru,Assault,10,3,37,7.26,8
2026-02-26 11:00:00,Ballari,Theft,11,3,36,3.52,6
2026-02-26 11:00:00,Davanagere,Theft,11,3,34,5.14,5
2026-02-26 11:00:00,Mysuru,Assault,11,3,15,1.88,3
2026-02-26 11:00:00,Ballari,Burglary,11,3,31,1.68,4
2026-02-26 12:00:00,Shivamogga,Theft,12,3,14,9.33,6
2026-02-26 12:00:00,Bengaluru Urban,Burglary,12,3,36,3.72,9
2026-02-26 13:00:00,Hubballi-Dharwad,Theft,13,3,32,3.86,7
2026-02-26 13:00:00,Belagavi,Cybercrime,13,3,21,1.65,6
2026-02-26 13:00:00,Bengaluru Urban,Cybercrime,13,3,7,2.69,7
2026-02-26 13:00:00,Udupi,Fraud,13,3,34,6.13,7
2026-02-26 14:00:00,Belagavi,Cybercrime,14,3,30,2.15,7
2026-02-26 14:00:00,Mangaluru,Theft,14,3,6,2.32,2
2026-02-26 14:00:00,Kalaburagi,Cybercrime,14,3,18,9.08,7
2026-02-26 14:00:00,Mangaluru,Assault,14,3,14,1.87,4
2026-02-26 15:00:00,Bengaluru Urban,Fraud,15,3,13,1.89,7
2026-02-26 15:00:00,Hubballi-Dharwad,Cybercrime,15,3,15,9.24,9
2026-02-26 15:00:00,Davanagere,Theft,15,3,3,7.4,4
2026-02-26 16:00:00,Shivamogga,Fraud,16,3,43,3.71,7
2026-02-26 16:00:00,Hubballi-Dharwad,Assault,16,3,17,5.17,5
2026-02-26 16:00:00,Mysuru,Assault,16,3,39,1.99,8
2026-02-26 16:00:00,Belagavi,Cybercrime,16,3,42,3.2,9
2026-02-26 16:00:00,Ballari,Assault,16,3,28,3.27,5
2026-02-26 16:00:00,Bengaluru Urban,Fraud,16,3,33,3.69,9
2026-02-26 17:00:00,Udupi,Fraud,17,3,44,7.12,8
2026-02-26 17:00:00,Davanagere,Cybercrime,17,3,37,5.08,6
2026-02-26 17:00:00,Hubballi-Dharwad,Burglary,17,3,34,8.49,7
2026-02-26 19:00:00,Davanagere,Assault,19,3,32,3.81,8
2026-02-26 19:00:00,Kalaburagi,Burglary,19,3,34,5.93,8
2026-02-26 19:00:00,Udupi,Burglary,19,3,40,5.43,7
2026-02-26 19:00:00,Belagavi,Cybercrime,19,3,17,6.67,5
2026-02-26 20:00:00,Belagavi,Burglary,20,3,19,6.37,5
2026-02-26 20:00:00,Davanagere,Burglary,20,3,16,7.98,5
2026-02-26 20:00:00,Mangaluru,Assault,20,3,15,7.42,8
2026-02-26 20:00:00,Mangaluru,Fraud,20,3,34,2.14,6
2026-02-26 21:00:00,Ballari,Burglary,21,3,18,9.3,6
2026-02-26 21:00:00,Bengaluru Urban,Cybercrime,21,3,30,2.33,8
2026-02-26 21:00:00,Bengaluru Urban,Cybercrime,21,3,18,6.5,8
2026-02-26 21:00:00,Udupi,Fraud,21,3,3,3.79,2
2026-02-26 22:00:00,Mangaluru,Theft,22,3,5,6.8,3
2026-02-26 22:00:00,Mangaluru,Burglary,22,3,2,6.96,4
2026-02-26 23:00:00,Shivamogga,Assault,23,3,27,7.37,8
2026-02-26 23:00:00,Shivamogga,Assault,23,3,8,8.24,7
2026-02-27 00:00:00,Mysuru,Theft,0,4,15,8.61,8
2026-02-27 01:00:00,Mysuru,Fraud,1,4,37,5.11,7
2026-02-27 01:00:00,Shivamogga,Cybercrime,1,4,18,8.52,4
2026-02-27 02:00:00,Bengaluru Urban,Cybercrime,2,4,19,2.26,6
2026-02-27 02:00:00,Mangaluru,Fraud,2,4,40,7.16,8
2026-02-27 02:00:00,Bengaluru Urban,Assault,2,4,9,7.22,8
2026-02-27 03:00:00,Bengaluru Urban,Fraud,3,4,44,6.09,11
2026-02-27 03:00:00,Davanagere,Cybercrime,3,4,23,3.88,4
2026-02-27 03:00:00,Hubballi-Dharwad,Cybercrime,3,4,17,3.99,5
2026-02-27 03:00:00,Belagavi,Theft,3,4,18,6.51,9
2026-02-27 04:00:00,Shivamogga,Assault,4,4,30,6.89,8
2026-02-27 04:00:00,Belagavi,Theft,4,4,35,2.53,9
2026-02-27 04:00:00,Udupi,Burglary,4,4,15,7.69,6
2026-02-27 05:00:00,Mysuru,Theft,5,4,18,7.08,7
2026-02-27 05:00:00,Bengaluru Urban,Assault,5,4,35,6.83,10
2026-02-27 05:00:00,Ballari,Burglary,5,4,2,5.04,4
2026-02-27 06:00:00,Davanagere,Fraud,6,4,27,7.15,6
2026-02-27 06:00:00,Mangaluru,Burglary,6,4,18,3.36,3
2026-02-27 07:00:00,Belagavi,Fraud,7,4,23,9.19,5
2026-02-27 07:00:00,Mysuru,Assault,7,4,36,8.03,9
2026-02-27 08:00:00,Kalaburagi,Assault,8,4,14,2.79,3
2026-02-27 09:00:00,Belagavi,Burglary,9,4,16,1.63,3
2026-02-27 09:00:00,Shivamogga,Theft,9,4,32,4.66,7
2026-02-27 09:00:00,Udupi,Theft,9,4,6,2.87,2
2026-02-27 09:00:00,Hubballi-Dharwad,Cybercrime,9,4,22,4.04,6
2026-02-27 09:00:00,Udupi,Burglary,9,4,29,9.5,9
2026-02-27 10:00:00,Ballari,Theft,10,4,2,2.68,2
2026-02-27 10:00:00,Mangaluru,Burglary,10,4,16,8.05,5
2026-02-27 11:00:00,Bengaluru Urban,Cybercrime,11,4,39,6.28,13
2026-02-27 11:00:00,Kalaburagi,Burglary,11,4,9,2.9,2
2026-02-27 11:00:00,Bengaluru Urban,Fraud,11,4,37,4.63,8
2026-02-27 12:00:00,Bengaluru Urban,Assault,12,4,12,1.97,6
2026-02-27 12:00:00,Belagavi,Assault,12,4,2,7.56,2
2026-02-27 13:00:00,Kalaburagi,Fraud,13,4,42,2.25,6
2026-02-27 14:00:00,Hubballi-Dharwad,Cybercrime,14,4,42,5.23,10
2026-02-27 14:00:00,Belagavi,Assault,14,4,42,1.44,6
2026-02-27 15:00:00,Ballari,Theft,15,4,22,2.4,4
2026-02-27 15:00:00,Ballari,Burglary,15,4,5,5.24,3
2026-02-27 15:00:00,Davanagere,Burglary,15,4,38,3.25,5
2026-02-27 16:00:00,Mysuru,Theft,16,4,25,7.92,7
2026-02-27 16:00:00,Hubballi-Dharwad,Cybercrime,16,4,42,7.17,11
2026-02-27 17:00:00,Bengaluru Urban,Burglary,17,4,16,5.59,7
2026-02-27 17:00:00,Ballari,Cybercrime,17,4,30,4.36,5
2026-02-27 17:00:00,Mysuru,Theft,17,4,31,1.62,5
2026-02-27 18:00:00,Bengaluru Urban,Cybercrime,18,4,18,4.45,7
2026-02-27 18:00:00,Shivamogga,Burglary,18,4,10,8.46,3
2026-02-27 19:00:00,Hubballi-Dharwad,Fraud,19,4,7,9.25,4
2026-02-27 20:00:00,Ballari,Cybercrime,20,4,41,6.97,8
2026-02-27 20:00:00,Bengaluru Urban,Theft,20,4,22,3.89,8
2026-02-27 20:00:00,Mangaluru,Theft,20,4,6,8.44,5
2026-02-27 20:00:00,Bengaluru Urban,Fraud,20,4,25,2.66,8
2026-02-27 21:00:00,Mangaluru,Assault,21,4,26,8.34,8
2026-02-27 22:00:00,Hubballi-Dharwad,Burglary,22,4,40,3.2,7
2026-02-27 22:00:00,Ballari,Assault,22,4,41,1.6,9
2026-02-27 22:00:00,Kalaburagi,Assault,22,4,21,8.95,9
2026-02-27 23:00:00,Udupi,Theft,23,4,2,3.81,1
2026-02-27 23:00:00,Hubballi-Dharwad,Burglary,23,4,28,1.77,5
2026-02-28 00:00:00,Ballari,Theft,0,5,7,5.56,6
2026-02-28 00:00:00,Shivamogga,Fraud,0,5,25,8.13,7
2026-02-28 01:00:00,Shivamogga,Fraud,1,5,44,5.64,9
2026-02-28 01:00:00,Kalaburagi,Fraud,1,5,12,1.91,3
2026-02-28 01:00:00,Udupi,Assault,1,5,37,5.99,8
2026-02-28 02:00:00,Ballari,Fraud,2,5,10,1.49,3
2026-02-28 02:00:00,Hubballi-Dharwad,Fraud,2,5,40,1.26,6
2026-02-28 02:00:00,Mangaluru,Assault,2,5,30,4.4,6
2026-02-28 02:00:00,Belagavi,Burglary,2,5,4,2.08,5
2026-02-28 02:00:00,Bengaluru Urban,Fraud,2,5,21,5.3,8
2026-02-28 03:00:00,Udupi,Burglary,3,5,25,7.33,8
2026-02-28 04:00:00,Mangaluru,Assault,4,5,44,8.93,8
2026-02-28 04:00:00,Kalaburagi,Cybercrime,4,5,12,7.16,4
2026-02-28 05:00:00,Mangaluru,Burglary,5,5,10,2.65,6
2026-02-28 05:00:00,Bengaluru Urban,Cybercrime,5,5,4,8.69,7
2026-02-28 05:00:00,Mangaluru,Cybercrime,5,5,13,5.4,4
2026-02-28 05:00:00,Davanagere,Theft,5,5,6,7.21,7
2026-02-28 05:00:00,Kalaburagi,Fraud,5,5,21,6.8,5
2026-02-28 06:00:00,Hubballi-Dharwad,Burglary,6,5,40,7.55,7
2026-02-28 06:00:00,Belagavi,Fraud,6,5,34,7.2,8
2026-02-28 07:00:00,Udupi,Cybercrime,7,5,20,2.16,4
2026-02-28 07:00:00,Kalaburagi,Theft,7,5,5,5.23,3
2026-02-28 07:00:00,Kalaburagi,Cybercrime,7,5,3,3.43,2
2026-02-28 07:00:00,Ballari,Burglary,7,5,35,8.34,7
2026-02-28 07:00:00,Mangaluru,Cybercrime,7,5,2,5.72,3
2026-02-28 07:00:00,Mysuru,Burglary,7,5,31,6.07,5
2026-02-28 07:00:00,Davanagere,Fraud,7,5,39,9.07,9
2026-02-28 08:00:00,Hubballi-Dharwad,Burglary,8,5,5,1.62,3
2026-02-28 08:00:00,Udupi,Theft,8,5,21,2.74,5
2026-02-28 09:00:00,Kalaburagi,Burglary,9,5,27,8.76,6
2026-02-28 09:00:00,Udupi,Theft,9,5,39,2.66,7
2026-02-28 09:00:00,Shivamogga,Theft,9,5,21,4.98,4
2026-02-28 09:00:00,Belagavi,Cybercrime,9,5,39,7.78,9
2026-02-28 10:00:00,Belagavi,Theft,10,5,31,4.54,6
2026-02-28 10:00:00,Udupi,Theft,10,5,22,4.09,5
2026-02-28 10:00:00,Udupi,Theft,10,5,38,5.73,8
2026-02-28 10:00:00,Davanagere,Fraud,10,5,8,1.41,4
2026-02-28 10:00:00,Davanagere,Assault,10,5,16,8.95,5
2026-02-28 11:00:00,Belagavi,Cybercrime,11,5,4,9.18,5
2026-02-28 11:00:00,Mysuru,Burglary,11,5,32,1.75,5
2026-02-28 11:00:00,Mysuru,Assault,11,5,30,8.71,8
2026-02-28 11:00:00,Udupi,Fraud,11,5,20,9.38,6
2026-02-28 11:00:00,Ballari,Assault,11,5,32,6.71,7
2026-02-28 12:00:00,Davanagere,Fraud,12,5,26,4.14,6
2026-02-28 12:00:00,Bengaluru Urban,Burglary,12,5,43,6.61,12
2026-02-28 12:00:00,Belagavi,Theft,12,5,36,6.64,8
2026-02-28 13:00:00,Bengaluru Urban,Burglary,13,5,23,1.4,7
2026-02-28 13:00:00,Kalaburagi,Fraud,13,5,10,5.12,4
2026-02-28 14:00:00,Shivamogga,Fraud,14,5,22,7.54,4
2026-02-28 14:00:00,Hubballi-Dharwad,Fraud,14,5,10,8.77,4
2026-02-28 15:00:00,Hubballi-Dharwad,Theft,15,5,31,7.01,6
2026-02-28 16:00:00,Shivamogga,Assault,16,5,36,8.86,8
2026-02-28 16:00:00,Shivamogga,Cybercrime,16,5,14,3.94,6
2026-02-28 16:00:00,Belagavi,Theft,16,5,4,7.47,2
2026-02-28 17:00:00,Shivamogga,Assault,17,5,34,1.79,5
2026-02-28 19:00:00,Bengaluru Urban,Assault,19,5,6,5.01,10
2026-02-28 19:00:00,Hubballi-Dharwad,Theft,19,5,9,5.63,4
2026-02-28 19:00:00,Mysuru,Theft,19,5,27,7.09,7
2026-02-28 20:00:00,Belagavi,Theft,20,5,7,1.64,3
2026-02-28 21:00:00,Shivamogga,Fraud,21,5,33,7.15,6
2026-02-28 22:00:00,Mysuru,Cybercrime,22,5,26,6.24,5
2026-02-28 22:00:00,Mysuru,Burglary,22,5,35,7.64,7
2026-02-28 23:00:00,Ballari,Cybercrime,23,5,44,8.88,7
2026-02-28 23:00:00,Davanagere,Theft,23,5,6,3.97,4
2026-03-01 00:00:00,Belagavi,Cybercrime,0,6,31,5.94,8
2026-03-01 00:00:00,Belagavi,Fraud,0,6,19,3.55,4
2026-03-01 01:00:00,Hubballi-Dharwad,Assault,1,6,38,9.29,9
2026-03-01 02:00:00,Shivamogga,Assault,2,6,6,9.11,4
2026-03-01 02:00:00,Hubballi-Dharwad,Assault,2,6,33,5.67,7
2026-03-01 03:00:00,Mangaluru,Fraud,3,6,15,3.84,3
2026-03-01 03:00:00,Hubballi-Dharwad,Burglary,3,6,12,7.72,8
2026-03-01 03:00:00,Ballari,Theft,3,6,3,5.18,6
2026-03-01 03:00:00,Mangaluru,Fraud,3,6,11,3.57,3
2026-03-01 04:00:00,Davanagere,Fraud,4,6,33,6.62,6
2026-03-01 04:00:00,Bengaluru Urban,Assault,4,6,15,3.45,7
2026-03-01 05:00:00,Kalaburagi,Burglary,5,6,37,4.23,11
2026-03-01 05:00:00,Kalaburagi,Burglary,5,6,6,6.64,7
2026-03-01 06:00:00,Udupi,Cybercrime,6,6,32,5.6,7
2026-03-01 06:00:00,Belagavi,Assault,6,6,29,9.43,6
2026-03-01 06:00:00,Ballari,Burglary,6,6,9,9.13,5
2026-03-01 06:00:00,Mysuru,Assault,6,6,21,2.26,4
2026-03-01 06:00:00,Ballari,Theft,6,6,37,5.13,6
2026-03-01 06:00:00,Belagavi,Assault,6,6,44,7.17,8
2026-03-01 07:00:00,Bengaluru Urban,Burglary,7,6,29,4.6,9
2026-03-01 07:00:00,Ballari,Cybercrime,7,6,2,9.48,4
2026-03-01 08:00:00,Davanagere,Cybercrime,8,6,23,8.05,6
2026-03-01 08:00:00,Kalaburagi,Burglary,8,6,30,6.53,6
2026-03-01 08:00:00,Mangaluru,Theft,8,6,6,7.28,3
2026-03-01 08:00:00,Davanagere,Theft,8,6,36,5.79,7
2026-03-01 09:00:00,Bengaluru Urban,Theft,9,6,32,5.48,10
2026-03-01 09:00:00,Mangaluru,Assault,9,6,10,8.4,5
2026-03-01 10:00:00,Ballari,Burglary,10,6,9,3.13,3
2026-03-01 10:00:00,Shivamogga,Theft,10,6,43,1.63,6
2026-03-01 10:00:00,Mysuru,Theft,10,6,23,8.27,7
2026-03-01 10:00:00,Udupi,Cybercrime,10,6,22,1.61,6
2026-03-01 11:00:00,Kalaburagi,Fraud,11,6,43,7.98,8
2026-03-01 12:00:00,Hubballi-Dharwad,Burglary,12,6,37,9.18,8
2026-03-01 12:00:00,Kalaburagi,Assault,12,6,28,6.91,7
2026-03-01 12:00:00,Belagavi,Theft,12,6,32,8.98,6
2026-03-01 12:00:00,Shivamogga,Assault,12,6,7,5.52,4
2026-03-01 13:00:00,Shivamogga,Burglary,13,6,20,9.22,6
2026-03-01 13:00:00,Mangaluru,Theft,13,6,4,7.87,4
2026-03-01 13:00:00,Mysuru,Cybercrime,13,6,7,7.03,7
2026-03-01 13:00:00,Davanagere,Cybercrime,13,6,43,7.97,13
2026-03-01 15:00:00,Belagavi,Cybercrime,15,6,29,5.43,8
2026-03-01 15:00:00,Shivamogga,Burglary,15,6,8,3.25,3
2026-03-01 15:00:00,Hubballi-Dharwad,Fraud,15,6,23,3.79,5
2026-03-01 15:00:00,Kalaburagi,Cybercrime,15,6,5,4.65,5
2026-03-01 16:00:00,Mysuru,Assault,16,6,24,1.2,4
2026-03-01 16:00:00,Shivamogga,Fraud,16,6,24,8.61,8
2026-03-01 16:00:00,Kalaburagi,Burglary,16,6,17,8.51,6
2026-03-01 17:00:00,Mangaluru,Theft,17,6,31,3.01,6
2026-03-01 17:00:00,Kalaburagi,Theft,17,6,33,1.64,5
2026-03-01 17:00:00,Hubballi-Dharwad,Burglary,17,6,22,7.16,5
2026-03-01 19:00:00,Shivamogga,Cybercrime,19,6,35,1.3,7
2026-03-01 19:00:00,Udupi,Theft,19,6,6,1.82,3
2026-03-01 19:00:00,Mangaluru,Assault,19,6,43,9.08,12
2026-03-01 19:00:00,Belagavi,Fraud,19,6,23,8.98,6
2026-03-01 19:00:00,Mysuru,Cybercrime,19,6,12,5.22,3
2026-03-01 20:00:00,Davanagere,Fraud,20,6,28,7.58,5
2026-03-01 20:00:00,Ballari,Cybercrime,20,6,6,9.25,4
2026-03-01 21:00:00,Kalaburagi,Fraud,21,6,16,2.55,2
2026-03-01 21:00:00,Davanagere,Burglary,21,6,19,6.25,5
2026-03-01 21:00:00,Davanagere,Theft,21,6,31,2.45,4
2026-03-01 22:00:00,Kalaburagi,Burglary,22,6,25,8.01,7
2026-03-01 23:00:00,Ballari,Fraud,23,6,30,5.15,6
2026-03-01 23:00:00,Kalaburagi,Fraud,23,6,14,5.0,3
2026-03-01 23:00:00,Ballari,Fraud,23,6,17,1.69,4
2026-03-01 23:00:00,Hubballi-Dharwad,Assault,23,6,37,9.25,11
2026-03-01 23:00:00,Bengaluru Urban,Fraud,23,6,43,6.33,12
2026-03-02 00:00:00,Kalaburagi,Assault,0,0,36,2.99,7
2026-03-02 00:00:00,Belagavi,Theft,0,0,21,5.68,7
2026-03-02 00:00:00,Davanagere,Fraud,0,0,6,7.19,3
2026-03-02 01:00:00,Bengaluru Urban,Fraud,1,0,5,6.99,8
2026-03-02 01:00:00,Kalaburagi,Theft,1,0,18,3.56,7
2026-03-02 01:00:00,Udupi,Cybercrime,1,0,13,4.39,5
2026-03-02 02:00:00,Bengaluru Urban,Burglary,2,0,35,2.09,13
2026-03-02 02:00:00,Ballari,Cybercrime,2,0,7,5.48,3
2026-03-02 02:00:00,Mysuru,Cybercrime,2,0,21,2.17,4
2026-03-02 02:00:00,Hubballi-Dharwad,Assault,2,0,28,6.78,7
2026-03-02 02:00:00,Bengaluru Urban,Theft,2,0,27,7.5,12
2026-03-02 03:00:00,Mysuru,Fraud,3,0,43,1.5,7
2026-03-02 04:00:00,Belagavi,Theft,4,0,31,8.41,10
2026-03-02 04:00:00,Shivamogga,Burglary,4,0,27,3.18,8
2026-03-02 05:00:00,Udupi,Cybercrime,5,0,28,5.02,6
2026-03-02 05:00:00,Kalaburagi,Theft,5,0,44,6.77,11
2026-03-02 05:00:00,Davanagere,Assault,5,0,9,2.11,3
2026-03-02 06:00:00,Udupi,Burglary,6,0,28,7.09,7
2026-03-02 06:00:00,Davanagere,Fraud,6,0,11,5.48,4
2026-03-02 06:00:00,Kalaburagi,Cybercrime,6,0,37,6.47,7
2026-03-02 06:00:00,Mysuru,Burglary,6,0,11,4.29,5
2026-03-02 06:00:00,Udupi,Fraud,6,0,6,1.42,3
2026-03-02 07:00:00,Mangaluru,Burglary,7,0,16,6.2,7
2026-03-02 07:00:00,Udupi,Cybercrime,7,0,29,4.72,7
2026-03-02 07:00:00,Udupi,Assault,7,0,6,4.53,4
2026-03-02 07:00:00,Belagavi,Cybercrime,7,0,37,5.87,7
2026-03-02 08:00:00,Bengaluru Urban,Fraud,8,0,44,4.47,10
2026-03-02 08:00:00,Bengaluru Urban,Fraud,8,0,31,9.32,10
2026-03-02 09:00:00,Hubballi-Dharwad,Theft,9,0,37,8.21,8
2026-03-02 11:00:00,Bengaluru Urban,Cybercrime,11,0,44,6.09,12
2026-03-02 12:00:00,Mysuru,Cybercrime,12,0,44,1.38,9
2026-03-02 12:00:00,Udupi,Theft,12,0,24,6.37,7
2026-03-02 13:00:00,Mangaluru,Burglary,13,0,43,6.27,8
2026-03-02 13:00:00,Belagavi,Burglary,13,0,20,1.61,4
2026-03-02 14:00:00,Udupi,Burglary,14,0,35,4.21,6
2026-03-02 14:00:00,Udupi,Theft,14,0,40,4.04,7
2026-03-02 14:00:00,Mysuru,Fraud,14,0,27,5.78,7
2026-03-02 15:00:00,Davanagere,Theft,15,0,38,1.44,7
2026-03-02 15:00:00,Shivamogga,Fraud,15,0,37,3.95,6
2026-03-02 15:00:00,Belagavi,Theft,15,0,10,7.15,4
2026-03-02 17:00:00,Belagavi,Fraud,17,0,12,3.79,4
2026-03-02 17:00:00,Davanagere,Assault,17,0,28,4.07,6
2026-03-02 17:00:00,Mangaluru,Cybercrime,17,0,11,2.39,2
2026-03-02 17:00:00,Ballari,Fraud,17,0,29,3.39,5
2026-03-02 18:00:00,Hubballi-Dharwad,Fraud,18,0,15,5.12,4
2026-03-02 19:00:00,Shivamogga,Theft,19,0,30,8.55,7
2026-03-02 20:00:00,Belagavi,Cybercrime,20,0,4,3.56,2
2026-03-02 20:00:00,Mangaluru,Burglary,20,0,38,5.38,7
2026-03-02 20:00:00,Shivamogga,Theft,20,0,21,6.12,6
2026-03-02 20:00:00,Mangaluru,Assault,20,0,28,1.82,6
2026-03-02 20:00:00,Hubballi-Dharwad,Cybercrime,20,0,19,4.26,5
2026-03-02 20:00:00,Mangaluru,Assault,20,0,33,1.91,10
2026-03-02 21:00:00,Belagavi,Fraud,21,0,32,1.36,5
2026-03-02 23:00:00,Kalaburagi,Burglary,23,0,29,8.92,6
2026-03-02 23:00:00,Udupi,Cybercrime,23,0,25,8.11,6
2026-03-02 23:00:00,Hubballi-Dharwad,Cybercrime,23,0,38,2.14,6
2026-03-02 23:00:00,Mangaluru,Theft,23,0,32,6.91,7
2026-03-03 00:00:00,Shivamogga,Cybercrime,0,1,17,8.06,6
2026-03-03 00:00:00,Bengaluru Urban,Cybercrime,0,1,38,8.9,11
2026-03-03 00:00:00,Mysuru,Theft,0,1,36,4.38,9
2026-03-03 00:00:00,Mysuru,Theft,0,1,40,6.61,11
2026-03-03 01:00:00,Ballari,Assault,1,1,39,3.42,7
2026-03-03 01:00:00,Davanagere,Theft,1,1,3,4.6,6
2026-03-03 01:00:00,Mysuru,Theft,1,1,42,1.88,9
2026-03-03 01:00:00,Shivamogga,Assault,1,1,3,3.5,3
2026-03-03 01:00:00,Udupi,Theft,1,1,2,7.99,8
2026-03-03 02:00:00,Udupi,Burglary,2,1,34,1.67,9
2026-03-03 02:00:00,Belagavi,Fraud,2,1,15,5.63,4
2026-03-03 03:00:00,Hubballi-Dharwad,Fraud,3,1,9,2.23,2
2026-03-03 03:00:00,Belagavi,Burglary,3,1,20,6.97,9
2026-03-03 04:00:00,Udupi,Assault,4,1,9,6.05,4
2026-03-03 04:00:00,Bengaluru Urban,Cybercrime,4,1,11,1.55,5
2026-03-03 04:00:00,Mysuru,Theft,4,1,16,8.54,9
2026-03-03 05:00:00,Belagavi,Theft,5,1,27,8.69,11
2026-03-03 05:00:00,Shivamogga,Theft,5,1,39,5.23,12
2026-03-03 06:00:00,Mangaluru,Burglary,6,1,3,1.89,2
2026-03-03 06:00:00,Shivamogga,Assault,6,1,10,9.15,5
2026-03-03 06:00:00,Davanagere,Fraud,6,1,16,5.45,3
2026-03-03 06:00:00,Mangaluru,Assault,6,1,27,2.73,6
2026-03-03 06:00:00,Mysuru,Burglary,6,1,32,3.62,7
2026-03-03 08:00:00,Shivamogga,Assault,8,1,10,4.47,4
2026-03-03 08:00:00,Hubballi-Dharwad,Burglary,8,1,9,3.06,2
2026-03-03 09:00:00,Mangaluru,Cybercrime,9,1,26,4.9,6
2026-03-03 09:00:00,Mangaluru,Theft,9,1,39,5.83,8
2026-03-03 09:00:00,Kalaburagi,Burglary,9,1,34,6.53,8
2026-03-03 10:00:00,Mangaluru,Cybercrime,10,1,17,3.59,5
2026-03-03 11:00:00,Mangaluru,Burglary,11,1,21,4.36,3
2026-03-03 11:00:00,Mangaluru,Burglary,11,1,12,4.97,4
2026-03-03 11:00:00,Bengaluru Urban,Theft,11,1,20,4.07,8
2026-03-03 12:00:00,Mangaluru,Cybercrime,12,1,13,1.91,5
2026-03-03 12:00:00,Mangaluru,Cybercrime,12,1,16,3.27,7
2026-03-03 12:00:00,Hubballi-Dharwad,Fraud,12,1,34,8.41,8
2026-03-03 14:00:00,Belagavi,Fraud,14,1,31,2.98,5
2026-03-03 14:00:00,Ballari,Assault,14,1,15,4.45,5
2026-03-03 14:00:00,Mysuru,Theft,14,1,12,7.32,4
2026-03-03 14:00:00,Mysuru,Cybercrime,14,1,28,8.4,9
2026-03-03 14:00:00,Ballari,Cybercrime,14,1,9,4.08,6
2026-03-03 15:00:00,Ballari,Fraud,15,1,12,5.63,5
2026-03-03 15:00:00,Davanagere,Burglary,15,1,6,2.19,3
2026-03-03 16:00:00,Mysuru,Assault,16,1,40,3.41,7
2026-03-03 17:00:00,Bengaluru Urban,Assault,17,1,18,6.16,8
2026-03-03 17:00:00,Davanagere,Burglary,17,1,38,2.49,7
2026-03-03 17:00:00,Davanagere,Burglary,17,1,32,3.77,7
2026-03-03 18:00:00,Mangaluru,Fraud,18,1,31,8.47,8
2026-03-03 18:00:00,Kalaburagi,Cybercrime,18,1,31,9.33,8
2026-03-03 18:00:00,Kalaburagi,Assault,18,1,29,7.64,7
2026-03-03 18:00:00,Kalaburagi,Assault,18,1,15,3.92,3
2026-03-03 19:00:00,Bengaluru Urban,Assault,19,1,34,1.96,11
2026-03-03 19:00:00,Hubballi-Dharwad,Cybercrime,19,1,17,9.06,5
2026-03-03 20:00:00,Hubballi-Dharwad,Theft,20,1,33,6.97,7
2026-03-03 20:00:00,Mangaluru,Assault,20,1,16,7.53,9
2026-03-03 20:00:00,Bengaluru Urban,Burglary,20,1,14,6.78,7
2026-03-03 20:00:00,Shivamogga,Fraud,20,1,2,1.26,2
2026-03-03 21:00:00,Udupi,Burglary,21,1,6,5.44,2
2026-03-03 21:00:00,Udupi,Assault,21,1,44,8.67,11
2026-03-03 21:00:00,Kalaburagi,Assault,21,1,34,8.76,11
2026-03-03 21:00:00,Bengaluru Urban,Burglary,21,1,43,6.43,11
2026-03-03 22:00:00,Shivamogga,Theft,22,1,25,2.95,5
2026-03-03 22:00:00,Mangaluru,Burglary,22,1,30,7.48,7
2026-03-03 22:00:00,Ballari,Theft,22,1,22,8.58,7
2026-03-03 22:00:00,Shivamogga,Assault,22,1,30,4.28,8
2026-03-03 23:00:00,Hubballi-Dharwad,Cybercrime,23,1,12,7.82,5
2026-03-03 23:00:00,Shivamogga,Theft,23,1,13,8.08,4
2026-03-04 00:00:00,Udupi,Cybercrime,0,2,25,6.38,7
2026-03-04 00:00:00,Mysuru,Burglary,0,2,12,5.87,7
2026-03-04 00:00:00,Hubballi-Dharwad,Burglary,0,2,3,2.78,5
2026-03-04 00:00:00,Belagavi,Assault,0,2,40,5.2,8
2026-03-04 01:00:00,Mangaluru,Theft,1,2,36,5.56,10
2026-03-04 01:00:00,Kalaburagi,Assault,1,2,19,6.45,6
2026-03-04 01:00:00,Bengaluru Urban,Theft,1,2,23,6.03,12
2026-03-04 01:00:00,Hubballi-Dharwad,Assault,1,2,18,5.78,6
2026-03-04 02:00:00,Davanagere,Assault,2,2,35,3.71,6
2026-03-04 03:00:00,Bengaluru Urban,Theft,3,2,16,4.99,9
2026-03-04 04:00:00,Belagavi,Fraud,4,2,21,3.03,4
2026-03-04 04:00:00,Belagavi,Fraud,4,2,8,2.69,2
2026-03-04 05:00:00,Davanagere,Fraud,5,2,25,9.26,8
2026-03-04 05:00:00,Mangaluru,Assault,5,2,23,6.39,5
2026-03-04 05:00:00,Bengaluru Urban,Assault,5,2,21,2.82,8
2026-03-04 06:00:00,Mysuru,Assault,6,2,22,5.1,5
2026-03-04 06:00:00,Davanagere,Theft,6,2,30,8.3,6
2026-03-04 06:00:00,Davanagere,Assault,6,2,4,3.07,4
2026-03-04 06:00:00,Mangaluru,Fraud,6,2,38,2.58,5
2026-03-04 07:00:00,Shivamogga,Burglary,7,2,21,6.09,7
2026-03-04 07:00:00,Shivamogga,Fraud,7,2,21,8.88,8
2026-03-04 08:00:00,Udupi,Assault,8,2,40,5.7,8
2026-03-04 08:00:00,Ballari,Cybercrime,8,2,41,6.01,6
2026-03-04 09:00:00,Udupi,Theft,9,2,16,4.54,4
2026-03-04 09:00:00,Hubballi-Dharwad,Theft,9,2,44,5.14,9
2026-03-04 11:00:00,Davanagere,Burglary,11,2,12,3.78,3
2026-03-04 11:00:00,Mangaluru,Burglary,11,2,6,7.32,4
2026-03-04 11:00:00,Ballari,Burglary,11,2,12,8.72,6
2026-03-04 11:00:00,Kalaburagi,Burglary,11,2,5,9.07,4
2026-03-04 12:00:00,Davanagere,Burglary,12,2,43,4.56,7
2026-03-04 12:00:00,Davanagere,Cybercrime,12,2,23,3.76,7
2026-03-04 13:00:00,Ballari,Assault,13,2,26,6.83,6
2026-03-04 13:00:00,Belagavi,Burglary,13,2,20,4.0,5
2026-03-04 13:00:00,Davanagere,Cybercrime,13,2,35,2.2,8
2026-03-04 14:00:00,Bengaluru Urban,Theft,14,2,24,7.64,9
2026-03-04 14:00:00,Ballari,Burglary,14,2,26,7.66,6
2026-03-04 14:00:00,Udupi,Burglary,14,2,37,1.4,6
2026-03-04 15:00:00,Mysuru,Cybercrime,15,2,19,4.54,7
2026-03-04 16:00:00,Shivamogga,Fraud,16,2,22,5.9,5
2026-03-04 17:00:00,Kalaburagi,Theft,17,2,43,1.66,7
2026-03-04 17:00:00,Davanagere,Fraud,17,2,12,4.99,5
2026-03-04 17:00:00,Shivamogga,Cybercrime,17,2,2,4.64,3
2026-03-04 19:00:00,Davanagere,Burglary,19,2,25,2.87,5
2026-03-04 19:00:00,Hubballi-Dharwad,Fraud,19,2,8,4.01,4
2026-03-04 20:00:00,Mangaluru,Fraud,20,2,31,3.45,5
2026-03-04 20:00:00,Davanagere,Assault,20,2,5,8.77,8
2026-03-04 21:00:00,Mysuru,Cybercrime,21,2,37,9.13,7
2026-03-04 21:00:00,Udupi,Theft,21,2,44,7.29,8
2026-03-04 21:00:00,Hubballi-Dharwad,Burglary,21,2,28,2.96,5
2026-03-04 21:00:00,Kalaburagi,Fraud,21,2,7,5.59,4
2026-03-04 22:00:00,Bengaluru Urban,Burglary,22,2,26,3.83,9
2026-03-04 23:00:00,Mysuru,Assault,23,2,36,2.1,8
2026-03-05 00:00:00,Bengaluru Urban,Burglary,0,3,2,3.69,8
2026-03-05 00:00:00,Shivamogga,Cybercrime,0,3,44,6.27,8
2026-03-05 00:00:00,Kalaburagi,Cybercrime,0,3,22,3.31,5
2026-03-05 01:00:00,Kalaburagi,Cybercrime,1,3,26,2.49,4
2026-03-05 01:00:00,Bengaluru Urban,Fraud,1,3,38,9.4,12
2026-03-05 01:00:00,Davanagere,Burglary,1,3,7,3.38,5
2026-03-05 01:00:00,Bengaluru Urban,Theft,1,3,25,1.82,11
2026-03-05 02:00:00,Kalaburagi,Cybercrime,2,3,11,5.5,3
2026-03-05 02:00:00,Bengaluru Urban,Fraud,2,3,4,3.34,5
2026-03-05 03:00:00,Mangaluru,Fraud,3,3,37,1.36,4
2026-03-05 03:00:00,Kalaburagi,Assault,3,3,15,2.72,4
2026-03-05 04:00:00,Kalaburagi,Fraud,4,3,31,6.09,7
2026-03-05 06:00:00,Kalaburagi,Assault,6,3,26,8.93,6
2026-03-05 06:00:00,Kalaburagi,Cybercrime,6,3,20,6.56,5
2026-03-05 06:00:00,Mysuru,Theft,6,3,41,4.09,6
2026-03-05 06:00:00,Kalaburagi,Assault,6,3,15,3.52,2
2026-03-05 08:00:00,Belagavi,Theft,8,3,41,5.62,7
2026-03-05 08:00:00,Davanagere,Fraud,8,3,17,6.31,5
2026-03-05 09:00:00,Ballari,Cybercrime,9,3,23,1.93,3
2026-03-05 09:00:00,Hubballi-Dharwad,Theft,9,3,22,3.76,5
2026-03-05 10:00:00,Udupi,Cybercrime,10,3,13,7.77,7
2026-03-05 10:00:00,Mangaluru,Cybercrime,10,3,44,8.24,11
2026-03-05 11:00:00,Shivamogga,Theft,11,3,11,4.08,2
2026-03-05 11:00:00,Ballari,Fraud,11,3,35,6.47,7
2026-03-05 11:00:00,Belagavi,Burglary,11,3,37,3.17,6
2026-03-05 12:00:00,Ballari,Theft,12,3,10,1.76,2
2026-03-05 12:00:00,Hubballi-Dharwad,Fraud,12,3,5,8.3,3
2026-03-05 12:00:00,Ballari,Cybercrime,12,3,42,8.25,12
2026-03-05 13:00:00,Udupi,Cybercrime,13,3,14,6.27,7
2026-03-05 14:00:00,Ballari,Burglary,14,3,12,8.72,7
2026-03-05 14:00:00,Davanagere,Assault,14,3,22,2.44,3
2026-03-05 14:00:00,Belagavi,Theft,14,3,18,1.31,4
2026-03-05 14:00:00,Ballari,Assault,14,3,6,1.22,3
2026-03-05 15:00:00,Mysuru,Theft,15,3,40,7.57,8
2026-03-05 17:00:00,Ballari,Fraud,17,3,14,7.05,5
2026-03-05 17:00:00,Shivamogga,Cybercrime,17,3,16,1.51,2
2026-03-05 17:00:00,Hubballi-Dharwad,Burglary,17,3,16,9.46,6
2026-03-05 17:00:00,Udupi,Assault,17,3,6,1.33,1
2026-03-05 18:00:00,Hubballi-Dharwad,Theft,18,3,25,2.54,3
2026-03-05 18:00:00,Mysuru,Burglary,18,3,21,5.55,6
2026-03-05 19:00:00,Kalaburagi,Fraud,19,3,26,4.75,7
2026-03-05 19:00:00,Ballari,Cybercrime,19,3,31,1.87,5
2026-03-05 20:00:00,Kalaburagi,Fraud,20,3,2,5.3,2
2026-03-05 20:00:00,Mangaluru,Fraud,20,3,35,5.71,7
2026-03-05 21:00:00,Belagavi,Assault,21,3,32,7.5,10
2026-03-05 21:00:00,Mangaluru,Cybercrime,21,3,31,3.79,5
2026-03-05 21:00:00,Belagavi,Fraud,21,3,32,8.79,7
2026-03-05 21:00:00,Bengaluru Urban,Cybercrime,21,3,20,3.69,7
2026-03-05 21:00:00,Bengaluru Urban,Burglary,21,3,35,9.09,11
2026-03-05 22:00:00,Ballari,Cybercrime,22,3,28,7.21,7
2026-03-05 22:00:00,Hubballi-Dharwad,Cybercrime,22,3,9,2.82,3
2026-03-05 22:00:00,Mysuru,Cybercrime,22,3,14,5.85,5
2026-03-05 22:00:00,Kalaburagi,Burglary,22,3,19,7.76,6
2026-03-05 23:00:00,Mangaluru,Burglary,23,3,35,1.75,7
2026-03-05 23:00:00,Mysuru,Cybercrime,23,3,7,5.53,4
2026-03-05 23:00:00,Kalaburagi,Burglary,23,3,35,8.26,8
2026-03-05 23:00:00,Udupi,Assault,23,3,31,4.68,8
2026-03-05 23:00:00,Kalaburagi,Assault,23,3,22,6.72,8
2026-03-06 00:00:00,Mysuru,Cybercrime,0,4,31,2.11,5
2026-03-06 01:00:00,Kalaburagi,Fraud,1,4,24,7.96,7
2026-03-06 01:00:00,Ballari,Assault,1,4,38,5.81,8
2026-03-06 01:00:00,Shivamogga,Assault,1,4,11,2.13,4
2026-03-06 02:00:00,Belagavi,Cybercrime,2,4,21,4.42,6
2026-03-06 02:00:00,Mangaluru,Fraud,2,4,37,2.89,6
2026-03-06 03:00:00,Hubballi-Dharwad,Burglary,3,4,44,6.04,12
2026-03-06 04:00:00,Ballari,Cybercrime,4,4,7,4.76,3
2026-03-06 04:00:00,Kalaburagi,Theft,4,4,32,6.5,8
2026-03-06 04:00:00,Davanagere,Assault,4,4,17,6.12,5
2026-03-06 04:00:00,Mangaluru,Assault,4,4,3,9.19,5
2026-03-06 04:00:00,Davanagere,Burglary,4,4,15,1.37,6
2026-03-06 04:00:00,Hubballi-Dharwad,Assault,4,4,2,8.18,4
2026-03-06 04:00:00,Mysuru,Theft,4,4,43,6.57,11
2026-03-06 05:00:00,Hubballi-Dharwad,Theft,5,4,8,2.72,5
2026-03-06 06:00:00,Davanagere,Burglary,6,4,41,2.25,7
2026-03-06 06:00:00,Mysuru,Burglary,6,4,8,2.63,3
2026-03-06 06:00:00,Ballari,Cybercrime,6,4,10,8.02,4
2026-03-06 06:00:00,Mysuru,Theft,6,4,39,6.08,7
2026-03-06 07:00:00,Shivamogga,Burglary,7,4,22,8.42,5
2026-03-06 07:00:00,Udupi,Cybercrime,7,4,22,4.65,6
2026-03-06 07:00:00,Davanagere,Cybercrime,7,4,25,4.53,5
2026-03-06 08:00:00,Kalaburagi,Burglary,8,4,34,4.79,4
2026-03-06 08:00:00,Mysuru,Assault,8,4,38,4.47,7
2026-03-06 09:00:00,Bengaluru Urban,Assault,9,4,31,5.78,9
2026-03-06 09:00:00,Mangaluru,Cybercrime,9,4,32,5.0,6
2026-03-06 09:00:00,Hubballi-Dharwad,Assault,9,4,31,2.7,6
2026-03-06 09:00:00,Ballari,Cybercrime,9,4,5,8.73,4
2026-03-06 10:00:00,Ballari,Fraud,10,4,34,7.28,9
2026-03-06 10:00:00,Belagavi,Cybercrime,10,4,13,3.69,6
2026-03-06 10:00:00,Ballari,Theft,10,4,11,7.31,6
2026-03-06 11:00:00,Mangaluru,Fraud,11,4,28,7.25,7
2026-03-06 11:00:00,Udupi,Burglary,11,4,42,1.6,6
2026-03-06 11:00:00,Shivamogga,Assault,11,4,17,4.94,3
2026-03-06 11:00:00,Kalaburagi,Assault,11,4,40,8.69,8
2026-03-06 12:00:00,Bengaluru Urban,Theft,12,4,14,5.33,6
2026-03-06 12:00:00,Mysuru,Fraud,12,4,2,1.35,2
2026-03-06 12:00:00,Belagavi,Theft,12,4,23,4.08,6
2026-03-06 12:00:00,Bengaluru Urban,Burglary,12,4,4,1.46,5
2026-03-06 13:00:00,Belagavi,Cybercrime,13,4,7,2.48,6
2026-03-06 13:00:00,Kalaburagi,Assault,13,4,30,2.04,6
2026-03-06 14:00:00,Davanagere,Cybercrime,14,4,2,4.97,7
2026-03-06 15:00:00,Hubballi-Dharwad,Theft,15,4,38,2.9,5
2026-03-06 15:00:00,Mangaluru,Theft,15,4,8,4.84,4
2026-03-06 15:00:00,Mangaluru,Cybercrime,15,4,17,2.16,6
2026-03-06 15:00:00,Mangaluru,Assault,15,4,10,7.33,3
2026-03-06 16:00:00,Bengaluru Urban,Cybercrime,16,4,42,6.04,13
2026-03-06 16:00:00,Hubballi-Dharwad,Theft,16,4,38,6.79,8
2026-03-06 16:00:00,Bengaluru Urban,Fraud,16,4,13,8.19,8
2026-03-06 16:00:00,Mangaluru,Cybercrime,16,4,20,2.93,8
2026-03-06 17:00:00,Mysuru,Burglary,17,4,7,2.73,3
2026-03-06 17:00:00,Davanagere,Theft,17,4,42,7.22,9
2026-03-06 17:00:00,Kalaburagi,Assault,17,4,38,6.36,9
2026-03-06 17:00:00,Hubballi-Dharwad,Fraud,17,4,27,9.06,6
2026-03-06 17:00:00,Hubballi-Dharwad,Burglary,17,4,3,8.77,4
2026-03-06 18:00:00,Udupi,Fraud,18,4,25,5.63,6
2026-03-06 19:00:00,Shivamogga,Cybercrime,19,4,26,8.87,7
2026-03-06 19:00:00,Udupi,Theft,19,4,36,5.53,7
2026-03-06 20:00:00,Hubballi-Dharwad,Cybercrime,20,4,42,2.56,7
2026-03-06 20:00:00,Kalaburagi,Assault,20,4,9,3.64,4
2026-03-06 20:00:00,Kalaburagi,Burglary,20,4,2,6.02,3
2026-03-06 21:00:00,Mysuru,Fraud,21,4,37,6.87,6
2026-03-06 21:00:00,Hubballi-Dharwad,Burglary,21,4,43,5.47,8
2026-03-06 21:00:00,Shivamogga,Fraud,21,4,13,5.24,4
2026-03-06 21:00:00,Belagavi,Assault,21,4,22,5.7,7
2026-03-06 22:00:00,Mangaluru,Theft,22,4,13,6.63,5
2026-03-06 22:00:00,Bengaluru Urban,Fraud,22,4,11,2.6,6
2026-03-06 23:00:00,Hubballi-Dharwad,Cybercrime,23,4,3,7.89,5
2026-03-07 00:00:00,Mysuru,Assault,0,5,19,7.44,6
2026-03-07 00:00:00,Davanagere,Theft,0,5,32,7.91,9
2026-03-07 00:00:00,Mysuru,Theft,0,5,33,2.94,9
2026-03-07 01:00:00,Shivamogga,Fraud,1,5,43,5.22,9
2026-03-07 01:00:00,Bengaluru Urban,Fraud,1,5,10,7.68,7
2026-03-07 01:00:00,Mangaluru,Fraud,1,5,36,6.0,8
2026-03-07 02:00:00,Davanagere,Burglary,2,5,31,7.62,10
2026-03-07 02:00:00,Ballari,Burglary,2,5,44,3.15,10
2026-03-07 02:00:00,Ballari,Fraud,2,5,6,4.7,4
2026-03-07 03:00:00,Bengaluru Urban,Cybercrime,3,5,28,2.37,8
2026-03-07 03:00:00,Udupi,Cybercrime,3,5,39,4.56,8
2026-03-07 04:00:00,Mangaluru,Assault,4,5,38,3.81,7
2026-03-07 04:00:00,Mangaluru,Assault,4,5,23,7.76,7
2026-03-07 04:00:00,Hubballi-Dharwad,Cybercrime,4,5,15,7.36,5
2026-03-07 05:00:00,Belagavi,Fraud,5,5,4,4.51,4
2026-03-07 05:00:00,Bengaluru Urban,Theft,5,5,17,4.91,8
2026-03-07 06:00:00,Mysuru,Cybercrime,6,5,31,5.93,7
2026-03-07 07:00:00,Kalaburagi,Assault,7,5,8,2.29,2
2026-03-07 07:00:00,Kalaburagi,Cybercrime,7,5,9,2.9,4
2026-03-07 07:00:00,Udupi,Burglary,7,5,30,5.85,6
2026-03-07 07:00:00,Hubballi-Dharwad,Assault,7,5,5,2.94,4
2026-03-07 07:00:00,Mysuru,Burglary,7,5,44,7.56,9
2026-03-07 08:00:00,Mangaluru,Assault,8,5,39,4.8,6
2026-03-07 08:00:00,Kalaburagi,Cybercrime,8,5,26,4.57,5
2026-03-07 09:00:00,Shivamogga,Burglary,9,5,9,6.01,3
2026-03-07 09:00:00,Bengaluru Urban,Theft,9,5,17,3.83,6
2026-03-07 10:00:00,Bengaluru Urban,Assault,10,5,38,9.27,12
2026-03-07 10:00:00,Mangaluru,Assault,10,5,4,9.17,3
2026-03-07 10:00:00,Belagavi,Assault,10,5,15,3.87,3
2026-03-07 11:00:00,Ballari,Theft,11,5,31,3.67,7
2026-03-07 11:00:00,Udupi,Burglary,11,5,40,2.98,8
2026-03-07 11:00:00,Mangaluru,Theft,11,5,43,4.15,8
2026-03-07 12:00:00,Udupi,Theft,12,5,6,5.01,3
2026-03-07 13:00:00,Udupi,Theft,13,5,37,4.49,7
2026-03-07 13:00:00,Belagavi,Fraud,13,5,16,8.5,7
2026-03-07 13:00:00,Bengaluru Urban,Assault,13,5,14,8.27,8
2026-03-07 14:00:00,Davanagere,Assault,14,5,6,8.82,4
2026-03-07 15:00:00,Shivamogga,Cybercrime,15,5,38,6.97,10
2026-03-07 15:00:00,Shivamogga,Theft,15,5,32,4.14,7
2026-03-07 15:00:00,Ballari,Burglary,15,5,34,2.71,7
2026-03-07 16:00:00,Shivamogga,Assault,16,5,40,2.66,7
2026-03-07 16:00:00,Udupi,Fraud,16,5,24,4.88,4
2026-03-07 17:00:00,Udupi,Assault,17,5,7,4.29,3
2026-03-07 17:00:00,Hubballi-Dharwad,Fraud,17,5,38,5.99,7
2026-03-07 17:00:00,Bengaluru Urban,Fraud,17,5,14,8.43,8
2026-03-07 17:00:00,Mangaluru,Fraud,17,5,40,7.21,9
2026-03-07 17:00:00,Belagavi,Theft,17,5,22,7.48,6
2026-03-07 17:00:00,Udupi,Assault,17,5,16,6.86,4
2026-03-07 18:00:00,Mangaluru,Cybercrime,18,5,9,8.74,4
2026-03-07 18:00:00,Davanagere,Cybercrime,18,5,42,8.33,9
2026-03-07 18:00:00,Davanagere,Burglary,18,5,15,4.42,4
2026-03-07 19:00:00,Udupi,Cybercrime,19,5,42,6.41,8
2026-03-07 19:00:00,Mysuru,Theft,19,5,26,1.5,5
2026-03-07 19:00:00,Bengaluru Urban,Cybercrime,19,5,20,6.0,9
2026-03-07 19:00:00,Kalaburagi,Theft,19,5,18,4.08,5
2026-03-07 20:00:00,Mysuru,Fraud,20,5,19,5.16,5
2026-03-07 21:00:00,Udupi,Burglary,21,5,19,2.55,4
2026-03-07 22:00:00,Kalaburagi,Fraud,22,5,27,4.98,6
2026-03-07 22:00:00,Mysuru,Burglary,22,5,4,5.53,4
2026-03-07 23:00:00,Ballari,Fraud,23,5,44,7.69,8
2026-03-08 00:00:00,Mangaluru,Assault,0,6,31,1.38,6
2026-03-08 00:00:00,Mangaluru,Burglary,0,6,33,9.38,10
2026-03-08 02:00:00,Hubballi-Dharwad,Cybercrime,2,6,14,5.12,4
2026-03-08 02:00:00,Mysuru,Burglary,2,6,10,9.43,10
2026-03-08 02:00:00,Ballari,Theft,2,6,27,7.35,8
2026-03-08 02:00:00,Shivamogga,Theft,2,6,31,3.2,10
2026-03-08 02:00:00,Ballari,Fraud,2,6,42,6.0,7
2026-03-08 02:00:00,Davanagere,Fraud,2,6,38,8.39,8
2026-03-08 03:00:00,Bengaluru Urban,Fraud,3,6,19,9.07,8
2026-03-08 03:00:00,Belagavi,Cybercrime,3,6,32,3.66,6
2026-03-08 03:00:00,Davanagere,Burglary,3,6,2,5.0,5
2026-03-08 03:00:00,Belagavi,Assault,3,6,20,2.6,4
2026-03-08 03:00:00,Shivamogga,Assault,3,6,29,8.63,6
2026-03-08 04:00:00,Mysuru,Fraud,4,6,37,3.4,8
2026-03-08 04:00:00,Kalaburagi,Fraud,4,6,21,5.43,4
2026-03-08 04:00:00,Bengaluru Urban,Theft,4,6,37,2.82,12
2026-03-08 05:00:00,Mysuru,Burglary,5,6,41,6.48,11
2026-03-08 05:00:00,Udupi,Burglary,5,6,33,5.57,8
2026-03-08 05:00:00,Bengaluru Urban,Theft,5,6,10,4.31,10
2026-03-08 06:00:00,Shivamogga,Cybercrime,6,6,28,9.21,5
2026-03-08 06:00:00,Udupi,Cybercrime,6,6,25,3.5,3
2026-03-08 06:00:00,Shivamogga,Theft,6,6,17,9.34,7
2026-03-08 07:00:00,Hubballi-Dharwad,Burglary,7,6,12,9.04,6
2026-03-08 09:00:00,Kalaburagi,Fraud,9,6,24,7.75,4
2026-03-08 09:00:00,Hubballi-Dharwad,Theft,9,6,19,2.35,4
2026-03-08 09:00:00,Hubballi-Dharwad,Theft,9,6,44,6.24,8
2026-03-08 09:00:00,Hubballi-Dharwad,Burglary,9,6,32,2.42,6
2026-03-08 10:00:00,Mangaluru,Burglary,10,6,7,2.25,2
2026-03-08 11:00:00,Davanagere,Burglary,11,6,37,9.02,9
2026-03-08 11:00:00,Kalaburagi,Theft,11,6,36,9.46,9
2026-03-08 11:00:00,Ballari,Assault,11,6,5,4.15,2
2026-03-08 12:00:00,Shivamogga,Assault,12,6,19,6.98,6
2026-03-08 13:00:00,Bengaluru Urban,Assault,13,6,14,1.35,7
2026-03-08 13:00:00,Shivamogga,Cybercrime,13,6,39,6.66,10
2026-03-08 13:00:00,Mysuru,Burglary,13,6,19,7.12,5
2026-03-08 13:00:00,Shivamogga,Burglary,13,6,43,1.58,7
2026-03-08 14:00:00,Davanagere,Cybercrime,14,6,17,7.52,9
2026-03-08 14:00:00,Belagavi,Theft,14,6,14,8.17,6
2026-03-08 15:00:00,Hubballi-Dharwad,Burglary,15,6,7,7.27,4
2026-03-08 16:00:00,Belagavi,Assault,16,6,23,4.95,5
2026-03-08 16:00:00,Bengaluru Urban,Burglary,16,6,14,5.55,9
2026-03-08 16:00:00,Belagavi,Assault,16,6,35,4.25,5
2026-03-08 17:00:00,Bengaluru Urban,Burglary,17,6,44,5.31,11
2026-03-08 17:00:00,Udupi,Theft,17,6,21,6.29,5
2026-03-08 17:00:00,Hubballi-Dharwad,Fraud,17,6,13,3.79,4
2026-03-08 18:00:00,Kalaburagi,Theft,18,6,12,4.58,4
2026-03-08 18:00:00,Belagavi,Theft,18,6,7,3.67,2
2026-03-08 18:00:00,Kalaburagi,Fraud,18,6,11,2.87,4
2026-03-08 19:00:00,Shivamogga,Assault,19,6,42,5.34,10
2026-03-08 19:00:00,Mysuru,Cybercrime,19,6,23,8.27,7
2026-03-08 19:00:00,Davanagere,Theft,19,6,2,8.64,3
2026-03-08 20:00:00,Mysuru,Cybercrime,20,6,42,8.2,7
2026-03-08 20:00:00,Shivamogga,Assault,20,6,11,7.6,9
2026-03-08 21:00:00,Udupi,Cybercrime,21,6,32,1.45,6
2026-03-08 21:00:00,Kalaburagi,Burglary,21,6,31,2.75,5
2026-03-08 21:00:00,Bengaluru Urban,Fraud,21,6,32,2.84,9
2026-03-08 21:00:00,Hubballi-Dharwad,Cybercrime,21,6,15,8.71,4
2026-03-08 22:00:00,Belagavi,Burglary,22,6,43,4.49,7
2026-03-08 22:00:00,Belagavi,Cybercrime,22,6,3,6.64,2
2026-03-08 22:00:00,Davanagere,Fraud,22,6,31,3.01,6
2026-03-08 23:00:00,Belagavi,Assault,23,6,17,1.53,6
2026-03-08 23:00:00,Udupi,Burglary,23,6,12,4.63,4
2026-03-08 23:00:00,Udupi,Cybercrime,23,6,33,2.64,7
2026-03-08 23:00:00,Bengaluru Urban,Assault,23,6,29,9.14,12
2026-03-09 00:00:00,Mysuru,Assault,0,0,21,8.96,7
2026-03-09 02:00:00,Ballari,Theft,2,0,37,4.96,9
2026-03-09 02:00:00,Shivamogga,Cybercrime,2,0,40,7.81,8
2026-03-09 02:00:00,Hubballi-Dharwad,Burglary,2,0,5,3.95,7
2026-03-09 02:00:00,Ballari,Assault,2,0,17,2.48,4
2026-03-09 02:00:00,Bengaluru Urban,Cybercrime,2,0,41,3.63,9
2026-03-09 02:00:00,Mysuru,Burglary,2,0,17,9.04,8
2026-03-09 03:00:00,Hubballi-Dharwad,Theft,3,0,15,9.06,9
2026-03-09 05:00:00,Kalaburagi,Theft,5,0,27,1.56,7
2026-03-09 06:00:00,Kalaburagi,Cybercrime,6,0,34,5.93,6
2026-03-09 06:00:00,Udupi,Assault,6,0,17,5.76,5
2026-03-09 06:00:00,Udupi,Fraud,6,0,23,2.46,4
2026-03-09 07:00:00,Udupi,Fraud,7,0,18,6.62,6
2026-03-09 07:00:00,Davanagere,Fraud,7,0,27,9.15,7
2026-03-09 08:00:00,Kalaburagi,Assault,8,0,40,2.59,8
2026-03-09 09:00:00,Hubballi-Dharwad,Burglary,9,0,21,3.8,5
2026-03-09 09:00:00,Bengaluru Urban,Theft,9,0,22,6.73,9
2026-03-09 09:00:00,Shivamogga,Fraud,9,0,22,5.13,5
2026-03-09 10:00:00,Udupi,Fraud,10,0,12,9.05,6
2026-03-09 10:00:00,Udupi,Theft,10,0,27,6.42,5
2026-03-09 10:00:00,Mysuru,Fraud,10,0,21,3.85,3
2026-03-09 10:00:00,Mysuru,Cybercrime,10,0,17,8.45,9
2026-03-09 11:00:00,Hubballi-Dharwad,Theft,11,0,26,2.78,5
2026-03-09 11:00:00,Ballari,Fraud,11,0,42,3.69,6
2026-03-09 11:00:00,Ballari,Theft,11,0,37,1.31,5
2026-03-09 12:00:00,Ballari,Fraud,12,0,10,3.64,3
2026-03-09 12:00:00,Davanagere,Cybercrime,12,0,42,2.57,9
2026-03-09 12:00:00,Belagavi,Fraud,12,0,8,2.32,3
2026-03-09 12:00:00,Bengaluru Urban,Fraud,12,0,42,7.05,10
2026-03-09 12:00:00,Belagavi,Assault,12,0,11,5.87,5
2026-03-09 12:00:00,Kalaburagi,Assault,12,0,4,8.7,6
2026-03-09 13:00:00,Bengaluru Urban,Assault,13,0,13,4.5,7
2026-03-09 14:00:00,Udupi,Cybercrime,14,0,38,7.13,10
2026-03-09 14:00:00,Shivamogga,Fraud,14,0,44,2.35,7
2026-03-09 14:00:00,Belagavi,Assault,14,0,22,4.91,6
2026-03-09 15:00:00,Shivamogga,Theft,15,0,4,8.53,4
2026-03-09 15:00:00,Mysuru,Theft,15,0,14,7.54,5
2026-03-09 15:00:00,Ballari,Theft,15,0,11,3.24,2
2026-03-09 15:00:00,Shivamogga,Burglary,15,0,14,5.87,3
2026-03-09 16:00:00,Shivamogga,Cybercrime,16,0,22,2.72,9
2026-03-09 16:00:00,Belagavi,Burglary,16,0,15,8.26,5
2026-03-09 17:00:00,Davanagere,Cybercrime,17,0,41,1.91,7
2026-03-09 17:00:00,Ballari,Assault,17,0,14,5.85,5
2026-03-09 17:00:00,Mysuru,Assault,17,0,42,5.32,9
2026-03-09 17:00:00,Kalaburagi,Theft,17,0,16,2.85,2
2026-03-09 18:00:00,Hubballi-Dharwad,Cybercrime,18,0,27,3.23,4
2026-03-09 18:00:00,Bengaluru Urban,Theft,18,0,40,5.91,10
2026-03-09 19:00:00,Bengaluru Urban,Burglary,19,0,42,2.72,9
2026-03-09 19:00:00,Hubballi-Dharwad,Assault,19,0,3,8.44,5
2026-03-09 19:00:00,Davanagere,Fraud,19,0,16,8.44,6
2026-03-09 20:00:00,Kalaburagi,Theft,20,0,14,4.28,5
2026-03-09 21:00:00,Hubballi-Dharwad,Assault,21,0,40,5.99,11
2026-03-09 21:00:00,Mangaluru,Assault,21,0,6,8.13,5
2026-03-09 21:00:00,Belagavi,Fraud,21,0,27,5.26,5
2026-03-09 21:00:00,Mysuru,Fraud,21,0,35,5.99,7
2026-03-09 21:00:00,Ballari,Theft,21,0,11,9.39,5
2026-03-09 21:00:00,Kalaburagi,Cybercrime,21,0,19,7.88,5
2026-03-09 21:00:00,Mysuru,Assault,21,0,41,2.06,9
2026-03-09 22:00:00,Mysuru,Burglary,22,0,40,5.66,7
2026-03-09 22:00:00,Mangaluru,Assault,22,0,29,9.25,9
2026-03-10 01:00:00,Shivamogga,Burglary,1,1,35,6.65,10
2026-03-10 02:00:00,Belagavi,Cybercrime,2,1,39,4.63,7
2026-03-10 02:00:00,Belagavi,Fraud,2,1,21,6.66,4
2026-03-10 02:00:00,Mangaluru,Theft,2,1,22,3.86,7
2026-03-10 02:00:00,Mangaluru,Theft,2,1,15,9.35,9
2026-03-10 03:00:00,Ballari,Theft,3,1,18,5.71,7
2026-03-10 03:00:00,Ballari,Assault,3,1,2,1.88,2
2026-03-10 04:00:00,Belagavi,Assault,4,1,29,5.44,6
2026-03-10 04:00:00,Belagavi,Fraud,4,1,44,1.84,6
2026-03-10 05:00:00,Belagavi,Fraud,5,1,20,3.0,3
2026-03-10 05:00:00,Kalaburagi,Assault,5,1,25,3.52,5
2026-03-10 05:00:00,Kalaburagi,Assault,5,1,36,8.12,9
2026-03-10 06:00:00,Belagavi,Burglary,6,1,25,1.71,4
2026-03-10 06:00:00,Bengaluru Urban,Fraud,6,1,3,4.58,5
2026-03-10 06:00:00,Ballari,Theft,6,1,38,6.31,8
2026-03-10 07:00:00,Bengaluru Urban,Cybercrime,7,1,15,3.52,7
2026-03-10 07:00:00,Shivamogga,Burglary,7,1,30,3.54,5
2026-03-10 07:00:00,Mysuru,Theft,7,1,32,3.12,6
2026-03-10 08:00:00,Kalaburagi,Cybercrime,8,1,14,3.41,4
2026-03-10 08:00:00,Bengaluru Urban,Fraud,8,1,9,6.33,6
2026-03-10 09:00:00,Ballari,Fraud,9,1,5,9.33,5
2026-03-10 10:00:00,Ballari,Burglary,10,1,9,7.37,4
2026-03-10 10:00:00,Shivamogga,Burglary,10,1,12,5.19,5
2026-03-10 11:00:00,Bengaluru Urban,Burglary,11,1,38,6.33,10
2026-03-10 11:00:00,Mysuru,Burglary,11,1,25,7.08,5
2026-03-10 11:00:00,Kalaburagi,Burglary,11,1,8,3.71,2
2026-03-10 11:00:00,Mangaluru,Assault,11,1,3,7.65,4
2026-03-10 11:00:00,Shivamogga,Cybercrime,11,1,43,1.3,8
2026-03-10 12:00:00,Shivamogga,Assault,12,1,22,3.03,4
2026-03-10 12:00:00,Udupi,Theft,12,1,40,8.44,10
2026-03-10 12:00:00,Bengaluru Urban,Fraud,12,1,9,6.83,7
2026-03-10 13:00:00,Kalaburagi,Theft,13,1,37,3.95,7
2026-03-10 13:00:00,Belagavi,Cybercrime,13,1,43,7.08,11
2026-03-10 13:00:00,Mangaluru,Burglary,13,1,34,1.57,5
2026-03-10 13:00:00,Bengaluru Urban,Theft,13,1,42,8.62,12
2026-03-10 14:00:00,Kalaburagi,Assault,14,1,19,4.91,4
2026-03-10 14:00:00,Kalaburagi,Burglary,14,1,2,2.51,2
2026-03-10 15:00:00,Udupi,Assault,15,1,41,3.21,7
2026-03-10 17:00:00,Udupi,Cybercrime,17,1,27,4.09,6
2026-03-10 17:00:00,Bengaluru Urban,Cybercrime,17,1,23,4.46,7
2026-03-10 18:00:00,Mangaluru,Burglary,18,1,25,2.85,5
2026-03-10 19:00:00,Shivamogga,Fraud,19,1,7,7.69,5
2026-03-10 20:00:00,Mangaluru,Fraud,20,1,11,8.97,5
2026-03-10 20:00:00,Davanagere,Fraud,20,1,7,2.18,2
2026-03-10 21:00:00,Belagavi,Cybercrime,21,1,19,9.15,5
2026-03-10 22:00:00,Udupi,Cybercrime,22,1,20,7.39,5
2026-03-10 22:00:00,Udupi,Fraud,22,1,5,9.31,4
2026-03-10 22:00:00,Hubballi-Dharwad,Assault,22,1,12,5.55,7
2026-03-10 22:00:00,Ballari,Cybercrime,22,1,32,8.03,7
2026-03-10 23:00:00,Davanagere,Burglary,23,1,20,1.57,4
2026-03-10 23:00:00,Hubballi-Dharwad,Cybercrime,23,1,10,5.18,6
2026-03-10 23:00:00,Ballari,Burglary,23,1,32,5.67,7
2026-03-11 00:00:00,Mysuru,Burglary,0,2,3,6.55,6
2026-03-11 00:00:00,Shivamogga,Fraud,0,2,3,5.11,2
2026-03-11 00:00:00,Shivamogga,Burglary,0,2,26,5.97,10
2026-03-11 00:00:00,Udupi,Assault,0,2,6,5.07,3
2026-03-11 00:00:00,Udupi,Assault,0,2,15,3.29,2
2026-03-11 00:00:00,Udupi,Assault,0,2,5,9.09,4
2026-03-11 00:00:00,Ballari,Assault,0,2,27,7.31,6
2026-03-11 02:00:00,Belagavi,Theft,2,2,21,7.03,9
2026-03-11 02:00:00,Mangaluru,Theft,2,2,25,1.66,8
2026-03-11 03:00:00,Kalaburagi,Fraud,3,2,39,2.49,7
2026-03-11 03:00:00,Kalaburagi,Fraud,3,2,7,4.25,3
2026-03-11 03:00:00,Kalaburagi,Burglary,3,2,7,4.02,5
2026-03-11 04:00:00,Shivamogga,Theft,4,2,27,3.32,8
2026-03-11 04:00:00,Udupi,Assault,4,2,44,5.42,9
2026-03-11 04:00:00,Hubballi-Dharwad,Cybercrime,4,2,9,5.96,5
2026-03-11 04:00:00,Belagavi,Theft,4,2,26,3.19,7
2026-03-11 05:00:00,Shivamogga,Fraud,5,2,2,5.54,2
2026-03-11 06:00:00,Bengaluru Urban,Fraud,6,2,2,2.29,6
2026-03-11 06:00:00,Kalaburagi,Fraud,6,2,38,4.24,8
2026-03-11 06:00:00,Udupi,Fraud,6,2,39,2.94,7
2026-03-11 07:00:00,Davanagere,Cybercrime,7,2,3,3.4,3
2026-03-11 07:00:00,Belagavi,Cybercrime,7,2,5,7.37,4
2026-03-11 08:00:00,Davanagere,Theft,8,2,36,2.65,6
2026-03-11 08:00:00,Kalaburagi,Burglary,8,2,4,3.23,3
2026-03-11 09:00:00,Shivamogga,Cybercrime,9,2,43,4.53,8
2026-03-11 09:00:00,Hubballi-Dharwad,Fraud,9,2,36,7.41,6
2026-03-11 10:00:00,Mangaluru,Theft,10,2,30,7.57,7
2026-03-11 10:00:00,Belagavi,Fraud,10,2,30,3.54,7
2026-03-11 11:00:00,Davanagere,Fraud,11,2,4,4.96,4
2026-03-11 14:00:00,Mangaluru,Theft,14,2,11,6.98,4
2026-03-11 14:00:00,Shivamogga,Assault,14,2,27,5.22,6
2026-03-11 16:00:00,Belagavi,Fraud,16,2,30,1.48,4
2026-03-11 16:00:00,Belagavi,Burglary,16,2,31,6.93,7
2026-03-11 16:00:00,Mysuru,Assault,16,2,27,4.92,6
2026-03-11 17:00:00,Bengaluru Urban,Burglary,17,2,28,3.36,8
2026-03-11 18:00:00,Mysuru,Theft,18,2,25,3.34,5
2026-03-11 18:00:00,Davanagere,Assault,18,2,3,3.1,3
2026-03-11 18:00:00,Shivamogga,Burglary,18,2,17,2.53,4
2026-03-11 18:00:00,Udupi,Burglary,18,2,33,4.38,6
2026-03-11 18:00:00,Mangaluru,Theft,18,2,31,5.97,6
2026-03-11 18:00:00,Ballari,Fraud,18,2,40,8.67,7
2026-03-11 19:00:00,Belagavi,Fraud,19,2,33,6.73,6
2026-03-11 20:00:00,Hubballi-Dharwad,Theft,20,2,43,2.11,7
2026-03-11 20:00:00,Ballari,Cybercrime,20,2,5,3.11,3
2026-03-11 21:00:00,Shivamogga,Fraud,21,2,27,2.1,5
2026-03-11 22:00:00,Udupi,Fraud,22,2,33,6.17,6
2026-03-11 23:00:00,Mysuru,Theft,23,2,5,5.73,3
2026-03-11 23:00:00,Kalaburagi,Cybercrime,23,2,13,2.08,3
2026-03-11 23:00:00,Ballari,Assault,23,2,32,6.78,9
2026-03-11 23:00:00,Hubballi-Dharwad,Fraud,23,2,23,1.32,4
2026-03-12 00:00:00,Mangaluru,Theft,0,3,33,3.24,9
2026-03-12 00:00:00,Udupi,Assault,0,3,6,3.78,2
2026-03-12 00:00:00,Davanagere,Cybercrime,0,3,32,5.74,6
2026-03-12 01:00:00,Udupi,Cybercrime,1,3,33,1.66,5
2026-03-12 01:00:00,Belagavi,Theft,1,3,21,5.66,7
2026-03-12 02:00:00,Belagavi,Fraud,2,3,24,2.5,4
2026-03-12 03:00:00,Ballari,Theft,3,3,17,4.62,7
2026-03-12 03:00:00,Kalaburagi,Cybercrime,3,3,14,7.49,4
2026-03-12 04:00:00,Davanagere,Burglary,4,3,39,5.17,11
2026-03-12 04:00:00,Bengaluru Urban,Theft,4,3,34,3.12,12
2026-03-12 04:00:00,Belagavi,Assault,4,3,44,8.38,8
2026-03-12 04:00:00,Davanagere,Assault,4,3,32,8.76,7
2026-03-12 05:00:00,Mysuru,Assault,5,3,14,7.53,5
2026-03-12 05:00:00,Bengaluru Urban,Fraud,5,3,42,5.86,11
2026-03-12 06:00:00,Davanagere,Burglary,6,3,10,7.81,5
2026-03-12 06:00:00,Hubballi-Dharwad,Cybercrime,6,3,11,3.91,5
2026-03-12 06:00:00,Udupi,Assault,6,3,22,6.92,6
2026-03-12 07:00:00,Hubballi-Dharwad,Theft,7,3,31,4.15,8
2026-03-12 07:00:00,Udupi,Cybercrime,7,3,29,8.38,8
2026-03-12 07:00:00,Mangaluru,Assault,7,3,17,3.83,4
2026-03-12 08:00:00,Shivamogga,Theft,8,3,24,1.45,3
2026-03-12 08:00:00,Mysuru,Fraud,8,3,33,5.06,7
2026-03-12 08:00:00,Davanagere,Burglary,8,3,28,2.41,5
2026-03-12 08:00:00,Kalaburagi,Assault,8,3,22,1.83,3
2026-03-12 08:00:00,Mangaluru,Assault,8,3,18,2.95,4
2026-03-12 08:00:00,Belagavi,Burglary,8,3,14,9.48,4
2026-03-12 08:00:00,Ballari,Cybercrime,8,3,33,4.81,7
2026-03-12 09:00:00,Shivamogga,Cybercrime,9,3,5,2.34,4
2026-03-12 09:00:00,Belagavi,Assault,9,3,31,6.49,8
2026-03-12 10:00:00,Shivamogga,Fraud,10,3,3,4.7,4
2026-03-12 11:00:00,Bengaluru Urban,Fraud,11,3,20,4.47,9
2026-03-12 12:00:00,Davanagere,Fraud,12,3,4,6.4,4
2026-03-12 13:00:00,Udupi,Theft,13,3,9,5.9,4
2026-03-12 13:00:00,Udupi,Fraud,13,3,41,7.19,8
2026-03-12 14:00:00,Ballari,Burglary,14,3,39,5.95,8
2026-03-12 14:00:00,Mangaluru,Fraud,14,3,34,6.58,9
2026-03-12 15:00:00,Ballari,Theft,15,3,36,1.7,4
2026-03-12 16:00:00,Davanagere,Cybercrime,16,3,41,6.01,10
2026-03-12 16:00:00,Shivamogga,Theft,16,3,26,4.17,4
2026-03-12 16:00:00,Ballari,Burglary,16,3,12,8.97,6
2026-03-12 17:00:00,Udupi,Burglary,17,3,12,2.05,2
2026-03-12 17:00:00,Mysuru,Burglary,17,3,22,7.97,7
2026-03-12 18:00:00,Udupi,Assault,18,3,20,4.32,3
2026-03-12 18:00:00,Mysuru,Assault,18,3,7,5.2,5
2026-03-12 18:00:00,Ballari,Theft,18,3,43,6.17,7
2026-03-12 19:00:00,Shivamogga,Burglary,19,3,21,2.48,5
2026-03-12 22:00:00,Bengaluru Urban,Fraud,22,3,22,8.49,9
2026-03-12 23:00:00,Bengaluru Urban,Fraud,23,3,28,1.96,8
2026-03-12 23:00:00,Ballari,Assault,23,3,21,6.52,6
2026-03-13 00:00:00,Mangaluru,Assault,0,4,16,9.0,6
2026-03-13 00:00:00,Hubballi-Dharwad,Burglary,0,4,34,2.34,9
2026-03-13 01:00:00,Mangaluru,Burglary,1,4,38,6.37,10
2026-03-13 01:00:00,Kalaburagi,Assault,1,4,36,1.76,6
2026-03-13 02:00:00,Mysuru,Cybercrime,2,4,27,8.67,7
2026-03-13 02:00:00,Shivamogga,Burglary,2,4,14,5.81,5
2026-03-13 02:00:00,Hubballi-Dharwad,Assault,2,4,5,5.49,4
2026-03-13 03:00:00,Shivamogga,Burglary,3,4,12,4.27,7
2026-03-13 03:00:00,Bengaluru Urban,Burglary,3,4,3,3.85,10
2026-03-13 03:00:00,Hubballi-Dharwad,Burglary,3,4,27,6.96,9
2026-03-13 05:00:00,Hubballi-Dharwad,Fraud,5,4,7,7.5,4
2026-03-13 05:00:00,Shivamogga,Cybercrime,5,4,16,2.86,5
2026-03-13 06:00:00,Belagavi,Theft,6,4,19,5.33,5
2026-03-13 06:00:00,Davanagere,Assault,6,4,8,8.6,5
2026-03-13 07:00:00,Bengaluru Urban,Theft,7,4,39,3.62,11
2026-03-13 07:00:00,Hubballi-Dharwad,Theft,7,4,36,3.9,8
2026-03-13 07:00:00,Belagavi,Fraud,7,4,18,1.71,4
2026-03-13 07:00:00,Kalaburagi,Burglary,7,4,31,1.98,5
2026-03-13 08:00:00,Ballari,Cybercrime,8,4,22,1.68,4
2026-03-13 08:00:00,Shivamogga,Cybercrime,8,4,37,7.95,8
2026-03-13 09:00:00,Mysuru,Fraud,9,4,44,5.69,7
2026-03-13 09:00:00,Shivamogga,Theft,9,4,44,7.95,8
2026-03-13 09:00:00,Mysuru,Burglary,9,4,14,4.68,5
2026-03-13 09:00:00,Mysuru,Fraud,9,4,35,7.37,7
2026-03-13 10:00:00,Udupi,Burglary,10,4,22,2.28,5
2026-03-13 10:00:00,Bengaluru Urban,Theft,10,4,42,4.56,9
2026-03-13 10:00:00,Udupi,Cybercrime,10,4,38,4.39,10
2026-03-13 11:00:00,Mysuru,Theft,11,4,19,7.42,5
2026-03-13 11:00:00,Belagavi,Theft,11,4,33,9.04,8
2026-03-13 11:00:00,Ballari,Burglary,11,4,29,2.61,5
2026-03-13 11:00:00,Mysuru,Cybercrime,11,4,31,3.89,7
2026-03-13 12:00:00,Belagavi,Assault,12,4,32,5.86,8
2026-03-13 12:00:00,Shivamogga,Burglary,12,4,28,7.45,7
2026-03-13 13:00:00,Hubballi-Dharwad,Fraud,13,4,7,7.65,4
2026-03-13 14:00:00,Mysuru,Assault,14,4,2,1.43,1
2026-03-13 14:00:00,Shivamogga,Burglary,14,4,40,7.18,7
2026-03-13 14:00:00,Udupi,Assault,14,4,32,7.34,7
2026-03-13 14:00:00,Belagavi,Burglary,14,4,7,4.76,2
2026-03-13 15:00:00,Kalaburagi,Fraud,15,4,17,9.05,6
2026-03-13 15:00:00,Davanagere,Assault,15,4,31,9.47,9
2026-03-13 15:00:00,Bengaluru Urban,Assault,15,4,13,2.34,6
2026-03-13 15:00:00,Davanagere,Assault,15,4,33,5.13,7
2026-03-13 15:00:00,Ballari,Theft,15,4,9,4.09,3
2026-03-13 16:00:00,Bengaluru Urban,Theft,16,4,27,5.31,9
2026-03-13 16:00:00,Hubballi-Dharwad,Theft,16,4,33,6.92,6
2026-03-13 16:00:00,Ballari,Assault,16,4,14,8.36,5
2026-03-13 17:00:00,Shivamogga,Fraud,17,4,36,9.33,8
2026-03-13 17:00:00,Kalaburagi,Fraud,17,4,2,5.72,4
2026-03-13 18:00:00,Belagavi,Burglary,18,4,35,3.2,7
2026-03-13 20:00:00,Davanagere,Assault,20,4,25,5.62,8
2026-03-13 20:00:00,Mangaluru,Burglary,20,4,33,1.95,6
2026-03-13 20:00:00,Ballari,Cybercrime,20,4,3,8.23,5
2026-03-13 20:00:00,Mangaluru,Burglary,20,4,40,2.32,8
2026-03-13 20:00:00,Udupi,Theft,20,4,14,9.3,4
2026-03-13 20:00:00,Shivamogga,Assault,20,4,11,2.72,5
2026-03-13 20:00:00,Ballari,Theft,20,4,8,6.14,4
2026-03-13 20:00:00,Davanagere,Fraud,20,4,9,5.9,4
2026-03-13 20:00:00,Bengaluru Urban,Assault,20,4,20,2.46,10
2026-03-13 21:00:00,Mysuru,Theft,21,4,19,3.44,3
2026-03-13 21:00:00,Kalaburagi,Fraud,21,4,32,9.09,7
2026-03-13 22:00:00,Bengaluru Urban,Cybercrime,22,4,14,3.71,8
2026-03-13 22:00:00,Udupi,Theft,22,4,30,7.76,9
2026-03-13 22:00:00,Bengaluru Urban,Assault,22,4,29,6.41,11
2026-03-13 22:00:00,Ballari,Theft,22,4,32,3.78,7
2026-03-13 23:00:00,Ballari,Assault,23,4,26,5.04,8
2026-03-13 23:00:00,Davanagere,Cybercrime,23,4,18,7.57,6
2026-03-14 00:00:00,Davanagere,Cybercrime,0,5,5,5.06,3
2026-03-14 00:00:00,Mangaluru,Burglary,0,5,26,1.31,7
2026-03-14 01:00:00,Shivamogga,Assault,1,5,28,2.12,3
2026-03-14 01:00:00,Ballari,Burglary,1,5,38,3.73,9
2026-03-14 01:00:00,Davanagere,Burglary,1,5,14,5.38,6
2026-03-14 01:00:00,Shivamogga,Burglary,1,5,22,1.21,5
2026-03-14 02:00:00,Udupi,Fraud,2,5,19,7.0,6
2026-03-14 02:00:00,Mysuru,Cybercrime,2,5,42,7.05,9
2026-03-14 02:00:00,Mysuru,Fraud,2,5,14,2.93,4
2026-03-14 03:00:00,Belagavi,Burglary,3,5,41,5.34,10
2026-03-14 03:00:00,Kalaburagi,Fraud,3,5,42,2.62,7
2026-03-14 03:00:00,Hubballi-Dharwad,Cybercrime,3,5,41,8.28,8
2026-03-14 03:00:00,Davanagere,Fraud,3,5,9,7.42,5
2026-03-14 04:00:00,Shivamogga,Burglary,4,5,25,5.8,8
2026-03-14 04:00:00,Belagavi,Theft,4,5,23,1.35,5
2026-03-14 05:00:00,Shivamogga,Fraud,5,5,22,8.76,6
2026-03-14 05:00:00,Bengaluru Urban,Fraud,5,5,32,4.43,9
2026-03-14 05:00:00,Kalaburagi,Burglary,5,5,31,7.41,10
2026-03-14 05:00:00,Belagavi,Burglary,5,5,4,5.99,6
2026-03-14 06:00:00,Hubballi-Dharwad,Assault,6,5,12,3.83,5
2026-03-14 06:00:00,Ballari,Fraud,6,5,20,1.28,4
2026-03-14 06:00:00,Shivamogga,Assault,6,5,39,8.0,8
2026-03-14 07:00:00,Mangaluru,Theft,7,5,6,8.99,3
2026-03-14 07:00:00,Shivamogga,Burglary,7,5,13,6.45,5
2026-03-14 07:00:00,Bengaluru Urban,Fraud,7,5,15,6.03,8
2026-03-14 07:00:00,Udupi,Assault,7,5,42,7.57,8
2026-03-14 07:00:00,Kalaburagi,Assault,7,5,24,9.33,8
2026-03-14 08:00:00,Davanagere,Burglary,8,5,44,4.57,7
2026-03-14 09:00:00,Mangaluru,Theft,9,5,27,7.07,7
2026-03-14 09:00:00,Mangaluru,Cybercrime,9,5,5,1.29,2
2026-03-14 10:00:00,Belagavi,Fraud,10,5,39,6.92,8
2026-03-14 10:00:00,Ballari,Theft,10,5,34,7.55,6
2026-03-14 11:00:00,Davanagere,Burglary,11,5,20,6.23,5
2026-03-14 11:00:00,Mangaluru,Fraud,11,5,27,5.02,6
2026-03-14 13:00:00,Mangaluru,Cybercrime,13,5,24,3.9,8
2026-03-14 13:00:00,Davanagere,Assault,13,5,14,1.76,4
2026-03-14 13:00:00,Udupi,Burglary,13,5,42,1.69,6
2026-03-14 13:00:00,Mysuru,Theft,13,5,23,1.62,5
2026-03-14 13:00:00,Kalaburagi,Burglary,13,5,25,3.56,5
2026-03-14 14:00:00,Udupi,Fraud,14,5,11,5.27,2
2026-03-14 14:00:00,Udupi,Assault,14,5,20,7.09,6
2026-03-14 15:00:00,Davanagere,Fraud,15,5,19,1.47,4
2026-03-14 16:00:00,Bengaluru Urban,Fraud,16,5,12,3.22,6
2026-03-14 17:00:00,Kalaburagi,Burglary,17,5,24,2.1,5
2026-03-14 17:00:00,Davanagere,Cybercrime,17,5,4,7.06,3
2026-03-14 17:00:00,Davanagere,Fraud,17,5,24,7.26,5
2026-03-14 18:00:00,Mysuru,Theft,18,5,42,1.87,7
2026-03-14 18:00:00,Kalaburagi,Theft,18,5,17,5.36,5
2026-03-14 19:00:00,Davanagere,Cybercrime,19,5,4,3.94,3
2026-03-14 19:00:00,Ballari,Theft,19,5,7,7.17,2
2026-03-14 19:00:00,Udupi,Theft,19,5,20,5.03,4
2026-03-14 19:00:00,Davanagere,Assault,19,5,40,7.42,11
2026-03-14 20:00:00,Belagavi,Fraud,20,5,38,6.06,8
2026-03-14 21:00:00,Shivamogga,Fraud,21,5,32,2.45,6
2026-03-14 22:00:00,Mangaluru,Assault,22,5,16,7.68,7
2026-03-14 22:00:00,Kalaburagi,Burglary,22,5,27,2.08,6
2026-03-14 23:00:00,Mysuru,Theft,23,5,35,6.58,7
2026-03-15 00:00:00,Udupi,Theft,0,6,9,5.43,7
2026-03-15 00:00:00,Udupi,Burglary,0,6,33,7.55,10
2026-03-15 00:00:00,Shivamogga,Assault,0,6,43,6.83,7
2026-03-15 01:00:00,Udupi,Cybercrime,1,6,25,4.74,6
2026-03-15 01:00:00,Ballari,Assault,1,6,40,5.92,7
2026-03-15 02:00:00,Mysuru,Fraud,2,6,2,8.88,4
2026-03-15 02:00:00,Bengaluru Urban,Assault,2,6,24,5.83,9
2026-03-15 02:00:00,Mangaluru,Burglary,2,6,24,2.6,7
2026-03-15 03:00:00,Davanagere,Assault,3,6,27,8.35,7
2026-03-15 03:00:00,Mangaluru,Theft,3,6,14,4.03,6
2026-03-15 04:00:00,Udupi,Assault,4,6,27,5.57,7
2026-03-15 04:00:00,Hubballi-Dharwad,Cybercrime,4,6,16,2.68,4
2026-03-15 05:00:00,Kalaburagi,Burglary,5,6,6,6.55,7
2026-03-15 05:00:00,Belagavi,Assault,5,6,31,2.92,5
2026-03-15 05:00:00,Belagavi,Cybercrime,5,6,11,9.08,5
2026-03-15 05:00:00,Shivamogga,Cybercrime,5,6,14,2.4,2
2026-03-15 06:00:00,Belagavi,Cybercrime,6,6,32,9.11,6
2026-03-15 07:00:00,Udupi,Cybercrime,7,6,2,8.55,5
2026-03-15 08:00:00,Hubballi-Dharwad,Fraud,8,6,22,7.72,5
2026-03-15 09:00:00,Kalaburagi,Theft,9,6,2,5.59,2
2026-03-15 09:00:00,Udupi,Assault,9,6,31,8.56,7
2026-03-15 09:00:00,Ballari,Burglary,9,6,34,2.78,5
2026-03-15 09:00:00,Ballari,Fraud,9,6,27,8.6,6
2026-03-15 10:00:00,Bengaluru Urban,Theft,10,6,23,6.6,10
2026-03-15 11:00:00,Shivamogga,Theft,11,6,26,5.01,6
2026-03-15 12:00:00,Shivamogga,Assault,12,6,6,2.64,3
2026-03-15 12:00:00,Udupi,Fraud,12,6,7,2.89,2
2026-03-15 12:00:00,Davanagere,Fraud,12,6,44,7.68,8
2026-03-15 13:00:00,Hubballi-Dharwad,Burglary,13,6,37,1.42,5
2026-03-15 13:00:00,Kalaburagi,Fraud,13,6,34,5.36,6
2026-03-15 13:00:00,Mangaluru,Burglary,13,6,14,6.63,5
2026-03-15 13:00:00,Mangaluru,Cybercrime,13,6,23,3.61,7
2026-03-15 14:00:00,Mysuru,Fraud,14,6,10,3.76,5
2026-03-15 14:00:00,Mangaluru,Burglary,14,6,10,4.51,3
2026-03-15 14:00:00,Shivamogga,Burglary,14,6,35,3.0,5
2026-03-15 14:00:00,Shivamogga,Cybercrime,14,6,31,6.14,9
2026-03-15 14:00:00,Hubballi-Dharwad,Assault,14,6,15,5.76,6
2026-03-15 15:00:00,Mangaluru,Theft,15,6,25,5.38,5
2026-03-15 16:00:00,Mangaluru,Fraud,16,6,20,4.66,4
2026-03-15 16:00:00,Shivamogga,Theft,16,6,4,3.47,3
2026-03-15 17:00:00,Ballari,Assault,17,6,20,6.54,6
2026-03-15 17:00:00,Hubballi-Dharwad,Cybercrime,17,6,11,8.49,5
2026-03-15 17:00:00,Kalaburagi,Assault,17,6,10,4.92,4
2026-03-15 18:00:00,Davanagere,Assault,18,6,22,2.83,6
2026-03-15 18:00:00,Udupi,Cybercrime,18,6,5,4.56,2
2026-03-15 19:00:00,Mangaluru,Assault,19,6,43,6.97,11
2026-03-15 19:00:00,Belagavi,Fraud,19,6,39,2.41,6
2026-03-15 20:00:00,Ballari,Theft,20,6,6,8.93,5
2026-03-15 20:00:00,Bengaluru Urban,Fraud,20,6,19,7.1,9
2026-03-15 20:00:00,Belagavi,Cybercrime,20,6,17,6.28,6
2026-03-15 21:00:00,Udupi,Fraud,21,6,16,4.95,6
2026-03-15 21:00:00,Shivamogga,Assault,21,6,28,9.29,9
2026-03-15 22:00:00,Belagavi,Cybercrime,22,6,13,6.24,4
2026-03-15 22:00:00,Ballari,Burglary,22,6,34,4.56,7
2026-03-16 00:00:00,Kalaburagi,Assault,0,0,11,3.37,3
2026-03-16 01:00:00,Mysuru,Assault,1,0,21,7.55,6
2026-03-16 01:00:00,Kalaburagi,Fraud,1,0,21,7.0,5
2026-03-16 01:00:00,Mysuru,Cybercrime,1,0,33,2.97,7
2026-03-16 01:00:00,Mangaluru,Theft,1,0,11,6.17,6
2026-03-16 02:00:00,Shivamogga,Theft,2,0,13,7.65,7
2026-03-16 02:00:00,Udupi,Assault,2,0,7,4.29,2
2026-03-16 02:00:00,Mysuru,Fraud,2,0,36,3.98,7
2026-03-16 03:00:00,Belagavi,Theft,3,0,25,8.12,8
2026-03-16 03:00:00,Belagavi,Assault,3,0,38,6.5,6
2026-03-16 03:00:00,Belagavi,Burglary,3,0,10,2.38,4
2026-03-16 03:00:00,Davanagere,Burglary,3,0,41,6.75,10
2026-03-16 03:00:00,Bengaluru Urban,Cybercrime,3,0,36,8.84,10
2026-03-16 04:00:00,Hubballi-Dharwad,Assault,4,0,6,2.97,4
2026-03-16 05:00:00,Shivamogga,Theft,5,0,21,1.72,8
2026-03-16 05:00:00,Belagavi,Burglary,5,0,22,9.35,8
2026-03-16 05:00:00,Belagavi,Burglary,5,0,26,3.5,7
2026-03-16 06:00:00,Davanagere,Fraud,6,0,22,6.4,5
2026-03-16 06:00:00,Shivamogga,Cybercrime,6,0,40,8.96,10
2026-03-16 06:00:00,Udupi,Theft,6,0,38,8.2,8
2026-03-16 06:00:00,Davanagere,Theft,6,0,4,5.07,2
2026-03-16 06:00:00,Kalaburagi,Burglary,6,0,30,3.0,6
2026-03-16 07:00:00,Udupi,Burglary,7,0,28,7.62,5
2026-03-16 07:00:00,Bengaluru Urban,Assault,7,0,34,7.49,10
2026-03-16 07:00:00,Udupi,Theft,7,0,18,7.81,6
2026-03-16 07:00:00,Davanagere,Theft,7,0,35,7.87,7
2026-03-16 07:00:00,Kalaburagi,Cybercrime,7,0,20,6.36,5
2026-03-16 08:00:00,Belagavi,Fraud,8,0,4,7.22,3
2026-03-16 08:00:00,Hubballi-Dharwad,Theft,8,0,19,2.84,3
2026-03-16 09:00:00,Bengaluru Urban,Fraud,9,0,36,7.82,10
2026-03-16 09:00:00,Hubballi-Dharwad,Cybercrime,9,0,42,8.28,8
2026-03-16 10:00:00,Mysuru,Assault,10,0,15,7.08,4
2026-03-16 10:00:00,Belagavi,Burglary,10,0,3,3.45,4
2026-03-16 11:00:00,Belagavi,Burglary,11,0,17,1.85,3
2026-03-16 11:00:00,Kalaburagi,Fraud,11,0,9,3.25,3
2026-03-16 11:00:00,Davanagere,Cybercrime,11,0,5,3.06,6
2026-03-16 12:00:00,Belagavi,Fraud,12,0,26,8.45,6
2026-03-16 12:00:00,Kalaburagi,Cybercrime,12,0,31,4.26,9
2026-03-16 12:00:00,Bengaluru Urban,Assault,12,0,17,5.78,7
2026-03-16 13:00:00,Mysuru,Theft,13,0,36,2.06,8
2026-03-16 13:00:00,Kalaburagi,Cybercrime,13,0,17,4.61,8
2026-03-16 13:00:00,Belagavi,Theft,13,0,40,2.94,7
2026-03-16 14:00:00,Davanagere,Assault,14,0,30,2.75,4
2026-03-16 14:00:00,Davanagere,Theft,14,0,8,6.71,4
2026-03-16 14:00:00,Shivamogga,Cybercrime,14,0,29,4.01,8
2026-03-16 15:00:00,Udupi,Assault,15,0,29,8.83,7
2026-03-16 16:00:00,Kalaburagi,Theft,16,0,33,7.58,5
2026-03-16 16:00:00,Belagavi,Assault,16,0,26,3.78,6
2026-03-16 17:00:00,Mangaluru,Assault,17,0,41,8.9,9
2026-03-16 17:00:00,Kalaburagi,Theft,17,0,39,1.82,6
2026-03-16 17:00:00,Udupi,Assault,17,0,8,1.86,3
2026-03-16 18:00:00,Bengaluru Urban,Fraud,18,0,12,5.29,7
2026-03-16 18:00:00,Udupi,Burglary,18,0,37,1.34,5
2026-03-16 19:00:00,Davanagere,Fraud,19,0,28,4.6,4
2026-03-16 19:00:00,Udupi,Theft,19,0,7,8.44,5
2026-03-16 19:00:00,Kalaburagi,Cybercrime,19,0,16,3.85,5
2026-03-16 20:00:00,Davanagere,Fraud,20,0,44,9.32,9
2026-03-16 20:00:00,Davanagere,Assault,20,0,18,6.77,7
2026-03-16 21:00:00,Davanagere,Burglary,21,0,40,5.15,6
2026-03-16 21:00:00,Belagavi,Cybercrime,21,0,22,5.36,5
2026-03-16 21:00:00,Bengaluru Urban,Fraud,21,0,27,9.11,11
2026-03-16 21:00:00,Udupi,Assault,21,0,44,1.9,8
2026-03-16 22:00:00,Bengaluru Urban,Fraud,22,0,41,7.73,12
2026-03-16 22:00:00,Shivamogga,Burglary,22,0,17,6.85,4
2026-03-16 23:00:00,Mysuru,Theft,23,0,33,3.03,7
2026-03-16 23:00:00,Mangaluru,Fraud,23,0,23,3.32,5
2026-03-17 00:00:00,Udupi,Theft,0,1,14,4.85,6
2026-03-17 00:00:00,Shivamogga,Assault,0,1,6,9.34,5
2026-03-17 00:00:00,Kalaburagi,Theft,0,1,14,7.63,7
2026-03-17 01:00:00,Davanagere,Fraud,1,1,41,5.43,9
2026-03-17 01:00:00,Shivamogga,Assault,1,1,21,6.63,5
2026-03-17 02:00:00,Kalaburagi,Cybercrime,2,1,3,5.72,3
2026-03-17 03:00:00,Hubballi-Dharwad,Burglary,3,1,38,7.39,11
2026-03-17 03:00:00,Ballari,Assault,3,1,7,4.63,4
2026-03-17 03:00:00,Shivamogga,Assault,3,1,8,9.03,5
2026-03-17 03:00:00,Davanagere,Cybercrime,3,1,40,2.6,8
2026-03-17 03:00:00,Bengaluru Urban,Assault,3,1,3,4.36,5
2026-03-17 04:00:00,Kalaburagi,Theft,4,1,27,6.16,8
2026-03-17 04:00:00,Mysuru,Fraud,4,1,27,5.79,5
2026-03-17 05:00:00,Davanagere,Assault,5,1,16,7.51,5
2026-03-17 06:00:00,Hubballi-Dharwad,Fraud,6,1,36,8.96,9
2026-03-17 06:00:00,Belagavi,Assault,6,1,43,4.93,6
2026-03-17 06:00:00,Mangaluru,Assault,6,1,3,4.89,3
2026-03-17 07:00:00,Ballari,Cybercrime,7,1,21,2.77,5
2026-03-17 07:00:00,Mangaluru,Fraud,7,1,34,3.0,5
2026-03-17 08:00:00,Mysuru,Cybercrime,8,1,26,7.63,7
2026-03-17 08:00:00,Davanagere,Assault,8,1,14,7.52,6
2026-03-17 09:00:00,Mysuru,Cybercrime,9,1,41,1.77,5
2026-03-17 09:00:00,Davanagere,Fraud,9,1,11,4.37,2
2026-03-17 09:00:00,Kalaburagi,Theft,9,1,23,4.6,5
2026-03-17 10:00:00,Shivamogga,Cybercrime,10,1,33,3.22,8
2026-03-17 11:00:00,Hubballi-Dharwad,Cybercrime,11,1,29,2.45,7
2026-03-17 11:00:00,Udupi,Cybercrime,11,1,12,1.42,5
2026-03-17 13:00:00,Mysuru,Fraud,13,1,9,5.24,4
2026-03-17 13:00:00,Kalaburagi,Fraud,13,1,20,3.38,4
2026-03-17 13:00:00,Belagavi,Cybercrime,13,1,26,1.88,6
2026-03-17 14:00:00,Kalaburagi,Fraud,14,1,27,5.96,7
2026-03-17 14:00:00,Davanagere,Assault,14,1,44,7.64,7
2026-03-17 15:00:00,Belagavi,Cybercrime,15,1,26,3.41,7
2026-03-17 15:00:00,Bengaluru Urban,Assault,15,1,19,5.52,9
2026-03-17 16:00:00,Shivamogga,Cybercrime,16,1,4,5.93,6
2026-03-17 16:00:00,Udupi,Burglary,16,1,27,2.49,5
2026-03-17 17:00:00,Ballari,Cybercrime,17,1,5,9.38,4
2026-03-17 17:00:00,Udupi,Theft,17,1,27,3.13,5
2026-03-17 18:00:00,Kalaburagi,Theft,18,1,9,2.69,3
2026-03-17 18:00:00,Mangaluru,Fraud,18,1,34,6.0,8
2026-03-17 19:00:00,Belagavi,Cybercrime,19,1,33,8.54,8
2026-03-17 19:00:00,Udupi,Theft,19,1,31,4.03,6
2026-03-17 19:00:00,Bengaluru Urban,Assault,19,1,34,3.44,12
2026-03-17 19:00:00,Udupi,Assault,19,1,17,4.92,6
2026-03-17 19:00:00,Ballari,Cybercrime,19,1,27,3.98,6
2026-03-17 20:00:00,Udupi,Assault,20,1,9,3.54,6
2026-03-17 20:00:00,Belagavi,Assault,20,1,21,5.44,6
2026-03-17 20:00:00,Davanagere,Fraud,20,1,8,8.95,5
2026-03-17 20:00:00,Kalaburagi,Theft,20,1,39,2.58,7
2026-03-17 21:00:00,Davanagere,Burglary,21,1,42,2.79,7
2026-03-17 21:00:00,Bengaluru Urban,Fraud,21,1,21,6.3,9
2026-03-17 21:00:00,Hubballi-Dharwad,Fraud,21,1,23,6.38,5
2026-03-17 21:00:00,Kalaburagi,Cybercrime,21,1,13,9.45,6
2026-03-17 22:00:00,Bengaluru Urban,Burglary,22,1,7,4.92,5
2026-03-17 22:00:00,Kalaburagi,Assault,22,1,33,1.47,9
2026-03-17 22:00:00,Davanagere,Theft,22,1,9,5.17,4
2026-03-17 23:00:00,Belagavi,Theft,23,1,9,9.22,4
2026-03-17 23:00:00,Belagavi,Assault,23,1,22,4.28,7
2026-03-17 23:00:00,Kalaburagi,Fraud,23,1,34,9.16,9
2026-03-17 23:00:00,Belagavi,Fraud,23,1,37,9.06,8
2026-03-17 23:00:00,Mysuru,Assault,23,1,33,1.29,7
2026-03-18 01:00:00,Hubballi-Dharwad,Assault,1,2,6,6.25,4
2026-03-18 01:00:00,Bengaluru Urban,Cybercrime,1,2,3,6.89,6
2026-03-18 02:00:00,Ballari,Cybercrime,2,2,31,7.19,7
2026-03-18 02:00:00,Hubballi-Dharwad,Fraud,2,2,24,2.12,5
2026-03-18 02:00:00,Hubballi-Dharwad,Cybercrime,2,2,29,1.86,5
2026-03-18 03:00:00,Kalaburagi,Burglary,3,2,2,5.84,5
2026-03-18 03:00:00,Udupi,Burglary,3,2,21,2.19,6
2026-03-18 04:00:00,Bengaluru Urban,Fraud,4,2,16,3.08,7
2026-03-18 05:00:00,Udupi,Assault,5,2,28,6.68,7
2026-03-18 06:00:00,Belagavi,Assault,6,2,22,7.25,6
2026-03-18 06:00:00,Hubballi-Dharwad,Theft,6,2,41,7.27,8
2026-03-18 07:00:00,Ballari,Cybercrime,7,2,39,2.07,6
2026-03-18 07:00:00,Bengaluru Urban,Cybercrime,7,2,11,8.67,8
2026-03-18 09:00:00,Hubballi-Dharwad,Assault,9,2,42,6.61,10
2026-03-18 09:00:00,Mangaluru,Cybercrime,9,2,7,5.28,3
2026-03-18 10:00:00,Belagavi,Burglary,10,2,12,9.16,4
2026-03-18 10:00:00,Hubballi-Dharwad,Burglary,10,2,43,4.75,7
2026-03-18 11:00:00,Ballari,Cybercrime,11,2,19,9.15,10
2026-03-18 11:00:00,Mysuru,Fraud,11,2,25,2.41,6
2026-03-18 11:00:00,Udupi,Fraud,11,2,43,6.99,8
2026-03-18 11:00:00,Davanagere,Fraud,11,2,16,5.26,4
2026-03-18 12:00:00,Hubballi-Dharwad,Fraud,12,2,5,1.3,1
2026-03-18 12:00:00,Shivamogga,Fraud,12,2,2,1.32,1
2026-03-18 12:00:00,Bengaluru Urban,Theft,12,2,14,4.82,8
2026-03-18 13:00:00,Ballari,Assault,13,2,26,1.32,4
2026-03-18 13:00:00,Bengaluru Urban,Cybercrime,13,2,17,6.19,11
2026-03-18 14:00:00,Bengaluru Urban,Burglary,14,2,12,6.08,8
2026-03-18 15:00:00,Bengaluru Urban,Assault,15,2,8,8.48,6
2026-03-18 16:00:00,Udupi,Theft,16,2,16,2.66,4
2026-03-18 16:00:00,Davanagere,Cybercrime,16,2,44,9.06,12
2026-03-18 16:00:00,Ballari,Fraud,16,2,6,8.61,5
2026-03-18 16:00:00,Ballari,Cybercrime,16,2,27,8.15,9
2026-03-18 16:00:00,Kalaburagi,Cybercrime,16,2,12,1.44,6
2026-03-18 16:00:00,Udupi,Assault,16,2,28,7.83,7
2026-03-18 17:00:00,Kalaburagi,Burglary,17,2,4,2.21,2
2026-03-18 17:00:00,Udupi,Theft,17,2,41,2.09,6
2026-03-18 17:00:00,Mysuru,Theft,17,2,31,6.78,6
2026-03-18 17:00:00,Mangaluru,Assault,17,2,16,5.25,5
2026-03-18 17:00:00,Hubballi-Dharwad,Burglary,17,2,2,4.14,3
2026-03-18 18:00:00,Mangaluru,Assault,18,2,30,1.21,6
2026-03-18 18:00:00,Hubballi-Dharwad,Theft,18,2,40,4.24,6
2026-03-18 20:00:00,Udupi,Burglary,20,2,26,7.65,6
2026-03-18 21:00:00,Shivamogga,Cybercrime,21,2,30,3.9,6
2026-03-18 22:00:00,Mangaluru,Fraud,22,2,19,5.19,4
2026-03-18 22:00:00,Davanagere,Burglary,22,2,27,1.39,5
2026-03-18 23:00:00,Shivamogga,Fraud,23,2,13,6.6,6
2026-03-18 23:00:00,Udupi,Burglary,23,2,32,3.03,6
2026-03-19 00:00:00,Hubballi-Dharwad,Burglary,0,3,42,7.6,12
2026-03-19 00:00:00,Bengaluru Urban,Fraud,0,3,22,6.51,9
2026-03-19 02:00:00,Udupi,Cybercrime,2,3,14,4.36,3
2026-03-19 03:00:00,Ballari,Theft,3,3,19,1.72,7
2026-03-19 03:00:00,Mangaluru,Burglary,3,3,18,1.94,6
2026-03-19 03:00:00,Bengaluru Urban,Burglary,3,3,25,7.79,13
2026-03-19 04:00:00,Kalaburagi,Burglary,4,3,11,4.83,6
2026-03-19 05:00:00,Shivamogga,Burglary,5,3,9,2.71,7
2026-03-19 06:00:00,Bengaluru Urban,Assault,6,3,23,6.13,8
2026-03-19 06:00:00,Kalaburagi,Burglary,6,3,15,9.05,7
2026-03-19 06:00:00,Mysuru,Theft,6,3,12,8.2,7
2026-03-19 06:00:00,Mangaluru,Assault,6,3,18,5.6,5
2026-03-19 06:00:00,Ballari,Fraud,6,3,44,2.36,7
2026-03-19 07:00:00,Shivamogga,Cybercrime,7,3,44,3.78,8
2026-03-19 07:00:00,Hubballi-Dharwad,Assault,7,3,13,3.08,4
2026-03-19 07:00:00,Bengaluru Urban,Burglary,7,3,19,9.0,10
2026-03-19 08:00:00,Ballari,Fraud,8,3,23,4.73,6
2026-03-19 08:00:00,Mangaluru,Burglary,8,3,18,9.06,5
2026-03-19 09:00:00,Belagavi,Burglary,9,3,30,2.41,6
2026-03-19 09:00:00,Mysuru,Assault,9,3,43,2.34,8
2026-03-19 09:00:00,Ballari,Burglary,9,3,28,9.15,7
2026-03-19 09:00:00,Mysuru,Fraud,9,3,18,5.34,5
2026-03-19 10:00:00,Bengaluru Urban,Theft,10,3,17,2.73,7
2026-03-19 10:00:00,Shivamogga,Theft,10,3,35,6.27,8
2026-03-19 11:00:00,Shivamogga,Cybercrime,11,3,42,2.25,9
2026-03-19 11:00:00,Hubballi-Dharwad,Assault,11,3,12,2.76,2
2026-03-19 11:00:00,Mysuru,Fraud,11,3,43,4.89,8
2026-03-19 12:00:00,Hubballi-Dharwad,Assault,12,3,29,1.28,6
2026-03-19 12:00:00,Davanagere,Fraud,12,3,12,1.54,3
2026-03-19 13:00:00,Davanagere,Assault,13,3,8,1.8,2
2026-03-19 13:00:00,Shivamogga,Fraud,13,3,4,5.55,3
2026-03-19 13:00:00,Mangaluru,Cybercrime,13,3,33,3.32,9
2026-03-19 13:00:00,Bengaluru Urban,Cybercrime,13,3,17,6.33,11
2026-03-19 14:00:00,Davanagere,Cybercrime,14,3,12,9.32,8
2026-03-19 14:00:00,Belagavi,Theft,14,3,35,8.78,9
2026-03-19 14:00:00,Shivamogga,Theft,14,3,42,5.44,7
2026-03-19 15:00:00,Hubballi-Dharwad,Theft,15,3,26,7.56,7
2026-03-19 15:00:00,Davanagere,Fraud,15,3,21,6.29,5
2026-03-19 17:00:00,Udupi,Fraud,17,3,35,7.92,7
2026-03-19 17:00:00,Davanagere,Fraud,17,3,16,4.52,4
2026-03-19 17:00:00,Bengaluru Urban,Fraud,17,3,32,4.34,9
2026-03-19 18:00:00,Davanagere,Cybercrime,18,3,25,5.38,4
2026-03-19 18:00:00,Shivamogga,Assault,18,3,41,7.95,8
2026-03-19 19:00:00,Bengaluru Urban,Cybercrime,19,3,31,7.97,11
2026-03-19 19:00:00,Udupi,Fraud,19,3,32,2.65,6
2026-03-19 19:00:00,Shivamogga,Burglary,19,3,9,4.1,3
2026-03-19 20:00:00,Kalaburagi,Cybercrime,20,3,15,2.02,5
2026-03-19 20:00:00,Hubballi-Dharwad,Burglary,20,3,21,5.55,5
2026-03-19 20:00:00,Mysuru,Theft,20,3,20,5.76,5
2026-03-19 21:00:00,Ballari,Fraud,21,3,9,8.03,4
2026-03-19 21:00:00,Davanagere,Burglary,21,3,43,2.04,5
2026-03-19 22:00:00,Kalaburagi,Assault,22,3,35,5.75,10
2026-03-19 22:00:00,Ballari,Burglary,22,3,5,4.16,5
2026-03-19 23:00:00,Kalaburagi,Cybercrime,23,3,43,1.96,7
2026-03-19 23:00:00,Bengaluru Urban,Assault,23,3,7,5.01,9
2026-03-20 00:00:00,Mysuru,Theft,0,4,42,2.7,10
2026-03-20 00:00:00,Bengaluru Urban,Cybercrime,0,4,32,6.86,10
2026-03-20 02:00:00,Kalaburagi,Burglary,2,4,18,6.62,8
2026-03-20 02:00:00,Hubballi-Dharwad,Cybercrime,2,4,30,7.41,7
2026-03-20 02:00:00,Belagavi,Fraud,2,4,29,4.66,5
2026-03-20 02:00:00,Shivamogga,Cybercrime,2,4,16,4.83,6
2026-03-20 02:00:00,Shivamogga,Burglary,2,4,6,6.45,7
2026-03-20 04:00:00,Mysuru,Cybercrime,4,4,43,2.16,8
2026-03-20 04:00:00,Belagavi,Fraud,4,4,43,3.15,5
2026-03-20 04:00:00,Mysuru,Fraud,4,4,43,2.57,6
2026-03-20 05:00:00,Bengaluru Urban,Fraud,5,4,39,4.98,10
2026-03-20 05:00:00,Hubballi-Dharwad,Theft,5,4,36,9.36,12
2026-03-20 06:00:00,Davanagere,Burglary,6,4,23,1.71,5
2026-03-20 06:00:00,Mangaluru,Burglary,6,4,26,7.02,6
2026-03-20 06:00:00,Ballari,Burglary,6,4,31,6.0,7
2026-03-20 07:00:00,Mysuru,Cybercrime,7,4,3,8.74,5
2026-03-20 07:00:00,Kalaburagi,Cybercrime,7,4,20,3.85,3
2026-03-20 08:00:00,Udupi,Theft,8,4,14,9.49,6
2026-03-20 08:00:00,Udupi,Fraud,8,4,27,7.31,6
2026-03-20 09:00:00,Mysuru,Cybercrime,9,4,42,3.14,7
2026-03-20 09:00:00,Kalaburagi,Cybercrime,9,4,7,7.19,4
2026-03-20 09:00:00,Shivamogga,Theft,9,4,18,3.98,4
2026-03-20 09:00:00,Mangaluru,Burglary,9,4,40,8.94,10
2026-03-20 10:00:00,Udupi,Fraud,10,4,28,3.36,6
2026-03-20 10:00:00,Mangaluru,Assault,10,4,13,2.93,4
2026-03-20 11:00:00,Hubballi-Dharwad,Assault,11,4,5,1.92,2
2026-03-20 11:00:00,Udupi,Cybercrime,11,4,32,1.93,8
2026-03-20 12:00:00,Mysuru,Burglary,12,4,19,9.27,5
2026-03-20 12:00:00,Davanagere,Assault,12,4,28,5.79,5
2026-03-20 12:00:00,Belagavi,Cybercrime,12,4,31,1.34,8
2026-03-20 13:00:00,Kalaburagi,Assault,13,4,26,6.82,6
2026-03-20 14:00:00,Mangaluru,Fraud,14,4,38,1.75,6
2026-03-20 14:00:00,Hubballi-Dharwad,Fraud,14,4,30,5.6,6
2026-03-20 15:00:00,Udupi,Cybercrime,15,4,5,3.7,5
2026-03-20 15:00:00,Ballari,Burglary,15,4,34,7.59,7
2026-03-20 15:00:00,Mangaluru,Assault,15,4,40,2.55,6
2026-03-20 15:00:00,Mangaluru,Cybercrime,15,4,7,4.99,6
2026-03-20 16:00:00,Udupi,Cybercrime,16,4,38,5.65,11
2026-03-20 16:00:00,Kalaburagi,Burglary,16,4,31,9.17,7
2026-03-20 16:00:00,Hubballi-Dharwad,Assault,16,4,20,8.86,5
2026-03-20 16:00:00,Davanagere,Theft,16,4,40,4.0,7
2026-03-20 16:00:00,Mangaluru,Theft,16,4,36,2.09,6
2026-03-20 17:00:00,Hubballi-Dharwad,Assault,17,4,20,3.43,5
2026-03-20 17:00:00,Shivamogga,Theft,17,4,19,1.84,3
2026-03-20 18:00:00,Shivamogga,Fraud,18,4,25,4.32,6
2026-03-20 18:00:00,Ballari,Theft,18,4,38,6.31,8
2026-03-20 18:00:00,Udupi,Cybercrime,18,4,16,6.69,5
2026-03-20 19:00:00,Davanagere,Assault,19,4,27,5.48,9
2026-03-20 19:00:00,Kalaburagi,Fraud,19,4,15,1.46,3
2026-03-20 19:00:00,Belagavi,Fraud,19,4,10,6.73,3
2026-03-20 20:00:00,Davanagere,Burglary,20,4,10,2.26,2
2026-03-20 20:00:00,Kalaburagi,Cybercrime,20,4,18,1.32,4
2026-03-20 20:00:00,Ballari,Cybercrime,20,4,15,7.89,4
2026-03-20 20:00:00,Udupi,Assault,20,4,14,3.75,6
2026-03-20 20:00:00,Bengaluru Urban,Theft,20,4,35,6.67,9
2026-03-20 21:00:00,Hubballi-Dharwad,Fraud,21,4,24,5.98,6
2026-03-20 21:00:00,Hubballi-Dharwad,Theft,21,4,21,3.66,4
2026-03-20 21:00:00,Belagavi,Burglary,21,4,33,5.11,7
2026-03-20 21:00:00,Davanagere,Cybercrime,21,4,38,7.73,9
2026-03-20 22:00:00,Bengaluru Urban,Theft,22,4,31,3.09,9
2026-03-20 22:00:00,Belagavi,Assault,22,4,34,2.89,7
2026-03-20 23:00:00,Udupi,Theft,23,4,6,8.9,5
2026-03-20 23:00:00,Davanagere,Theft,23,4,24,6.98,6
2026-03-21 00:00:00,Kalaburagi,Fraud,0,5,20,8.14,5
2026-03-21 00:00:00,Hubballi-Dharwad,Assault,0,5,25,7.01,7
2026-03-21 00:00:00,Udupi,Fraud,0,5,7,1.88,2
2026-03-21 00:00:00,Davanagere,Cybercrime,0,5,9,7.66,4
2026-03-21 01:00:00,Ballari,Cybercrime,1,5,44,7.94,9
2026-03-21 01:00:00,Belagavi,Assault,1,5,35,5.84,7
2026-03-21 02:00:00,Shivamogga,Theft,2,5,42,2.2,10
2026-03-21 02:00:00,Davanagere,Burglary,2,5,25,9.35,10
2026-03-21 02:00:00,Udupi,Theft,2,5,32,7.9,10
2026-03-21 02:00:00,Ballari,Theft,2,5,29,2.88,7
2026-03-21 02:00:00,Shivamogga,Theft,2,5,8,8.45,6
2026-03-21 02:00:00,Kalaburagi,Cybercrime,2,5,13,5.97,5
2026-03-21 04:00:00,Mysuru,Fraud,4,5,31,1.43,6
2026-03-21 04:00:00,Shivamogga,Cybercrime,4,5,5,9.01,5
2026-03-21 05:00:00,Udupi,Burglary,5,5,12,6.62,7
2026-03-21 05:00:00,Hubballi-Dharwad,Assault,5,5,23,3.03,5
2026-03-21 05:00:00,Mangaluru,Assault,5,5,11,4.48,3
2026-03-21 06:00:00,Bengaluru Urban,Assault,6,5,18,5.23,8
2026-03-21 06:00:00,Hubballi-Dharwad,Fraud,6,5,4,6.83,3
2026-03-21 07:00:00,Bengaluru Urban,Burglary,7,5,15,8.54,8
2026-03-21 08:00:00,Bengaluru Urban,Assault,8,5,16,2.55,7
2026-03-21 08:00:00,Hubballi-Dharwad,Assault,8,5,42,7.69,9
2026-03-21 08:00:00,Hubballi-Dharwad,Fraud,8,5,3,8.5,5
2026-03-21 09:00:00,Shivamogga,Cybercrime,9,5,37,2.17,6
2026-03-21 09:00:00,Ballari,Theft,9,5,4,2.79,2
2026-03-21 09:00:00,Mangaluru,Theft,9,5,36,7.25,8
2026-03-21 09:00:00,Mysuru,Cybercrime,9,5,28,3.47,5
2026-03-21 09:00:00,Udupi,Fraud,9,5,15,5.86,4
2026-03-21 10:00:00,Davanagere,Fraud,10,5,29,1.37,4
2026-03-21 11:00:00,Belagavi,Fraud,11,5,13,7.81,5
2026-03-21 11:00:00,Shivamogga,Cybercrime,11,5,3,3.94,6
2026-03-21 12:00:00,Kalaburagi,Fraud,12,5,27,7.5,5
2026-03-21 12:00:00,Udupi,Theft,12,5,11,4.05,2
2026-03-21 12:00:00,Bengaluru Urban,Burglary,12,5,13,6.38,8
2026-03-21 12:00:00,Belagavi,Cybercrime,12,5,17,3.96,7
2026-03-21 13:00:00,Kalaburagi,Cybercrime,13,5,33,4.66,7
2026-03-21 13:00:00,Mysuru,Fraud,13,5,20,3.08,4
2026-03-21 15:00:00,Hubballi-Dharwad,Fraud,15,5,43,5.87,7
2026-03-21 15:00:00,Mangaluru,Fraud,15,5,14,7.63,6
2026-03-21 16:00:00,Mysuru,Fraud,16,5,39,5.68,6
2026-03-21 17:00:00,Mangaluru,Theft,17,5,31,4.32,6
2026-03-21 18:00:00,Mysuru,Cybercrime,18,5,43,7.82,10
2026-03-21 19:00:00,Mysuru,Fraud,19,5,31,8.5,7
2026-03-21 19:00:00,Kalaburagi,Fraud,19,5,32,5.05,7
2026-03-21 19:00:00,Belagavi,Theft,19,5,26,3.33,5
2026-03-21 20:00:00,Mangaluru,Assault,20,5,26,1.32,5
2026-03-21 21:00:00,Bengaluru Urban,Assault,21,5,3,5.59,8
2026-03-21 21:00:00,Kalaburagi,Fraud,21,5,11,6.44,4
2026-03-21 22:00:00,Bengaluru Urban,Cybercrime,22,5,23,5.4,8
2026-03-21 22:00:00,Mangaluru,Cybercrime,22,5,41,6.79,6
2026-03-21 22:00:00,Kalaburagi,Cybercrime,22,5,30,3.45,5
2026-03-22 00:00:00,Mysuru,Assault,0,6,23,7.69,7
2026-03-22 00:00:00,Shivamogga,Fraud,0,6,9,2.06,2
2026-03-22 00:00:00,Shivamogga,Burglary,0,6,21,9.01,7
2026-03-22 01:00:00,Udupi,Burglary,1,6,2,2.48,4
2026-03-22 01:00:00,Shivamogga,Cybercrime,1,6,23,6.41,6
2026-03-22 01:00:00,Mangaluru,Burglary,1,6,44,6.37,10
2026-03-22 02:00:00,Davanagere,Fraud,2,6,25,9.0,6
2026-03-22 02:00:00,Kalaburagi,Burglary,2,6,3,6.61,6
2026-03-22 03:00:00,Hubballi-Dharwad,Burglary,3,6,40,7.32,10
2026-03-22 03:00:00,Hubballi-Dharwad,Cybercrime,3,6,44,1.43,7
2026-03-22 03:00:00,Bengaluru Urban,Theft,3,6,29,5.9,11
2026-03-22 04:00:00,Davanagere,Fraud,4,6,18,7.02,5
2026-03-22 04:00:00,Ballari,Assault,4,6,6,7.02,5
2026-03-22 05:00:00,Davanagere,Theft,5,6,40,6.29,11
2026-03-22 05:00:00,Shivamogga,Assault,5,6,14,2.1,3
2026-03-22 05:00:00,Udupi,Cybercrime,5,6,15,1.67,4
2026-03-22 05:00:00,Shivamogga,Theft,5,6,17,7.5,9
2026-03-22 06:00:00,Davanagere,Fraud,6,6,41,3.85,8
2026-03-22 06:00:00,Udupi,Burglary,6,6,19,8.64,6
2026-03-22 07:00:00,Hubballi-Dharwad,Fraud,7,6,35,8.35,7
2026-03-22 07:00:00,Mangaluru,Assault,7,6,25,1.4,5
2026-03-22 08:00:00,Ballari,Theft,8,6,18,9.11,7
2026-03-22 08:00:00,Mysuru,Assault,8,6,39,7.52,7
2026-03-22 08:00:00,Kalaburagi,Assault,8,6,3,1.79,3
2026-03-22 08:00:00,Ballari,Fraud,8,6,37,4.96,7
2026-03-22 09:00:00,Kalaburagi,Assault,9,6,25,9.28,6
2026-03-22 09:00:00,Mysuru,Assault,9,6,36,5.04,8
2026-03-22 10:00:00,Bengaluru Urban,Fraud,10,6,40,8.42,12
2026-03-22 11:00:00,Udupi,Cybercrime,11,6,7,6.74,7
2026-03-22 11:00:00,Mysuru,Assault,11,6,32,6.23,8
2026-03-22 11:00:00,Ballari,Burglary,11,6,4,8.9,4
2026-03-22 12:00:00,Davanagere,Fraud,12,6,15,5.85,4
2026-03-22 12:00:00,Bengaluru Urban,Cybercrime,12,6,34,7.95,13
2026-03-22 13:00:00,Belagavi,Cybercrime,13,6,12,8.48,7
2026-03-22 14:00:00,Shivamogga,Burglary,14,6,26,6.29,6
2026-03-22 14:00:00,Belagavi,Fraud,14,6,19,4.28,6
2026-03-22 15:00:00,Mysuru,Theft,15,6,27,1.83,4
2026-03-22 17:00:00,Shivamogga,Cybercrime,17,6,30,3.03,4
2026-03-22 17:00:00,Mysuru,Assault,17,6,7,6.38,3
2026-03-22 18:00:00,Hubballi-Dharwad,Burglary,18,6,24,4.86,5
2026-03-22 18:00:00,Mangaluru,Burglary,18,6,13,9.03,6
2026-03-22 19:00:00,Hubballi-Dharwad,Cybercrime,19,6,21,4.87,6
2026-03-22 19:00:00,Bengaluru Urban,Assault,19,6,25,8.49,10
2026-03-22 20:00:00,Ballari,Cybercrime,20,6,18,4.92,5
2026-03-22 20:00:00,Mangaluru,Fraud,20,6,17,8.19,5
2026-03-22 21:00:00,Udupi,Fraud,21,6,7,2.32,3
2026-03-22 21:00:00,Belagavi,Theft,21,6,27,2.39,6
2026-03-22 21:00:00,Mangaluru,Fraud,21,6,42,6.66,9
2026-03-22 22:00:00,Bengaluru Urban,Cybercrime,22,6,31,8.72,10
2026-03-22 23:00:00,Kalaburagi,Cybercrime,23,6,29,4.77,5
2026-03-22 23:00:00,Shivamogga,Burglary,23,6,35,5.91,6
2026-03-22 23:00:00,Bengaluru Urban,Assault,23,6,15,6.68,9
2026-03-22 23:00:00,Hubballi-Dharwad,Fraud,23,6,43,7.21,9
2026-03-22 23:00:00,Davanagere,Fraud,23,6,31,1.47,5
2026-03-23 00:00:00,Bengaluru Urban,Theft,0,0,18,2.8,9
2026-03-23 00:00:00,Mysuru,Burglary,0,0,29,2.66,9
2026-03-23 00:00:00,Mangaluru,Assault,0,0,24,5.22,6
2026-03-23 00:00:00,Kalaburagi,Theft,0,0,31,5.17,9
2026-03-23 00:00:00,Udupi,Theft,0,0,18,3.49,7
2026-03-23 00:00:00,Belagavi,Fraud,0,0,38,6.19,8
2026-03-23 00:00:00,Mangaluru,Assault,0,0,39,1.21,6
2026-03-23 00:00:00,Bengaluru Urban,Cybercrime,0,0,40,2.52,8
2026-03-23 01:00:00,Ballari,Fraud,1,0,43,8.05,8
2026-03-23 02:00:00,Belagavi,Fraud,2,0,9,8.76,5
2026-03-23 02:00:00,Belagavi,Cybercrime,2,0,5,1.22,2
2026-03-23 03:00:00,Davanagere,Cybercrime,3,0,22,8.47,6
2026-03-23 04:00:00,Ballari,Assault,4,0,43,4.44,8
2026-03-23 04:00:00,Shivamogga,Burglary,4,0,36,6.61,9
2026-03-23 05:00:00,Mangaluru,Fraud,5,0,31,7.31,6
2026-03-23 06:00:00,Udupi,Assault,6,0,16,9.02,6
2026-03-23 07:00:00,Mangaluru,Fraud,7,0,18,4.14,7
2026-03-23 07:00:00,Mysuru,Cybercrime,7,0,21,6.65,5
2026-03-23 08:00:00,Mangaluru,Cybercrime,8,0,23,4.3,5
2026-03-23 08:00:00,Belagavi,Assault,8,0,13,7.23,5
2026-03-23 08:00:00,Belagavi,Cybercrime,8,0,26,2.21,4
2026-03-23 09:00:00,Udupi,Assault,9,0,10,1.77,2
2026-03-23 11:00:00,Kalaburagi,Fraud,11,0,22,7.81,5
2026-03-23 11:00:00,Mangaluru,Assault,11,0,17,5.95,4
2026-03-23 12:00:00,Davanagere,Burglary,12,0,33,8.03,7
2026-03-23 12:00:00,Shivamogga,Theft,12,0,29,8.83,6
2026-03-23 12:00:00,Belagavi,Cybercrime,12,0,42,4.2,9
2026-03-23 13:00:00,Mangaluru,Burglary,13,0,32,3.26,7
2026-03-23 14:00:00,Mysuru,Theft,14,0,40,8.45,8
2026-03-23 14:00:00,Shivamogga,Fraud,14,0,12,1.62,3
2026-03-23 15:00:00,Mangaluru,Theft,15,0,21,6.62,6
2026-03-23 16:00:00,Udupi,Fraud,16,0,44,2.77,8
2026-03-23 16:00:00,Bengaluru Urban,Fraud,16,0,24,1.52,8
2026-03-23 16:00:00,Mangaluru,Cybercrime,16,0,5,9.34,7
2026-03-23 16:00:00,Shivamogga,Burglary,16,0,7,2.44,3
2026-03-23 16:00:00,Davanagere,Assault,16,0,35,1.84,7
2026-03-23 16:00:00,Kalaburagi,Theft,16,0,3,8.98,5
2026-03-23 16:00:00,Davanagere,Burglary,16,0,31,1.62,5
2026-03-23 16:00:00,Mangaluru,Assault,16,0,35,2.05,6
2026-03-23 17:00:00,Mysuru,Theft,17,0,13,2.74,3
2026-03-23 18:00:00,Kalaburagi,Theft,18,0,13,1.75,5
2026-03-23 19:00:00,Hubballi-Dharwad,Burglary,19,0,12,6.71,5
2026-03-23 19:00:00,Mysuru,Theft,19,0,17,7.84,6
2026-03-23 19:00:00,Ballari,Fraud,19,0,32,6.78,7
2026-03-23 19:00:00,Davanagere,Assault,19,0,38,6.62,10
2026-03-23 20:00:00,Mysuru,Burglary,20,0,16,7.12,4
2026-03-23 20:00:00,Bengaluru Urban,Theft,20,0,2,8.2,7
2026-03-23 20:00:00,Shivamogga,Burglary,20,0,30,1.69,6
2026-03-23 22:00:00,Davanagere,Burglary,22,0,28,6.9,6
2026-03-23 22:00:00,Belagavi,Burglary,22,0,43,2.25,7
2026-03-24 00:00:00,Hubballi-Dharwad,Theft,0,1,16,8.02,9
2026-03-24 00:00:00,Hubballi-Dharwad,Fraud,0,1,36,5.88,6
2026-03-24 00:00:00,Davanagere,Assault,0,1,37,2.0,7
2026-03-24 00:00:00,Ballari,Fraud,0,1,24,2.09,3
2026-03-24 01:00:00,Ballari,Burglary,1,1,10,7.4,8
2026-03-24 01:00:00,Bengaluru Urban,Cybercrime,1,1,27,1.95,8
2026-03-24 02:00:00,Mangaluru,Burglary,2,1,34,3.71,8
2026-03-24 02:00:00,Mangaluru,Theft,2,1,43,6.03,10
2026-03-24 02:00:00,Udupi,Assault,2,1,8,3.23,3
2026-03-24 03:00:00,Mysuru,Cybercrime,3,1,23,5.93,6
2026-03-24 03:00:00,Shivamogga,Theft,3,1,29,1.74,8
2026-03-24 03:00:00,Bengaluru Urban,Theft,3,1,22,1.25,10
2026-03-24 04:00:00,Hubballi-Dharwad,Assault,4,1,20,7.06,5
2026-03-24 04:00:00,Hubballi-Dharwad,Fraud,4,1,17,6.7,5
2026-03-24 05:00:00,Kalaburagi,Fraud,5,1,22,6.24,6
2026-03-24 05:00:00,Bengaluru Urban,Assault,5,1,28,8.74,10
2026-03-24 05:00:00,Mangaluru,Fraud,5,1,42,9.29,9
2026-03-24 06:00:00,Mysuru,Burglary,6,1,43,2.02,7
2026-03-24 06:00:00,Davanagere,Assault,6,1,44,9.45,9
2026-03-24 07:00:00,Belagavi,Cybercrime,7,1,36,3.24,5
2026-03-24 08:00:00,Kalaburagi,Assault,8,1,21,2.99,4
2026-03-24 08:00:00,Ballari,Burglary,8,1,40,3.29,6
2026-03-24 09:00:00,Davanagere,Cybercrime,9,1,29,8.36,7
2026-03-24 09:00:00,Ballari,Assault,9,1,14,5.68,4
2026-03-24 09:00:00,Bengaluru Urban,Fraud,9,1,35,5.98,10
2026-03-24 10:00:00,Ballari,Theft,10,1,12,5.03,4
2026-03-24 10:00:00,Shivamogga,Theft,10,1,17,5.01,6
2026-03-24 10:00:00,Davanagere,Fraud,10,1,35,1.4,7
2026-03-24 10:00:00,Belagavi,Theft,10,1,10,4.24,3
2026-03-24 11:00:00,Davanagere,Theft,11,1,36,9.07,9
2026-03-24 11:00:00,Mysuru,Burglary,11,1,34,2.69,6
2026-03-24 11:00:00,Mysuru,Assault,11,1,18,2.78,2
2026-03-24 12:00:00,Bengaluru Urban,Fraud,12,1,24,9.29,8
2026-03-24 13:00:00,Kalaburagi,Fraud,13,1,38,3.88,7
2026-03-24 14:00:00,Davanagere,Cybercrime,14,1,26,7.77,7
2026-03-24 14:00:00,Kalaburagi,Theft,14,1,21,6.44,6
2026-03-24 14:00:00,Davanagere,Assault,14,1,16,6.24,5
2026-03-24 15:00:00,Ballari,Cybercrime,15,1,17,4.54,7
2026-03-24 16:00:00,Mysuru,Burglary,16,1,28,6.58,6
2026-03-24 17:00:00,Udupi,Fraud,17,1,22,2.75,4
2026-03-24 17:00:00,Mangaluru,Fraud,17,1,32,8.41,7
2026-03-24 18:00:00,Udupi,Theft,18,1,7,1.97,3
2026-03-24 18:00:00,Shivamogga,Cybercrime,18,1,24,3.58,4
2026-03-24 18:00:00,Hubballi-Dharwad,Fraud,18,1,42,4.84,9
2026-03-24 19:00:00,Shivamogga,Cybercrime,19,1,29,5.3,7
2026-03-24 19:00:00,Mysuru,Fraud,19,1,24,5.19,5
2026-03-24 20:00:00,Mangaluru,Assault,20,1,33,4.98,9
2026-03-24 20:00:00,Mysuru,Cybercrime,20,1,21,4.71,4
2026-03-24 20:00:00,Udupi,Assault,20,1,22,2.3,6
2026-03-24 21:00:00,Mysuru,Theft,21,1,4,4.35,2
2026-03-24 21:00:00,Bengaluru Urban,Fraud,21,1,43,5.22,11
2026-03-24 22:00:00,Davanagere,Theft,22,1,8,6.27,2
2026-03-24 22:00:00,Udupi,Theft,22,1,35,8.29,8
2026-03-24 22:00:00,Bengaluru Urban,Assault,22,1,16,1.7,10
2026-03-24 23:00:00,Mysuru,Fraud,23,1,28,6.72,6
2026-03-24 23:00:00,Ballari,Fraud,23,1,8,7.89,3
2026-03-24 23:00:00,Mysuru,Cybercrime,23,1,13,3.26,4
2026-03-25 00:00:00,Udupi,Burglary,0,2,27,8.54,11
2026-03-25 00:00:00,Udupi,Theft,0,2,31,7.46,9
2026-03-25 00:00:00,Belagavi,Cybercrime,0,2,10,7.63,6
2026-03-25 01:00:00,Bengaluru Urban,Cybercrime,1,2,31,2.69,7
2026-03-25 01:00:00,Mysuru,Theft,1,2,8,5.97,7
2026-03-25 01:00:00,Ballari,Theft,1,2,36,9.45,12
2026-03-25 01:00:00,Mangaluru,Theft,1,2,28,5.53,9
2026-03-25 02:00:00,Kalaburagi,Burglary,2,2,4,4.7,4
2026-03-25 02:00:00,Bengaluru Urban,Theft,2,2,22,8.85,12
2026-03-25 02:00:00,Mysuru,Fraud,2,2,30,1.99,5
2026-03-25 04:00:00,Bengaluru Urban,Fraud,4,2,20,5.0,7
2026-03-25 04:00:00,Mangaluru,Burglary,4,2,13,4.07,6
2026-03-25 04:00:00,Shivamogga,Cybercrime,4,2,10,6.28,4
2026-03-25 04:00:00,Mysuru,Fraud,4,2,25,8.99,7
2026-03-25 05:00:00,Shivamogga,Cybercrime,5,2,10,1.75,3
2026-03-25 05:00:00,Ballari,Cybercrime,5,2,27,6.4,6
2026-03-25 05:00:00,Mangaluru,Burglary,5,2,8,4.63,6
2026-03-25 05:00:00,Bengaluru Urban,Assault,5,2,32,7.68,11
2026-03-25 06:00:00,Shivamogga,Fraud,6,2,22,7.91,7
2026-03-25 06:00:00,Davanagere,Burglary,6,2,37,3.81,5
2026-03-25 06:00:00,Kalaburagi,Assault,6,2,20,3.75,5
2026-03-25 06:00:00,Belagavi,Fraud,6,2,32,6.72,6
2026-03-25 07:00:00,Ballari,Theft,7,2,7,2.2,1
2026-03-25 08:00:00,Shivamogga,Theft,8,2,18,4.16,5
2026-03-25 08:00:00,Ballari,Fraud,8,2,34,8.45,8
2026-03-25 08:00:00,Shivamogga,Cybercrime,8,2,16,1.57,2
2026-03-25 08:00:00,Davanagere,Theft,8,2,33,3.9,7
2026-03-25 09:00:00,Ballari,Fraud,9,2,25,4.16,6
2026-03-25 09:00:00,Bengaluru Urban,Fraud,9,2,3,1.56,5
2026-03-25 10:00:00,Davanagere,Cybercrime,10,2,23,8.36,11
2026-03-25 10:00:00,Davanagere,Assault,10,2,15,1.52,2
2026-03-25 11:00:00,Ballari,Fraud,11,2,4,6.76,3
2026-03-25 11:00:00,Udupi,Fraud,11,2,14,3.98,4
2026-03-25 11:00:00,Bengaluru Urban,Fraud,11,2,11,8.98,8
2026-03-25 11:00:00,Ballari,Assault,11,2,38,1.53,6
2026-03-25 11:00:00,Ballari,Cybercrime,11,2,6,6.86,7
2026-03-25 12:00:00,Udupi,Theft,12,2,17,3.66,4
2026-03-25 12:00:00,Mysuru,Assault,12,2,23,3.38,3
2026-03-25 12:00:00,Davanagere,Theft,12,2,11,6.71,4
2026-03-25 13:00:00,Udupi,Fraud,13,2,8,5.64,2
2026-03-25 13:00:00,Shivamogga,Cybercrime,13,2,21,6.04,8
2026-03-25 15:00:00,Bengaluru Urban,Cybercrime,15,2,22,3.92,10
2026-03-25 15:00:00,Ballari,Burglary,15,2,36,7.91,7
2026-03-25 15:00:00,Hubballi-Dharwad,Theft,15,2,12,8.11,3
2026-03-25 16:00:00,Kalaburagi,Assault,16,2,18,3.71,3
2026-03-25 17:00:00,Mysuru,Fraud,17,2,22,2.85,5
2026-03-25 18:00:00,Mysuru,Burglary,18,2,4,5.12,4
2026-03-25 19:00:00,Belagavi,Cybercrime,19,2,41,3.72,7
2026-03-25 20:00:00,Mysuru,Cybercrime,20,2,19,1.76,4
2026-03-25 21:00:00,Mysuru,Theft,21,2,34,5.18,6
2026-03-25 21:00:00,Mysuru,Assault,21,2,31,5.4,9
2026-03-25 21:00:00,Davanagere,Burglary,21,2,27,4.68,6
2026-03-25 22:00:00,Udupi,Fraud,22,2,8,7.7,5
2026-03-25 22:00:00,Mysuru,Assault,22,2,27,4.89,8
2026-03-25 23:00:00,Mysuru,Theft,23,2,35,4.62,7
2026-03-25 23:00:00,Shivamogga,Fraud,23,2,44,6.38,8
2026-03-26 00:00:00,Shivamogga,Burglary,0,3,4,6.46,5
2026-03-26 00:00:00,Hubballi-Dharwad,Theft,0,3,14,2.29,7
2026-03-26 00:00:00,Kalaburagi,Burglary,0,3,39,6.13,9
2026-03-26 00:00:00,Bengaluru Urban,Cybercrime,0,3,7,9.23,7
2026-03-26 00:00:00,Hubballi-Dharwad,Assault,0,3,22,1.67,4
2026-03-26 01:00:00,Davanagere,Burglary,1,3,5,7.76,8
2026-03-26 01:00:00,Hubballi-Dharwad,Theft,1,3,6,1.42,5
2026-03-26 01:00:00,Mysuru,Cybercrime,1,3,23,9.02,7
2026-03-26 01:00:00,Hubballi-Dharwad,Theft,1,3,13,5.31,7
2026-03-26 01:00:00,Mysuru,Theft,1,3,16,8.05,8
2026-03-26 02:00:00,Belagavi,Cybercrime,2,3,38,7.42,8
2026-03-26 03:00:00,Bengaluru Urban,Fraud,3,3,18,5.98,7
2026-03-26 04:00:00,Hubballi-Dharwad,Cybercrime,4,3,38,9.36,8
2026-03-26 04:00:00,Belagavi,Assault,4,3,29,9.39,7
2026-03-26 04:00:00,Hubballi-Dharwad,Cybercrime,4,3,7,4.61,3
2026-03-26 05:00:00,Hubballi-Dharwad,Cybercrime,5,3,17,2.65,5
2026-03-26 05:00:00,Kalaburagi,Assault,5,3,4,3.45,3
2026-03-26 05:00:00,Ballari,Burglary,5,3,43,2.21,10
2026-03-26 05:00:00,Ballari,Cybercrime,5,3,18,3.73,5
2026-03-26 06:00:00,Kalaburagi,Theft,6,3,23,3.85,5
2026-03-26 06:00:00,Davanagere,Assault,6,3,3,7.72,5
2026-03-26 06:00:00,Ballari,Assault,6,3,31,4.54,6
2026-03-26 07:00:00,Bengaluru Urban,Burglary,7,3,21,6.56,9
2026-03-26 07:00:00,Ballari,Fraud,7,3,42,1.21,7
2026-03-26 07:00:00,Davanagere,Assault,7,3,40,6.77,7
2026-03-26 08:00:00,Shivamogga,Theft,8,3,2,4.28,1
2026-03-26 08:00:00,Ballari,Assault,8,3,26,8.08,7
2026-03-26 08:00:00,Belagavi,Cybercrime,8,3,41,7.2,9
2026-03-26 08:00:00,Ballari,Fraud,8,3,15,5.73,4
2026-03-26 09:00:00,Kalaburagi,Theft,9,3,34,5.24,7
2026-03-26 09:00:00,Belagavi,Theft,9,3,41,4.69,8
2026-03-26 10:00:00,Hubballi-Dharwad,Theft,10,3,7,3.99,3
2026-03-26 10:00:00,Shivamogga,Burglary,10,3,17,1.26,5
2026-03-26 10:00:00,Mysuru,Fraud,10,3,35,5.48,6
2026-03-26 10:00:00,Davanagere,Assault,10,3,29,8.67,7
2026-03-26 10:00:00,Mangaluru,Fraud,10,3,2,6.08,2
2026-03-26 10:00:00,Udupi,Theft,10,3,12,4.83,4
2026-03-26 11:00:00,Udupi,Theft,11,3,23,8.16,6
2026-03-26 11:00:00,Shivamogga,Theft,11,3,18,6.79,5
2026-03-26 11:00:00,Belagavi,Theft,11,3,27,8.83,7
2026-03-26 11:00:00,Shivamogga,Assault,11,3,43,9.38,8
2026-03-26 11:00:00,Ballari,Assault,11,3,18,7.1,6
2026-03-26 12:00:00,Kalaburagi,Cybercrime,12,3,11,2.61,5
2026-03-26 12:00:00,Mysuru,Burglary,12,3,9,9.24,4
2026-03-26 13:00:00,Belagavi,Fraud,13,3,31,3.68,6
2026-03-26 13:00:00,Davanagere,Cybercrime,13,3,40,3.82,9
2026-03-26 13:00:00,Belagavi,Cybercrime,13,3,32,6.59,8
2026-03-26 14:00:00,Belagavi,Cybercrime,14,3,21,8.84,9
2026-03-26 14:00:00,Belagavi,Theft,14,3,13,1.91,3
2026-03-26 15:00:00,Bengaluru Urban,Theft,15,3,43,1.85,10
2026-03-26 15:00:00,Belagavi,Cybercrime,15,3,18,4.07,8
2026-03-26 15:00:00,Mysuru,Theft,15,3,19,4.24,4
2026-03-26 15:00:00,Ballari,Assault,15,3,13,9.33,6
2026-03-26 16:00:00,Shivamogga,Assault,16,3,13,5.27,5
2026-03-26 16:00:00,Shivamogga,Burglary,16,3,22,7.4,5
2026-03-26 16:00:00,Udupi,Cybercrime,16,3,12,6.43,7
2026-03-26 16:00:00,Mangaluru,Fraud,16,3,27,8.82,7
2026-03-26 16:00:00,Bengaluru Urban,Cybercrime,16,3,42,1.79,12
2026-03-26 17:00:00,Mysuru,Assault,17,3,3,1.5,2
2026-03-26 17:00:00,Belagavi,Theft,17,3,26,6.61,6
2026-03-26 17:00:00,Hubballi-Dharwad,Cybercrime,17,3,25,3.94,6
2026-03-26 17:00:00,Udupi,Cybercrime,17,3,38,1.55,4
2026-03-26 18:00:00,Mysuru,Theft,18,3,5,6.99,4
2026-03-26 19:00:00,Kalaburagi,Assault,19,3,37,9.48,11
2026-03-26 19:00:00,Kalaburagi,Burglary,19,3,30,8.76,8
2026-03-26 19:00:00,Belagavi,Assault,19,3,22,6.74,8
2026-03-26 20:00:00,Ballari,Fraud,20,3,18,8.68,6
2026-03-26 21:00:00,Mysuru,Theft,21,3,35,5.62,6
2026-03-26 21:00:00,Mysuru,Fraud,21,3,36,7.69,7
2026-03-26 21:00:00,Shivamogga,Theft,21,3,4,4.7,3
2026-03-26 22:00:00,Hubballi-Dharwad,Theft,22,3,6,8.09,4
2026-03-26 22:00:00,Belagavi,Theft,22,3,10,4.28,4
2026-03-26 23:00:00,Mysuru,Assault,23,3,15,9.35,7
2026-03-26 23:00:00,Udupi,Fraud,23,3,33,4.3,5
2026-03-26 23:00:00,Bengaluru Urban,Theft,23,3,2,4.96,6
2026-03-26 23:00:00,Mysuru,Burglary,23,3,40,7.54,7
2026-03-26 23:00:00,Udupi,Theft,23,3,2,8.2,4
2026-03-27 01:00:00,Hubballi-Dharwad,Cybercrime,1,4,13,4.57,2
2026-03-27 01:00:00,Davanagere,Cybercrime,1,4,3,6.88,4
2026-03-27 02:00:00,Mangaluru,Fraud,2,4,44,8.39,9
2026-03-27 02:00:00,Bengaluru Urban,Burglary,2,4,26,3.04,12
2026-03-27 02:00:00,Hubballi-Dharwad,Assault,2,4,12,5.91,5
2026-03-27 02:00:00,Kalaburagi,Cybercrime,2,4,7,5.28,5
2026-03-27 02:00:00,Mangaluru,Assault,2,4,14,7.53,6
2026-03-27 02:00:00,Shivamogga,Cybercrime,2,4,23,7.04,7
2026-03-27 02:00:00,Ballari,Assault,2,4,25,6.97,6
2026-03-27 02:00:00,Mangaluru,Cybercrime,2,4,23,1.96,4
2026-03-27 02:00:00,Ballari,Assault,2,4,38,4.77,7
2026-03-27 02:00:00,Belagavi,Assault,2,4,42,5.5,7
2026-03-27 03:00:00,Ballari,Theft,3,4,5,8.89,8
2026-03-27 03:00:00,Kalaburagi,Theft,3,4,34,8.85,11
2026-03-27 04:00:00,Mangaluru,Assault,4,4,16,9.12,6
2026-03-27 04:00:00,Davanagere,Fraud,4,4,10,6.75,5
2026-03-27 04:00:00,Davanagere,Theft,4,4,32,5.08,9
2026-03-27 04:00:00,Bengaluru Urban,Burglary,4,4,39,6.86,14
2026-03-27 05:00:00,Ballari,Theft,5,4,41,7.8,11
2026-03-27 05:00:00,Davanagere,Fraud,5,4,37,2.71,5
2026-03-27 06:00:00,Bengaluru Urban,Burglary,6,4,37,9.25,10
2026-03-27 06:00:00,Mysuru,Theft,6,4,32,5.7,6
2026-03-27 06:00:00,Hubballi-Dharwad,Cybercrime,6,4,31,8.74,8
2026-03-27 07:00:00,Hubballi-Dharwad,Burglary,7,4,4,8.34,4
2026-03-27 07:00:00,Kalaburagi,Theft,7,4,18,7.95,5
2026-03-27 07:00:00,Mysuru,Fraud,7,4,22,6.61,5
2026-03-27 08:00:00,Ballari,Assault,8,4,18,6.94,6
2026-03-27 08:00:00,Hubballi-Dharwad,Fraud,8,4,14,2.92,4
2026-03-27 08:00:00,Hubballi-Dharwad,Burglary,8,4,6,5.19,4
2026-03-27 10:00:00,Udupi,Fraud,10,4,22,4.38,5
2026-03-27 10:00:00,Udupi,Theft,10,4,26,4.32,7
2026-03-27 11:00:00,Shivamogga,Fraud,11,4,6,6.98,5
2026-03-27 11:00:00,Davanagere,Theft,11,4,35,3.21,7
2026-03-27 11:00:00,Hubballi-Dharwad,Cybercrime,11,4,43,3.65,12
2026-03-27 11:00:00,Mysuru,Theft,11,4,39,1.35,5
2026-03-27 11:00:00,Mangaluru,Theft,11,4,42,4.53,7
2026-03-27 11:00:00,Bengaluru Urban,Fraud,11,4,3,3.05,6
2026-03-27 11:00:00,Kalaburagi,Cybercrime,11,4,13,1.53,5
2026-03-27 11:00:00,Bengaluru Urban,Burglary,11,4,7,3.62,6
2026-03-27 11:00:00,Belagavi,Fraud,11,4,29,2.2,5
2026-03-27 11:00:00,Mysuru,Burglary,11,4,26,4.56,5
2026-03-27 12:00:00,Hubballi-Dharwad,Fraud,12,4,3,3.59,2
2026-03-27 12:00:00,Udupi,Assault,12,4,40,5.88,8
2026-03-27 12:00:00,Shivamogga,Fraud,12,4,31,4.69,7
2026-03-27 12:00:00,Mangaluru,Theft,12,4,5,8.94,4
2026-03-27 13:00:00,Belagavi,Theft,13,4,42,2.47,7
2026-03-27 14:00:00,Shivamogga,Assault,14,4,10,5.28,4
2026-03-27 15:00:00,Mangaluru,Fraud,15,4,17,7.02,4
2026-03-27 16:00:00,Mangaluru,Burglary,16,4,27,9.01,6
2026-03-27 17:00:00,Kalaburagi,Assault,17,4,16,7.52,4
2026-03-27 18:00:00,Shivamogga,Theft,18,4,2,8.29,3
2026-03-27 18:00:00,Belagavi,Theft,18,4,17,3.33,4
2026-03-27 18:00:00,Kalaburagi,Theft,18,4,18,3.98,4
2026-03-27 18:00:00,Kalaburagi,Assault,18,4,26,3.54,6
2026-03-27 18:00:00,Belagavi,Burglary,18,4,33,6.44,8
2026-03-27 19:00:00,Mangaluru,Cybercrime,19,4,27,2.14,6
2026-03-27 20:00:00,Davanagere,Cybercrime,20,4,15,3.85,3
2026-03-27 20:00:00,Udupi,Theft,20,4,43,7.44,8
2026-03-27 20:00:00,Kalaburagi,Theft,20,4,9,1.33,3
2026-03-27 20:00:00,Kalaburagi,Cybercrime,20,4,24,1.55,4
2026-03-27 21:00:00,Belagavi,Theft,21,4,41,2.49,7
2026-03-27 22:00:00,Kalaburagi,Theft,22,4,38,8.2,8
2026-03-27 22:00:00,Mangaluru,Fraud,22,4,22,8.44,7
2026-03-27 22:00:00,Bengaluru Urban,Theft,22,4,8,4.71,6
2026-03-27 23:00:00,Shivamogga,Burglary,23,4,26,3.78,5
2026-03-28 00:00:00,Ballari,Cybercrime,0,5,22,7.9,6
2026-03-28 00:00:00,Udupi,Theft,0,5,32,8.25,11
2026-03-28 00:00:00,Shivamogga,Theft,0,5,21,2.33,8
2026-03-28 00:00:00,Davanagere,Theft,0,5,17,3.98,8
2026-03-28 01:00:00,Ballari,Fraud,1,5,18,6.29,6
2026-03-28 01:00:00,Hubballi-Dharwad,Fraud,1,5,11,7.95,5
2026-03-28 01:00:00,Mysuru,Theft,1,5,16,8.8,9
2026-03-28 01:00:00,Ballari,Assault,1,5,7,4.99,3
2026-03-28 02:00:00,Hubballi-Dharwad,Assault,2,5,4,8.61,6
2026-03-28 02:00:00,Shivamogga,Assault,2,5,41,4.65,7
2026-03-28 03:00:00,Hubballi-Dharwad,Assault,3,5,29,7.29,6
2026-03-28 04:00:00,Mangaluru,Fraud,4,5,6,7.92,4
2026-03-28 04:00:00,Mysuru,Fraud,4,5,17,4.29,5
2026-03-28 05:00:00,Kalaburagi,Theft,5,5,13,5.8,7
2026-03-28 05:00:00,Kalaburagi,Theft,5,5,22,2.54,7
2026-03-28 05:00:00,Ballari,Cybercrime,5,5,23,4.07,4
2026-03-28 06:00:00,Belagavi,Assault,6,5,18,2.85,5
2026-03-28 06:00:00,Davanagere,Fraud,6,5,7,1.3,2
2026-03-28 06:00:00,Bengaluru Urban,Fraud,6,5,30,2.8,8
2026-03-28 06:00:00,Davanagere,Theft,6,5,26,8.39,7
2026-03-28 07:00:00,Hubballi-Dharwad,Assault,7,5,7,3.47,3
2026-03-28 08:00:00,Mysuru,Fraud,8,5,32,7.36,7
2026-03-28 08:00:00,Mysuru,Assault,8,5,30,2.87,6
2026-03-28 09:00:00,Mangaluru,Fraud,9,5,26,7.03,7
2026-03-28 09:00:00,Udupi,Fraud,9,5,23,6.24,7
2026-03-28 09:00:00,Hubballi-Dharwad,Cybercrime,9,5,43,7.43,8
2026-03-28 09:00:00,Shivamogga,Theft,9,5,28,7.69,8
2026-03-28 10:00:00,Davanagere,Cybercrime,10,5,19,1.4,7
2026-03-28 10:00:00,Hubballi-Dharwad,Burglary,10,5,31,8.0,7
2026-03-28 10:00:00,Davanagere,Theft,10,5,44,9.1,9
2026-03-28 10:00:00,Kalaburagi,Cybercrime,10,5,6,7.18,6
2026-03-28 11:00:00,Bengaluru Urban,Cybercrime,11,5,16,6.76,10
2026-03-28 12:00:00,Kalaburagi,Fraud,12,5,7,4.69,3
2026-03-28 12:00:00,Ballari,Theft,12,5,44,7.77,7
2026-03-28 12:00:00,Mangaluru,Cybercrime,12,5,42,2.94,10
2026-03-28 12:00:00,Mysuru,Fraud,12,5,12,8.03,6
2026-03-28 13:00:00,Davanagere,Cybercrime,13,5,11,8.71,9
2026-03-28 13:00:00,Belagavi,Fraud,13,5,16,4.36,5
2026-03-28 13:00:00,Kalaburagi,Burglary,13,5,21,5.37,5
2026-03-28 13:00:00,Udupi,Fraud,13,5,13,3.96,4
2026-03-28 13:00:00,Udupi,Burglary,13,5,26,1.35,5
2026-03-28 14:00:00,Mangaluru,Theft,14,5,11,8.05,5
2026-03-28 14:00:00,Mangaluru,Fraud,14,5,11,3.49,4
2026-03-28 15:00:00,Kalaburagi,Burglary,15,5,40,5.3,8
2026-03-28 15:00:00,Shivamogga,Assault,15,5,30,7.92,8
2026-03-28 16:00:00,Belagavi,Theft,16,5,2,7.82,2
2026-03-28 16:00:00,Ballari,Assault,16,5,40,1.59,5
2026-03-28 16:00:00,Belagavi,Cybercrime,16,5,33,1.78,7
2026-03-28 16:00:00,Shivamogga,Fraud,16,5,13,9.09,5
2026-03-28 17:00:00,Ballari,Cybercrime,17,5,35,5.15,7
2026-03-28 17:00:00,Mangaluru,Fraud,17,5,37,8.55,9
2026-03-28 18:00:00,Mangaluru,Assault,18,5,5,1.53,1
2026-03-28 18:00:00,Shivamogga,Cybercrime,18,5,20,1.79,3
2026-03-28 18:00:00,Shivamogga,Fraud,18,5,7,4.7,5
2026-03-28 19:00:00,Shivamogga,Burglary,19,5,28,4.28,4
2026-03-28 19:00:00,Mysuru,Theft,19,5,25,1.86,5
2026-03-28 21:00:00,Ballari,Assault,21,5,20,4.46,7
2026-03-28 22:00:00,Ballari,Theft,22,5,19,1.82,4
2026-03-28 22:00:00,Kalaburagi,Theft,22,5,34,9.19,8
2026-03-28 22:00:00,Bengaluru Urban,Fraud,22,5,24,1.62,7
2026-03-28 23:00:00,Bengaluru Urban,Theft,23,5,37,7.77,12
2026-03-28 23:00:00,Shivamogga,Cybercrime,23,5,31,4.36,6
2026-03-28 23:00:00,Ballari,Assault,23,5,23,3.34,7
2026-03-28 23:00:00,Udupi,Assault,23,5,44,6.03,11
2026-03-29 00:00:00,Mangaluru,Fraud,0,6,14,4.78,5
2026-03-29 01:00:00,Davanagere,Assault,1,6,18,6.17,5
2026-03-29 01:00:00,Shivamogga,Theft,1,6,41,6.65,11
2026-03-29 01:00:00,Davanagere,Fraud,1,6,37,9.44,9
2026-03-29 02:00:00,Ballari,Fraud,2,6,22,3.59,4
2026-03-29 02:00:00,Ballari,Assault,2,6,24,4.64,6
2026-03-29 02:00:00,Kalaburagi,Fraud,2,6,21,5.05,6
2026-03-29 02:00:00,Belagavi,Fraud,2,6,43,5.32,9
2026-03-29 03:00:00,Bengaluru Urban,Theft,3,6,40,4.52,14
2026-03-29 03:00:00,Hubballi-Dharwad,Fraud,3,6,11,7.84,5
2026-03-29 04:00:00,Bengaluru Urban,Burglary,4,6,24,3.02,12
2026-03-29 04:00:00,Kalaburagi,Cybercrime,4,6,23,3.07,4
2026-03-29 04:00:00,Mysuru,Theft,4,6,43,4.01,9
2026-03-29 05:00:00,Udupi,Cybercrime,5,6,33,8.06,8
2026-03-29 05:00:00,Mangaluru,Theft,5,6,12,7.16,8
2026-03-29 06:00:00,Hubballi-Dharwad,Fraud,6,6,27,5.62,6
2026-03-29 06:00:00,Kalaburagi,Assault,6,6,5,3.62,3
2026-03-29 06:00:00,Belagavi,Fraud,6,6,10,5.08,4
2026-03-29 07:00:00,Mysuru,Theft,7,6,15,8.8,6
2026-03-29 07:00:00,Ballari,Assault,7,6,9,3.07,4
2026-03-29 07:00:00,Hubballi-Dharwad,Assault,7,6,7,4.97,2
2026-03-29 08:00:00,Shivamogga,Cybercrime,8,6,37,9.18,9
2026-03-29 09:00:00,Hubballi-Dharwad,Fraud,9,6,44,1.4,6
2026-03-29 10:00:00,Mangaluru,Fraud,10,6,17,8.37,5
2026-03-29 11:00:00,Kalaburagi,Fraud,11,6,30,4.59,7
2026-03-29 11:00:00,Mysuru,Theft,11,6,16,8.63,6
2026-03-29 12:00:00,Hubballi-Dharwad,Theft,12,6,34,8.8,8
2026-03-29 12:00:00,Davanagere,Burglary,12,6,3,7.93,3
2026-03-29 12:00:00,Shivamogga,Fraud,12,6,38,8.76,8
2026-03-29 12:00:00,Mysuru,Assault,12,6,42,7.46,8
2026-03-29 13:00:00,Bengaluru Urban,Cybercrime,13,6,44,1.45,11
2026-03-29 13:00:00,Udupi,Cybercrime,13,6,18,8.93,9
2026-03-29 13:00:00,Hubballi-Dharwad,Theft,13,6,17,5.58,6
2026-03-29 13:00:00,Shivamogga,Burglary,13,6,9,4.68,3
2026-03-29 15:00:00,Kalaburagi,Assault,15,6,9,3.02,3
2026-03-29 15:00:00,Mangaluru,Fraud,15,6,2,3.24,3
2026-03-29 15:00:00,Hubballi-Dharwad,Cybercrime,15,6,10,4.73,6
2026-03-29 16:00:00,Bengaluru Urban,Cybercrime,16,6,8,8.57,9
2026-03-29 16:00:00,Kalaburagi,Assault,16,6,43,3.15,7
2026-03-29 16:00:00,Davanagere,Fraud,16,6,7,7.34,4
2026-03-29 16:00:00,Udupi,Burglary,16,6,11,6.32,4
2026-03-29 16:00:00,Shivamogga,Burglary,16,6,12,4.01,4
2026-03-29 17:00:00,Kalaburagi,Theft,17,6,4,1.52,1
2026-03-29 17:00:00,Belagavi,Theft,17,6,18,5.26,5
2026-03-29 18:00:00,Hubballi-Dharwad,Cybercrime,18,6,25,1.85,6
2026-03-29 20:00:00,Bengaluru Urban,Fraud,20,6,32,5.68,10
2026-03-29 20:00:00,Hubballi-Dharwad,Burglary,20,6,26,7.27,8
2026-03-29 20:00:00,Ballari,Fraud,20,6,21,9.2,6
2026-03-29 20:00:00,Shivamogga,Fraud,20,6,23,6.75,5
2026-03-29 20:00:00,Udupi,Theft,20,6,13,2.43,4
2026-03-29 21:00:00,Mysuru,Burglary,21,6,20,3.76,5
2026-03-29 21:00:00,Ballari,Burglary,21,6,5,1.22,2
2026-03-29 21:00:00,Mangaluru,Fraud,21,6,10,6.08,5
2026-03-29 21:00:00,Ballari,Theft,21,6,19,3.76,4
2026-03-29 21:00:00,Davanagere,Fraud,21,6,8,8.53,4
2026-03-29 22:00:00,Belagavi,Fraud,22,6,43,7.73,7
2026-03-29 23:00:00,Belagavi,Cybercrime,23,6,9,8.0,4
2026-03-29 23:00:00,Hubballi-Dharwad,Assault,23,6,9,7.2,7
2026-03-29 23:00:00,Bengaluru Urban,Fraud,23,6,37,3.35,9
2026-03-29 23:00:00,Hubballi-Dharwad,Fraud,23,6,19,2.38,5
2026-03-30 01:00:00,Belagavi,Theft,1,0,29,6.36,9
2026-03-30 01:00:00,Kalaburagi,Fraud,1,0,23,3.03,5
2026-03-30 01:00:00,Kalaburagi,Assault,1,0,44,6.21,7
2026-03-30 01:00:00,Bengaluru Urban,Fraud,1,0,8,1.91,5
2026-03-30 02:00:00,Shivamogga,Theft,2,0,36,9.38,12
2026-03-30 03:00:00,Hubballi-Dharwad,Cybercrime,3,0,16,5.06,6
2026-03-30 03:00:00,Udupi,Burglary,3,0,18,9.13,9
2026-03-30 03:00:00,Ballari,Theft,3,0,35,1.54,8
2026-03-30 03:00:00,Mangaluru,Burglary,3,0,16,3.05,7
2026-03-30 03:00:00,Hubballi-Dharwad,Cybercrime,3,0,2,1.31,2
2026-03-30 04:00:00,Bengaluru Urban,Fraud,4,0,22,7.42,9
2026-03-30 04:00:00,Kalaburagi,Burglary,4,0,17,8.48,9
2026-03-30 05:00:00,Ballari,Theft,5,0,24,7.97,9
2026-03-30 05:00:00,Davanagere,Theft,5,0,12,4.38,7
2026-03-30 06:00:00,Ballari,Theft,6,0,3,5.8,2
2026-03-30 06:00:00,Mysuru,Theft,6,0,36,2.17,7
2026-03-30 07:00:00,Ballari,Assault,7,0,8,3.4,2
2026-03-30 08:00:00,Davanagere,Theft,8,0,2,5.31,2
2026-03-30 08:00:00,Ballari,Burglary,8,0,18,8.02,6
2026-03-30 08:00:00,Hubballi-Dharwad,Theft,8,0,31,8.66,7
2026-03-30 08:00:00,Shivamogga,Fraud,8,0,11,5.25,4
2026-03-30 08:00:00,Shivamogga,Assault,8,0,7,4.25,4
2026-03-30 09:00:00,Kalaburagi,Theft,9,0,33,5.8,7
2026-03-30 09:00:00,Bengaluru Urban,Cybercrime,9,0,15,5.6,8
2026-03-30 09:00:00,Mysuru,Cybercrime,9,0,8,3.65,4
2026-03-30 09:00:00,Bengaluru Urban,Assault,9,0,18,2.97,6
2026-03-30 09:00:00,Shivamogga,Theft,9,0,25,7.4,7
2026-03-30 09:00:00,Belagavi,Assault,9,0,5,8.13,4
2026-03-30 10:00:00,Shivamogga,Theft,10,0,11,2.88,4
2026-03-30 10:00:00,Hubballi-Dharwad,Theft,10,0,7,4.72,4
2026-03-30 10:00:00,Udupi,Theft,10,0,35,1.63,4
2026-03-30 10:00:00,Davanagere,Theft,10,0,33,9.23,10
2026-03-30 10:00:00,Hubballi-Dharwad,Burglary,10,0,35,4.11,5
2026-03-30 11:00:00,Kalaburagi,Theft,11,0,19,2.2,3
2026-03-30 12:00:00,Davanagere,Assault,12,0,36,7.3,7
2026-03-30 12:00:00,Davanagere,Cybercrime,12,0,33,3.21,8
2026-03-30 12:00:00,Davanagere,Cybercrime,12,0,38,8.24,11
2026-03-30 12:00:00,Shivamogga,Burglary,12,0,21,7.26,5
2026-03-30 12:00:00,Mangaluru,Burglary,12,0,22,7.69,6
2026-03-30 13:00:00,Kalaburagi,Cybercrime,13,0,9,5.96,6
2026-03-30 13:00:00,Kalaburagi,Theft,13,0,27,6.08,6
2026-03-30 13:00:00,Davanagere,Theft,13,0,18,1.93,4
2026-03-30 15:00:00,Ballari,Assault,15,0,5,2.93,4
2026-03-30 15:00:00,Davanagere,Burglary,15,0,27,7.27,5
2026-03-30 15:00:00,Belagavi,Burglary,15,0,17,2.48,3
2026-03-30 16:00:00,Belagavi,Cybercrime,16,0,44,5.32,9
2026-03-30 16:00:00,Shivamogga,Theft,16,0,2,8.58,3
2026-03-30 17:00:00,Udupi,Theft,17,0,26,8.0,6
2026-03-30 17:00:00,Udupi,Assault,17,0,37,2.48,7
2026-03-30 17:00:00,Davanagere,Fraud,17,0,31,5.83,8
2026-03-30 17:00:00,Mysuru,Theft,17,0,40,3.15,8
2026-03-30 17:00:00,Shivamogga,Theft,17,0,8,7.04,4
2026-03-30 18:00:00,Mangaluru,Cybercrime,18,0,16,6.08,5
2026-03-30 20:00:00,Mysuru,Fraud,20,0,8,3.59,3
2026-03-30 20:00:00,Mangaluru,Assault,20,0,44,9.43,11
2026-03-30 20:00:00,Belagavi,Cybercrime,20,0,10,6.62,5
2026-03-30 22:00:00,Davanagere,Fraud,22,0,20,9.3,5
2026-03-30 22:00:00,Hubballi-Dharwad,Assault,22,0,2,6.55,5
2026-03-30 22:00:00,Kalaburagi,Burglary,22,0,3,2.88,2
2026-03-30 23:00:00,Udupi,Burglary,23,0,26,9.31,8
2026-03-31 00:00:00,Shivamogga,Burglary,0,1,15,5.51,7
2026-03-31 00:00:00,Mysuru,Burglary,0,1,7,7.66,8
2026-03-31 00:00:00,Mysuru,Cybercrime,0,1,29,2.35,5
2026-03-31 00:00:00,Mysuru,Assault,0,1,39,5.68,9
2026-03-31 00:00:00,Belagavi,Assault,0,1,25,3.72,5
2026-03-31 02:00:00,Bengaluru Urban,Theft,2,1,7,8.24,11
2026-03-31 03:00:00,Ballari,Assault,3,1,8,2.29,2
2026-03-31 04:00:00,Mysuru,Assault,4,1,13,6.16,2
2026-03-31 06:00:00,Bengaluru Urban,Cybercrime,6,1,29,8.94,11
2026-03-31 06:00:00,Kalaburagi,Assault,6,1,30,7.56,6
2026-03-31 07:00:00,Kalaburagi,Theft,7,1,25,3.39,5
2026-03-31 08:00:00,Davanagere,Theft,8,1,22,3.64,5
2026-03-31 08:00:00,Kalaburagi,Burglary,8,1,14,5.92,4
2026-03-31 08:00:00,Udupi,Theft,8,1,24,2.54,4
2026-03-31 08:00:00,Udupi,Cybercrime,8,1,34,4.04,7
2026-03-31 09:00:00,Davanagere,Theft,9,1,43,2.57,6
2026-03-31 09:00:00,Shivamogga,Fraud,9,1,20,1.45,3
2026-03-31 10:00:00,Bengaluru Urban,Theft,10,1,11,8.04,7
2026-03-31 10:00:00,Ballari,Fraud,10,1,12,8.22,4
2026-03-31 11:00:00,Belagavi,Assault,11,1,5,8.8,5
2026-03-31 11:00:00,Bengaluru Urban,Fraud,11,1,23,8.34,9
2026-03-31 12:00:00,Belagavi,Fraud,12,1,19,8.43,6
2026-03-31 12:00:00,Ballari,Fraud,12,1,9,1.9,3
2026-03-31 12:00:00,Udupi,Fraud,12,1,6,9.42,5
2026-03-31 13:00:00,Davanagere,Theft,13,1,17,8.67,5
2026-03-31 13:00:00,Bengaluru Urban,Fraud,13,1,8,3.7,6
2026-03-31 13:00:00,Shivamogga,Theft,13,1,18,8.95,7
2026-03-31 14:00:00,Mangaluru,Assault,14,1,19,6.63,5
2026-03-31 14:00:00,Mangaluru,Burglary,14,1,23,8.93,6
2026-03-31 14:00:00,Udupi,Burglary,14,1,7,6.48,5
2026-03-31 14:00:00,Kalaburagi,Fraud,14,1,2,5.25,2
2026-03-31 14:00:00,Bengaluru Urban,Cybercrime,14,1,44,2.46,11
2026-03-31 14:00:00,Shivamogga,Fraud,14,1,44,3.26,8
2026-03-31 15:00:00,Shivamogga,Burglary,15,1,34,6.57,6
2026-03-31 15:00:00,Mangaluru,Assault,15,1,38,5.18,8
2026-03-31 15:00:00,Hubballi-Dharwad,Assault,15,1,7,9.0,3
2026-03-31 16:00:00,Hubballi-Dharwad,Theft,16,1,22,1.67,4
2026-03-31 16:00:00,Ballari,Cybercrime,16,1,17,4.88,7
2026-03-31 17:00:00,Kalaburagi,Fraud,17,1,18,7.55,6
2026-03-31 17:00:00,Davanagere,Fraud,17,1,32,4.2,7
2026-03-31 17:00:00,Bengaluru Urban,Burglary,17,1,7,2.64,6
2026-03-31 17:00:00,Ballari,Burglary,17,1,33,3.44,6
2026-03-31 18:00:00,Shivamogga,Theft,18,1,23,4.55,7
2026-03-31 18:00:00,Kalaburagi,Assault,18,1,42,7.25,6
2026-03-31 19:00:00,Ballari,Fraud,19,1,40,1.63,6
2026-03-31 19:00:00,Hubballi-Dharwad,Theft,19,1,32,5.35,6
2026-03-31 20:00:00,Bengaluru Urban,Fraud,20,1,23,2.66,7
2026-03-31 20:00:00,Bengaluru Urban,Theft,20,1,30,3.15,9
2026-03-31 20:00:00,Mangaluru,Burglary,20,1,6,2.48,3
2026-03-31 20:00:00,Mangaluru,Fraud,20,1,10,5.68,4
2026-03-31 21:00:00,Kalaburagi,Theft,21,1,41,5.05,6
2026-03-31 21:00:00,Ballari,Assault,21,1,17,4.28,5
2026-03-31 21:00:00,Ballari,Fraud,21,1,2,3.87,1
2026-03-31 22:00:00,Mangaluru,Assault,22,1,43,7.25,12
2026-03-31 23:00:00,Kalaburagi,Burglary,23,1,15,5.79,4
2026-03-31 23:00:00,Shivamogga,Assault,23,1,27,8.31,8
2026-04-01 00:00:00,Ballari,Fraud,0,2,36,6.77,8
2026-04-01 00:00:00,Davanagere,Cybercrime,0,2,8,2.16,1
2026-04-01 00:00:00,Shivamogga,Burglary,0,2,24,1.35,8
2026-04-01 00:00:00,Hubballi-Dharwad,Burglary,0,2,21,4.69,8
2026-04-01 01:00:00,Kalaburagi,Cybercrime,1,2,21,2.18,4
2026-04-01 01:00:00,Belagavi,Assault,1,2,36,4.87,7
2026-04-01 01:00:00,Mangaluru,Assault,1,2,5,2.71,1
2026-04-01 01:00:00,Hubballi-Dharwad,Assault,1,2,32,7.12,8
2026-04-01 01:00:00,Davanagere,Theft,1,2,12,6.9,8
2026-04-01 02:00:00,Shivamogga,Assault,2,2,41,6.83,9
2026-04-01 02:00:00,Mangaluru,Burglary,2,2,42,6.82,12
2026-04-01 03:00:00,Mysuru,Cybercrime,3,2,21,4.64,5
2026-04-01 03:00:00,Bengaluru Urban,Fraud,3,2,6,8.58,6
2026-04-01 03:00:00,Kalaburagi,Fraud,3,2,22,3.49,4
2026-04-01 04:00:00,Udupi,Burglary,4,2,26,7.66,9
2026-04-01 04:00:00,Udupi,Fraud,4,2,38,3.7,7
2026-04-01 05:00:00,Belagavi,Cybercrime,5,2,15,1.65,2
2026-04-01 05:00:00,Udupi,Cybercrime,5,2,33,5.31,7
2026-04-01 05:00:00,Bengaluru Urban,Burglary,5,2,42,3.29,13
2026-04-01 05:00:00,Ballari,Theft,5,2,26,6.51,7
2026-04-01 06:00:00,Hubballi-Dharwad,Assault,6,2,21,1.65,5
2026-04-01 06:00:00,Mysuru,Theft,6,2,11,7.23,4
2026-04-01 07:00:00,Bengaluru Urban,Burglary,7,2,14,3.81,8
2026-04-01 07:00:00,Davanagere,Theft,7,2,5,1.81,2
2026-04-01 08:00:00,Davanagere,Fraud,8,2,5,2.16,2
2026-04-01 09:00:00,Bengaluru Urban,Burglary,9,2,5,9.08,8
2026-04-01 10:00:00,Davanagere,Assault,10,2,30,8.74,7
2026-04-01 11:00:00,Bengaluru Urban,Cybercrime,11,2,21,1.81,11
2026-04-01 11:00:00,Mysuru,Fraud,11,2,13,1.79,3
2026-04-01 11:00:00,Mysuru,Theft,11,2,3,7.54,4
2026-04-01 12:00:00,Kalaburagi,Assault,12,2,5,2.26,1
2026-04-01 12:00:00,Davanagere,Theft,12,2,25,4.29,6
2026-04-01 12:00:00,Davanagere,Fraud,12,2,28,6.41,6
2026-04-01 12:00:00,Ballari,Burglary,12,2,25,5.24,6
2026-04-01 12:00:00,Davanagere,Fraud,12,2,19,2.48,6
2026-04-01 13:00:00,Bengaluru Urban,Cybercrime,13,2,11,5.08,9
2026-04-01 14:00:00,Ballari,Cybercrime,14,2,18,5.51,7
2026-04-01 15:00:00,Belagavi,Cybercrime,15,2,41,9.49,11
2026-04-01 16:00:00,Hubballi-Dharwad,Cybercrime,16,2,33,2.27,8
2026-04-01 16:00:00,Belagavi,Burglary,16,2,38,5.82,6
2026-04-01 16:00:00,Davanagere,Burglary,16,2,10,2.21,3
2026-04-01 17:00:00,Ballari,Assault,17,2,17,8.98,7
2026-04-01 19:00:00,Davanagere,Burglary,19,2,6,5.87,4
2026-04-01 19:00:00,Bengaluru Urban,Burglary,19,2,35,8.6,11
2026-04-01 19:00:00,Bengaluru Urban,Theft,19,2,11,8.77,9
2026-04-01 20:00:00,Kalaburagi,Cybercrime,20,2,39,1.91,8
2026-04-01 22:00:00,Udupi,Assault,22,2,43,7.79,11
2026-04-01 22:00:00,Mangaluru,Cybercrime,22,2,17,5.56,6
2026-04-01 23:00:00,Mangaluru,Burglary,23,2,6,2.1,2
2026-04-01 23:00:00,Udupi,Theft,23,2,7,1.76,5
2026-04-01 23:00:00,Udupi,Cybercrime,23,2,16,9.12,5
2026-04-01 23:00:00,Bengaluru Urban,Assault,23,2,11,4.46,8
2026-04-02 00:00:00,Mangaluru,Theft,0,3,19,2.65,7
2026-04-02 00:00:00,Kalaburagi,Fraud,0,3,42,8.45,9
2026-04-02 00:00:00,Kalaburagi,Burglary,0,3,15,7.88,8
2026-04-02 01:00:00,Mangaluru,Cybercrime,1,3,37,7.82,8
2026-04-02 01:00:00,Belagavi,Assault,1,3,19,4.13,4
2026-04-02 03:00:00,Kalaburagi,Fraud,3,3,27,1.57,4
2026-04-02 03:00:00,Mysuru,Burglary,3,3,29,1.75,8
2026-04-02 03:00:00,Hubballi-Dharwad,Theft,3,3,24,5.01,7
2026-04-02 03:00:00,Davanagere,Cybercrime,3,3,29,8.4,7
2026-04-02 04:00:00,Davanagere,Fraud,4,3,31,3.73,7
2026-04-02 04:00:00,Shivamogga,Fraud,4,3,31,6.93,8
2026-04-02 04:00:00,Shivamogga,Cybercrime,4,3,3,8.9,3
2026-04-02 05:00:00,Udupi,Burglary,5,3,13,3.94,7
2026-04-02 06:00:00,Kalaburagi,Burglary,6,3,3,1.41,2
2026-04-02 06:00:00,Bengaluru Urban,Burglary,6,3,40,7.94,12
2026-04-02 07:00:00,Bengaluru Urban,Fraud,7,3,28,4.84,9
2026-04-02 07:00:00,Ballari,Burglary,7,3,8,1.49,2
2026-04-02 07:00:00,Ballari,Theft,7,3,14,4.92,3
2026-04-02 08:00:00,Bengaluru Urban,Burglary,8,3,31,3.51,9
2026-04-02 08:00:00,Belagavi,Assault,8,3,32,1.91,5
2026-04-02 08:00:00,Mysuru,Assault,8,3,14,2.26,4
2026-04-02 08:00:00,Bengaluru Urban,Cybercrime,8,3,15,1.75,5
2026-04-02 10:00:00,Mangaluru,Burglary,10,3,13,4.86,3
2026-04-02 10:00:00,Udupi,Cybercrime,10,3,43,2.08,8
2026-04-02 10:00:00,Bengaluru Urban,Assault,10,3,27,7.25,8
2026-04-02 10:00:00,Hubballi-Dharwad,Assault,10,3,39,5.05,7
2026-04-02 11:00:00,Davanagere,Fraud,11,3,24,1.42,4
2026-04-02 11:00:00,Kalaburagi,Cybercrime,11,3,22,4.4,7
2026-04-02 11:00:00,Hubballi-Dharwad,Burglary,11,3,36,6.58,7
2026-04-02 11:00:00,Shivamogga,Fraud,11,3,11,8.63,5
2026-04-02 12:00:00,Mysuru,Burglary,12,3,41,5.12,7
2026-04-02 13:00:00,Mysuru,Assault,13,3,40,5.33,6
2026-04-02 13:00:00,Davanagere,Theft,13,3,33,3.47,7
2026-04-02 14:00:00,Udupi,Theft,14,3,35,5.15,8
2026-04-02 14:00:00,Udupi,Theft,14,3,44,7.64,8
2026-04-02 14:00:00,Ballari,Assault,14,3,17,4.86,4
2026-04-02 14:00:00,Hubballi-Dharwad,Fraud,14,3,23,5.11,4
2026-04-02 15:00:00,Ballari,Cybercrime,15,3,21,3.09,6
2026-04-02 15:00:00,Belagavi,Cybercrime,15,3,40,7.41,10
2026-04-02 16:00:00,Bengaluru Urban,Assault,16,3,16,5.7,7
2026-04-02 16:00:00,Mangaluru,Theft,16,3,44,2.3,6
2026-04-02 16:00:00,Mysuru,Theft,16,3,16,1.36,3
2026-04-02 17:00:00,Mangaluru,Theft,17,3,15,3.84,3
2026-04-02 17:00:00,Udupi,Cybercrime,17,3,39,5.26,7
2026-04-02 17:00:00,Davanagere,Theft,17,3,30,3.89,5
2026-04-02 18:00:00,Belagavi,Burglary,18,3,40,1.65,8
2026-04-02 18:00:00,Kalaburagi,Theft,18,3,14,8.54,6
2026-04-02 19:00:00,Bengaluru Urban,Assault,19,3,29,3.06,10
2026-04-02 20:00:00,Hubballi-Dharwad,Theft,20,3,29,4.31,5
2026-04-02 20:00:00,Kalaburagi,Theft,20,3,31,1.72,7
2026-04-02 20:00:00,Davanagere,Fraud,20,3,6,7.07,3
2026-04-02 20:00:00,Shivamogga,Burglary,20,3,12,1.72,1
2026-04-02 21:00:00,Shivamogga,Assault,21,3,16,6.07,8
2026-04-02 22:00:00,Mysuru,Burglary,22,3,14,1.47,4
2026-04-02 22:00:00,Hubballi-Dharwad,Assault,22,3,31,7.94,9
2026-04-02 23:00:00,Hubballi-Dharwad,Burglary,23,3,29,5.47,6
2026-04-02 23:00:00,Ballari,Theft,23,3,42,8.87,8
2026-04-02 23:00:00,Belagavi,Burglary,23,3,35,8.66,7
2026-04-02 23:00:00,Davanagere,Fraud,23,3,43,3.07,6
2026-04-02 23:00:00,Ballari,Theft,23,3,13,6.26,4
2026-04-03 00:00:00,Mangaluru,Theft,0,4,20,1.63,7
2026-04-03 00:00:00,Shivamogga,Theft,0,4,37,8.82,11
2026-04-03 01:00:00,Hubballi-Dharwad,Burglary,1,4,27,1.35,8
2026-04-03 01:00:00,Shivamogga,Burglary,1,4,34,6.52,11
2026-04-03 02:00:00,Ballari,Assault,2,4,30,5.34,6
2026-04-03 02:00:00,Udupi,Theft,2,4,41,5.75,11
2026-04-03 02:00:00,Belagavi,Burglary,2,4,34,6.36,10
2026-04-03 02:00:00,Bengaluru Urban,Burglary,2,4,24,7.65,11
2026-04-03 03:00:00,Udupi,Cybercrime,3,4,17,3.45,4
2026-04-03 03:00:00,Belagavi,Cybercrime,3,4,13,6.42,4
2026-04-03 04:00:00,Bengaluru Urban,Theft,4,4,29,8.37,14
2026-04-03 04:00:00,Belagavi,Fraud,4,4,27,9.25,6
2026-04-03 04:00:00,Bengaluru Urban,Burglary,4,4,6,7.6,10
2026-04-03 05:00:00,Udupi,Burglary,5,4,33,6.7,10
2026-04-03 05:00:00,Mangaluru,Assault,5,4,4,5.67,4
2026-04-03 06:00:00,Belagavi,Cybercrime,6,4,21,9.2,6
2026-04-03 07:00:00,Mangaluru,Assault,7,4,41,4.19,7
2026-04-03 08:00:00,Hubballi-Dharwad,Burglary,8,4,35,2.77,4
2026-04-03 09:00:00,Mysuru,Theft,9,4,4,7.35,4
2026-04-03 10:00:00,Kalaburagi,Theft,10,4,24,4.22,6
2026-04-03 10:00:00,Bengaluru Urban,Fraud,10,4,2,8.29,6
2026-04-03 10:00:00,Ballari,Theft,10,4,6,3.31,2
2026-04-03 10:00:00,Bengaluru Urban,Cybercrime,10,4,17,6.93,12
2026-04-03 11:00:00,Davanagere,Burglary,11,4,27,1.46,4
2026-04-03 11:00:00,Shivamogga,Cybercrime,11,4,43,7.6,11
2026-04-03 11:00:00,Shivamogga,Assault,11,4,9,7.61,3
2026-04-03 11:00:00,Mysuru,Assault,11,4,33,8.79,7
2026-04-03 12:00:00,Shivamogga,Cybercrime,12,4,24,7.64,10
2026-04-03 12:00:00,Udupi,Burglary,12,4,32,6.11,6
2026-04-03 12:00:00,Kalaburagi,Theft,12,4,20,8.44,6
2026-04-03 13:00:00,Shivamogga,Theft,13,4,40,9.26,7
2026-04-03 13:00:00,Udupi,Assault,13,4,10,5.31,3
2026-04-03 13:00:00,Belagavi,Theft,13,4,37,5.17,8
2026-04-03 13:00:00,Kalaburagi,Fraud,13,4,28,6.57,6
2026-04-03 13:00:00,Mangaluru,Cybercrime,13,4,22,9.4,8
2026-04-03 13:00:00,Bengaluru Urban,Assault,13,4,15,5.26,6
2026-04-03 14:00:00,Bengaluru Urban,Cybercrime,14,4,5,2.96,8
2026-04-03 14:00:00,Davanagere,Assault,14,4,28,1.5,6
2026-04-03 14:00:00,Kalaburagi,Assault,14,4,27,4.22,5
2026-04-03 14:00:00,Davanagere,Cybercrime,14,4,38,3.4,9
2026-04-03 14:00:00,Udupi,Cybercrime,14,4,24,3.07,8
2026-04-03 16:00:00,Kalaburagi,Fraud,16,4,9,6.68,3
2026-04-03 16:00:00,Mangaluru,Theft,16,4,31,7.62,8
2026-04-03 16:00:00,Udupi,Assault,16,4,3,1.34,1
2026-04-03 16:00:00,Belagavi,Fraud,16,4,34,6.22,6
2026-04-03 17:00:00,Davanagere,Burglary,17,4,4,3.88,2
2026-04-03 17:00:00,Mysuru,Burglary,17,4,20,1.75,4
2026-04-03 17:00:00,Bengaluru Urban,Theft,17,4,28,6.57,8
2026-04-03 17:00:00,Shivamogga,Burglary,17,4,27,3.18,6
2026-04-03 18:00:00,Bengaluru Urban,Cybercrime,18,4,43,6.01,12
2026-04-03 19:00:00,Belagavi,Fraud,19,4,9,8.34,5
2026-04-03 19:00:00,Kalaburagi,Cybercrime,19,4,18,6.15,6
2026-04-03 19:00:00,Hubballi-Dharwad,Burglary,19,4,37,4.46,6
2026-04-03 19:00:00,Mysuru,Fraud,19,4,8,7.61,5
2026-04-03 19:00:00,Ballari,Fraud,19,4,33,1.88,6
2026-04-03 20:00:00,Belagavi,Theft,20,4,21,3.43,5
2026-04-03 20:00:00,Belagavi,Theft,20,4,28,6.46,7
2026-04-03 22:00:00,Hubballi-Dharwad,Fraud,22,4,41,6.41,8
2026-04-03 22:00:00,Hubballi-Dharwad,Cybercrime,22,4,29,4.82,6
2026-04-03 22:00:00,Udupi,Fraud,22,4,24,5.79,7
2026-04-03 23:00:00,Davanagere,Fraud,23,4,3,2.06,2
2026-04-03 23:00:00,Hubballi-Dharwad,Assault,23,4,8,7.54,5
2026-04-04 00:00:00,Davanagere,Cybercrime,0,5,25,9.33,7
2026-04-04 00:00:00,Ballari,Burglary,0,5,29,4.42,9
2026-04-04 01:00:00,Belagavi,Assault,1,5,44,6.51,9
2026-04-04 01:00:00,Ballari,Burglary,1,5,43,5.1,10
2026-04-04 01:00:00,Mangaluru,Fraud,1,5,41,8.54,8
2026-04-04 01:00:00,Mangaluru,Burglary,1,5,16,3.19,8
2026-04-04 01:00:00,Belagavi,Assault,1,5,42,1.32,6
2026-04-04 02:00:00,Bengaluru Urban,Cybercrime,2,5,8,6.84,7
2026-04-04 02:00:00,Shivamogga,Burglary,2,5,37,6.19,10
2026-04-04 03:00:00,Davanagere,Theft,3,5,37,7.01,10
2026-04-04 03:00:00,Kalaburagi,Cybercrime,3,5,42,8.44,10
2026-04-04 03:00:00,Ballari,Theft,3,5,28,3.9,8
2026-04-04 04:00:00,Mysuru,Burglary,4,5,3,6.42,5
2026-04-04 04:00:00,Bengaluru Urban,Assault,4,5,2,2.09,5
2026-04-04 05:00:00,Bengaluru Urban,Theft,5,5,28,4.74,12
2026-04-04 05:00:00,Udupi,Cybercrime,5,5,26,4.78,6
2026-04-04 06:00:00,Mangaluru,Theft,6,5,38,5.67,7
2026-04-04 07:00:00,Udupi,Burglary,7,5,15,5.1,3
2026-04-04 07:00:00,Davanagere,Theft,7,5,9,3.35,4
2026-04-04 08:00:00,Mangaluru,Assault,8,5,16,4.84,5
2026-04-04 08:00:00,Belagavi,Burglary,8,5,24,3.99,6
2026-04-04 08:00:00,Hubballi-Dharwad,Burglary,8,5,13,2.26,3
2026-04-04 10:00:00,Kalaburagi,Theft,10,5,44,7.2,9
2026-04-04 11:00:00,Mysuru,Fraud,11,5,17,6.81,5
2026-04-04 12:00:00,Bengaluru Urban,Theft,12,5,4,7.19,6
2026-04-04 12:00:00,Shivamogga,Fraud,12,5,9,7.37,4
2026-04-04 13:00:00,Mysuru,Theft,13,5,9,7.81,5
2026-04-04 13:00:00,Belagavi,Fraud,13,5,38,4.92,7
2026-04-04 15:00:00,Ballari,Theft,15,5,33,7.07,7
2026-04-04 15:00:00,Bengaluru Urban,Assault,15,5,16,5.27,7
2026-04-04 16:00:00,Udupi,Burglary,16,5,26,3.04,6
2026-04-04 16:00:00,Udupi,Fraud,16,5,4,2.22,3
2026-04-04 16:00:00,Kalaburagi,Theft,16,5,17,3.88,5
2026-04-04 17:00:00,Shivamogga,Cybercrime,17,5,3,3.51,2
2026-04-04 17:00:00,Mangaluru,Fraud,17,5,34,3.23,7
2026-04-04 18:00:00,Hubballi-Dharwad,Cybercrime,18,5,30,6.57,7
2026-04-04 19:00:00,Shivamogga,Cybercrime,19,5,25,2.48,4
2026-04-04 19:00:00,Kalaburagi,Cybercrime,19,5,38,5.26,7
2026-04-04 20:00:00,Bengaluru Urban,Cybercrime,20,5,14,5.74,8
2026-04-04 20:00:00,Shivamogga,Burglary,20,5,39,5.36,8
2026-04-04 20:00:00,Mangaluru,Cybercrime,20,5,32,1.56,4
2026-04-04 21:00:00,Mysuru,Fraud,21,5,15,8.28,6
2026-04-04 22:00:00,Kalaburagi,Theft,22,5,15,1.37,2
2026-04-04 23:00:00,Hubballi-Dharwad,Burglary,23,5,25,4.56,4
2026-04-05 00:00:00,Hubballi-Dharwad,Burglary,0,6,16,2.34,7
2026-04-05 00:00:00,Shivamogga,Fraud,0,6,6,3.47,3
2026-04-05 00:00:00,Hubballi-Dharwad,Burglary,0,6,27,2.73,7
2026-04-05 01:00:00,Mangaluru,Assault,1,6,38,4.97,7
2026-04-05 01:00:00,Belagavi,Fraud,1,6,37,8.26,8
2026-04-05 01:00:00,Mangaluru,Burglary,1,6,10,3.25,5
2026-04-05 02:00:00,Udupi,Fraud,2,6,2,4.4,3
2026-04-05 02:00:00,Kalaburagi,Assault,2,6,14,3.34,4
2026-04-05 02:00:00,Shivamogga,Assault,2,6,36,7.08,8
2026-04-05 02:00:00,Kalaburagi,Assault,2,6,35,4.04,6
2026-04-05 04:00:00,Mysuru,Assault,4,6,28,2.17,5
2026-04-05 05:00:00,Ballari,Fraud,5,6,44,2.25,7
2026-04-05 05:00:00,Davanagere,Cybercrime,5,6,18,1.53,4
2026-04-05 05:00:00,Mangaluru,Cybercrime,5,6,4,1.77,1
2026-04-05 05:00:00,Mysuru,Theft,5,6,40,8.94,10
2026-04-05 06:00:00,Mysuru,Fraud,6,6,21,6.57,6
2026-04-05 06:00:00,Mysuru,Burglary,6,6,20,7.6,6
2026-04-05 07:00:00,Mysuru,Fraud,7,6,29,7.27,7
2026-04-05 07:00:00,Kalaburagi,Cybercrime,7,6,39,1.46,6
2026-04-05 07:00:00,Kalaburagi,Assault,7,6,29,7.84,6
2026-04-05 07:00:00,Kalaburagi,Fraud,7,6,33,8.8,9
2026-04-05 08:00:00,Bengaluru Urban,Theft,8,6,39,3.26,10
2026-04-05 08:00:00,Mysuru,Fraud,8,6,34,7.75,8
2026-04-05 09:00:00,Bengaluru Urban,Assault,9,6,15,5.92,7
2026-04-05 09:00:00,Shivamogga,Fraud,9,6,40,4.07,9
2026-04-05 09:00:00,Hubballi-Dharwad,Cybercrime,9,6,2,3.09,1
2026-04-05 09:00:00,Mysuru,Theft,9,6,24,4.68,5
2026-04-05 09:00:00,Mangaluru,Assault,9,6,9,7.63,3
2026-04-05 09:00:00,Kalaburagi,Theft,9,6,5,8.67,7
2026-04-05 10:00:00,Mangaluru,Burglary,10,6,40,6.79,9
2026-04-05 10:00:00,Belagavi,Burglary,10,6,17,9.19,6
2026-04-05 10:00:00,Ballari,Assault,10,6,5,3.31,2
2026-04-05 11:00:00,Kalaburagi,Cybercrime,11,6,35,4.64,9
2026-04-05 12:00:00,Bengaluru Urban,Theft,12,6,17,5.59,6
2026-04-05 13:00:00,Shivamogga,Theft,13,6,15,1.37,2
2026-04-05 13:00:00,Davanagere,Burglary,13,6,5,8.48,3
2026-04-05 14:00:00,Shivamogga,Theft,14,6,19,9.13,6
2026-04-05 15:00:00,Kalaburagi,Fraud,15,6,11,8.49,6
2026-04-05 15:00:00,Kalaburagi,Theft,15,6,21,8.29,5
2026-04-05 16:00:00,Belagavi,Theft,16,6,8,4.64,4
2026-04-05 16:00:00,Ballari,Assault,16,6,16,6.1,6
2026-04-05 16:00:00,Kalaburagi,Assault,16,6,34,5.74,6
2026-04-05 17:00:00,Hubballi-Dharwad,Burglary,17,6,31,6.61,7
2026-04-05 17:00:00,Udupi,Theft,17,6,30,3.06,6
2026-04-05 18:00:00,Belagavi,Theft,18,6,17,4.96,4
2026-04-05 18:00:00,Udupi,Cybercrime,18,6,37,1.54,5
2026-04-05 19:00:00,Bengaluru Urban,Fraud,19,6,38,2.38,10
2026-04-05 19:00:00,Kalaburagi,Theft,19,6,18,4.0,4
2026-04-05 19:00:00,Bengaluru Urban,Theft,19,6,36,1.57,10
2026-04-05 19:00:00,Ballari,Assault,19,6,31,2.5,6
2026-04-05 19:00:00,Davanagere,Theft,19,6,24,3.05,6
2026-04-05 20:00:00,Hubballi-Dharwad,Assault,20,6,24,7.0,9
2026-04-05 20:00:00,Udupi,Fraud,20,6,5,4.41,3
2026-04-05 22:00:00,Ballari,Assault,22,6,43,3.04,9
2026-04-05 23:00:00,Belagavi,Burglary,23,6,12,5.31,4
2026-04-06 00:00:00,Kalaburagi,Theft,0,0,27,5.0,8
2026-04-06 00:00:00,Davanagere,Cybercrime,0,0,35,2.28,6
2026-04-06 00:00:00,Belagavi,Burglary,0,0,22,4.06,7
2026-04-06 01:00:00,Kalaburagi,Assault,1,0,19,8.36,5
2026-04-06 01:00:00,Shivamogga,Fraud,1,0,12,5.75,6
2026-04-06 02:00:00,Mangaluru,Theft,2,0,11,3.36,6
2026-04-06 02:00:00,Hubballi-Dharwad,Fraud,2,0,29,1.3,5
2026-04-06 02:00:00,Kalaburagi,Assault,2,0,18,3.76,4
2026-04-06 03:00:00,Mangaluru,Fraud,3,0,6,1.55,2
2026-04-06 03:00:00,Davanagere,Burglary,3,0,40,5.87,10
2026-04-06 03:00:00,Bengaluru Urban,Cybercrime,3,0,19,2.66,7
2026-04-06 05:00:00,Hubballi-Dharwad,Fraud,5,0,28,7.53,6
2026-04-06 06:00:00,Belagavi,Fraud,6,0,6,7.97,4
2026-04-06 07:00:00,Shivamogga,Fraud,7,0,42,8.14,8
2026-04-06 07:00:00,Davanagere,Burglary,7,0,11,4.82,3
2026-04-06 07:00:00,Mysuru,Fraud,7,0,21,2.22,5
2026-04-06 08:00:00,Bengaluru Urban,Theft,8,0,20,8.29,10
2026-04-06 08:00:00,Mangaluru,Fraud,8,0,43,1.68,7
2026-04-06 10:00:00,Kalaburagi,Fraud,10,0,37,6.45,8
2026-04-06 10:00:00,Bengaluru Urban,Theft,10,0,32,3.56,7
2026-04-06 10:00:00,Mangaluru,Burglary,10,0,41,5.37,7
2026-04-06 10:00:00,Bengaluru Urban,Fraud,10,0,21,5.72,9
2026-04-06 11:00:00,Mangaluru,Fraud,11,0,10,1.46,1
2026-04-06 11:00:00,Mysuru,Assault,11,0,20,9.29,9
2026-04-06 12:00:00,Udupi,Fraud,12,0,15,1.97,2
2026-04-06 12:00:00,Mangaluru,Assault,12,0,18,6.96,4
2026-04-06 13:00:00,Belagavi,Fraud,13,0,19,2.5,2
2026-04-06 13:00:00,Hubballi-Dharwad,Fraud,13,0,36,7.73,8
2026-04-06 14:00:00,Davanagere,Theft,14,0,42,8.82,9
2026-04-06 14:00:00,Mysuru,Cybercrime,14,0,21,9.3,8
2026-04-06 14:00:00,Mangaluru,Burglary,14,0,44,6.28,9
2026-04-06 14:00:00,Davanagere,Assault,14,0,44,8.43,9
2026-04-06 14:00:00,Mysuru,Cybercrime,14,0,43,8.25,10
2026-04-06 14:00:00,Mangaluru,Assault,14,0,16,7.42,6
2026-04-06 15:00:00,Mangaluru,Burglary,15,0,16,2.36,3
2026-04-06 15:00:00,Hubballi-Dharwad,Burglary,15,0,16,3.64,4
2026-04-06 16:00:00,Davanagere,Assault,16,0,18,3.5,5
2026-04-06 16:00:00,Hubballi-Dharwad,Burglary,16,0,15,3.33,4
2026-04-06 17:00:00,Ballari,Assault,17,0,11,3.44,4
2026-04-06 18:00:00,Davanagere,Burglary,18,0,34,5.59,7
2026-04-06 18:00:00,Shivamogga,Cybercrime,18,0,7,1.6,2
2026-04-06 19:00:00,Bengaluru Urban,Fraud,19,0,21,5.21,9
2026-04-06 19:00:00,Ballari,Cybercrime,19,0,9,4.76,3
2026-04-06 20:00:00,Ballari,Burglary,20,0,26,9.46,6
2026-04-06 21:00:00,Ballari,Burglary,21,0,43,7.99,8
2026-04-06 21:00:00,Hubballi-Dharwad,Fraud,21,0,16,9.43,7
2026-04-06 22:00:00,Shivamogga,Cybercrime,22,0,44,5.49,7
2026-04-06 22:00:00,Bengaluru Urban,Cybercrime,22,0,24,5.18,9
2026-04-06 22:00:00,Mysuru,Theft,22,0,4,9.33,4
2026-04-06 23:00:00,Davanagere,Assault,23,0,32,9.31,8
2026-04-06 23:00:00,Davanagere,Assault,23,0,21,3.28,6
2026-04-06 23:00:00,Ballari,Theft,23,0,26,9.05,6
2026-04-06 23:00:00,Belagavi,Theft,23,0,12,3.55,4
2026-04-07 00:00:00,Belagavi,Assault,0,1,22,6.91,5
2026-04-07 00:00:00,Udupi,Cybercrime,0,1,43,7.18,9
2026-04-07 00:00:00,Shivamogga,Theft,0,1,13,1.79,5
2026-04-07 00:00:00,Belagavi,Theft,0,1,15,8.59,8
2026-04-07 01:00:00,Udupi,Theft,1,1,10,1.94,5
2026-04-07 01:00:00,Kalaburagi,Assault,1,1,7,8.24,5
2026-04-07 01:00:00,Belagavi,Cybercrime,1,1,23,7.31,6
2026-04-07 01:00:00,Udupi,Theft,1,1,20,2.08,7
2026-04-07 01:00:00,Belagavi,Burglary,1,1,8,8.27,7
2026-04-07 01:00:00,Mysuru,Fraud,1,1,8,9.2,5
2026-04-07 02:00:00,Mangaluru,Burglary,2,1,42,3.05,10
2026-04-07 03:00:00,Shivamogga,Burglary,3,1,16,8.93,9
2026-04-07 03:00:00,Mangaluru,Burglary,3,1,6,2.53,6
2026-04-07 03:00:00,Kalaburagi,Fraud,3,1,11,1.51,1
2026-04-07 03:00:00,Mangaluru,Assault,3,1,20,4.16,5
2026-04-07 03:00:00,Belagavi,Theft,3,1,15,7.41,9
2026-04-07 03:00:00,Mangaluru,Assault,3,1,33,2.18,6
2026-04-07 03:00:00,Kalaburagi,Fraud,3,1,34,2.68,4
2026-04-07 05:00:00,Hubballi-Dharwad,Theft,5,1,19,4.96,8
2026-04-07 05:00:00,Mysuru,Fraud,5,1,26,4.33,5
2026-04-07 06:00:00,Shivamogga,Cybercrime,6,1,21,3.46,4
2026-04-07 06:00:00,Ballari,Assault,6,1,37,7.48,7
2026-04-07 06:00:00,Udupi,Theft,6,1,27,8.53,6
2026-04-07 07:00:00,Shivamogga,Assault,7,1,15,9.48,6
2026-04-07 07:00:00,Mysuru,Fraud,7,1,36,1.4,5
2026-04-07 07:00:00,Mysuru,Theft,7,1,18,5.73,5
2026-04-07 09:00:00,Shivamogga,Burglary,9,1,31,8.66,9
2026-04-07 09:00:00,Mysuru,Theft,9,1,44,8.11,10
2026-04-07 09:00:00,Mangaluru,Burglary,9,1,14,8.89,5
2026-04-07 10:00:00,Ballari,Theft,10,1,36,2.97,6
2026-04-07 10:00:00,Bengaluru Urban,Burglary,10,1,19,8.9,9
2026-04-07 10:00:00,Kalaburagi,Assault,10,1,15,9.02,6
2026-04-07 11:00:00,Udupi,Cybercrime,11,1,17,2.62,7
2026-04-07 11:00:00,Belagavi,Fraud,11,1,14,1.69,4
2026-04-07 11:00:00,Belagavi,Burglary,11,1,23,7.58,5
2026-04-07 12:00:00,Bengaluru Urban,Assault,12,1,2,3.84,5
2026-04-07 13:00:00,Kalaburagi,Burglary,13,1,31,4.96,6
2026-04-07 13:00:00,Mangaluru,Cybercrime,13,1,37,7.9,11
2026-04-07 13:00:00,Shivamogga,Burglary,13,1,22,7.07,7
2026-04-07 15:00:00,Davanagere,Burglary,15,1,39,8.95,9
2026-04-07 16:00:00,Hubballi-Dharwad,Theft,16,1,11,1.34,3
2026-04-07 17:00:00,Davanagere,Assault,17,1,29,6.27,7
2026-04-07 17:00:00,Bengaluru Urban,Theft,17,1,11,1.92,6
2026-04-07 17:00:00,Bengaluru Urban,Theft,17,1,12,4.63,7
2026-04-07 17:00:00,Hubballi-Dharwad,Assault,17,1,7,7.35,4
2026-04-07 17:00:00,Davanagere,Cybercrime,17,1,22,4.73,6
2026-04-07 18:00:00,Belagavi,Burglary,18,1,18,9.09,5
2026-04-07 18:00:00,Mysuru,Cybercrime,18,1,43,7.13,8
2026-04-07 20:00:00,Kalaburagi,Assault,20,1,11,1.39,5
2026-04-07 20:00:00,Hubballi-Dharwad,Fraud,20,1,40,9.24,7
2026-04-07 22:00:00,Mangaluru,Theft,22,1,6,7.89,4
2026-04-07 22:00:00,Bengaluru Urban,Assault,22,1,29,2.03,11
2026-04-07 22:00:00,Belagavi,Theft,22,1,14,1.85,2
2026-04-07 22:00:00,Belagavi,Cybercrime,22,1,41,8.51,9
2026-04-07 22:00:00,Shivamogga,Burglary,22,1,41,2.45,8
2026-04-07 23:00:00,Shivamogga,Cybercrime,23,1,37,6.51,8
2026-04-08 00:00:00,Bengaluru Urban,Fraud,0,2,33,3.05,8
2026-04-08 00:00:00,Ballari,Assault,0,2,23,5.35,5
2026-04-08 00:00:00,Davanagere,Burglary,0,2,32,5.26,9
2026-04-08 01:00:00,Belagavi,Fraud,1,2,30,3.74,5
2026-04-08 02:00:00,Shivamogga,Cybercrime,2,2,22,6.72,7
2026-04-08 03:00:00,Mangaluru,Cybercrime,3,2,4,3.11,3
2026-04-08 03:00:00,Ballari,Fraud,3,2,42,6.2,9
2026-04-08 04:00:00,Mangaluru,Assault,4,2,24,5.68,6
2026-04-08 04:00:00,Bengaluru Urban,Assault,4,2,26,5.29,8
2026-04-08 04:00:00,Davanagere,Theft,4,2,37,2.26,8
2026-04-08 05:00:00,Kalaburagi,Burglary,5,2,17,5.96,7
2026-04-08 05:00:00,Ballari,Assault,5,2,32,8.4,7
2026-04-08 05:00:00,Mysuru,Assault,5,2,26,3.28,6
2026-04-08 05:00:00,Davanagere,Burglary,5,2,38,5.43,10
2026-04-08 05:00:00,Hubballi-Dharwad,Assault,5,2,41,4.58,6
2026-04-08 06:00:00,Kalaburagi,Cybercrime,6,2,10,1.77,1
2026-04-08 06:00:00,Belagavi,Cybercrime,6,2,21,3.27,5
2026-04-08 09:00:00,Mangaluru,Theft,9,2,8,6.77,4
2026-04-08 09:00:00,Davanagere,Cybercrime,9,2,44,3.62,8
2026-04-08 09:00:00,Davanagere,Fraud,9,2,20,5.63,5
2026-04-08 10:00:00,Davanagere,Assault,10,2,36,9.06,8
2026-04-08 11:00:00,Shivamogga,Theft,11,2,14,9.4,6
2026-04-08 11:00:00,Kalaburagi,Fraud,11,2,16,4.32,4
2026-04-08 12:00:00,Hubballi-Dharwad,Burglary,12,2,24,8.13,6
2026-04-08 12:00:00,Belagavi,Burglary,12,2,24,6.42,6
2026-04-08 12:00:00,Bengaluru Urban,Theft,12,2,11,2.93,7
2026-04-08 12:00:00,Mangaluru,Burglary,12,2,15,2.26,4
2026-04-08 12:00:00,Mysuru,Theft,12,2,43,2.09,6
2026-04-08 13:00:00,Davanagere,Assault,13,2,17,4.85,5
2026-04-08 13:00:00,Kalaburagi,Cybercrime,13,2,9,9.17,8
2026-04-08 13:00:00,Belagavi,Burglary,13,2,37,5.29,7
2026-04-08 14:00:00,Belagavi,Burglary,14,2,25,7.8,5
2026-04-08 14:00:00,Udupi,Theft,14,2,33,2.15,7
2026-04-08 15:00:00,Belagavi,Cybercrime,15,2,9,5.44,6
2026-04-08 15:00:00,Kalaburagi,Cybercrime,15,2,25,6.24,8
2026-04-08 16:00:00,Belagavi,Burglary,16,2,17,5.86,5
2026-04-08 16:00:00,Hubballi-Dharwad,Burglary,16,2,24,4.48,5
2026-04-08 17:00:00,Davanagere,Assault,17,2,36,8.83,7
2026-04-08 18:00:00,Hubballi-Dharwad,Assault,18,2,22,7.42,6
2026-04-08 19:00:00,Mangaluru,Fraud,19,2,25,7.55,8
2026-04-08 19:00:00,Hubballi-Dharwad,Cybercrime,19,2,40,4.26,6
2026-04-08 19:00:00,Shivamogga,Burglary,19,2,28,7.13,7
2026-04-08 19:00:00,Kalaburagi,Burglary,19,2,38,7.76,8
2026-04-08 20:00:00,Mangaluru,Burglary,20,2,12,8.07,5
2026-04-08 20:00:00,Udupi,Cybercrime,20,2,5,7.59,4
2026-04-08 20:00:00,Udupi,Burglary,20,2,14,1.93,4
2026-04-08 21:00:00,Udupi,Theft,21,2,31,3.42,5
2026-04-08 21:00:00,Udupi,Fraud,21,2,2,1.63,2
2026-04-08 22:00:00,Hubballi-Dharwad,Cybercrime,22,2,41,5.49,6
2026-04-08 23:00:00,Davanagere,Cybercrime,23,2,6,9.21,5
2026-04-08 23:00:00,Mangaluru,Assault,23,2,13,1.87,6
2026-04-08 23:00:00,Mysuru,Burglary,23,2,9,8.36,4
2026-04-08 23:00:00,Belagavi,Cybercrime,23,2,42,5.56,8
2026-04-09 00:00:00,Davanagere,Assault,0,3,44,3.25,7
2026-04-09 00:00:00,Davanagere,Assault,0,3,9,1.88,3
2026-04-09 00:00:00,Mysuru,Fraud,0,3,23,3.25,4
2026-04-09 00:00:00,Belagavi,Theft,0,3,26,4.02,7
2026-04-09 01:00:00,Ballari,Burglary,1,3,4,5.34,5
2026-04-09 01:00:00,Ballari,Theft,1,3,35,8.37,10
2026-04-09 01:00:00,Kalaburagi,Burglary,1,3,28,4.07,8
2026-04-09 01:00:00,Mangaluru,Assault,1,3,17,2.26,4
2026-04-09 02:00:00,Kalaburagi,Fraud,2,3,21,9.32,8
2026-04-09 02:00:00,Ballari,Assault,2,3,25,2.51,5
2026-04-09 02:00:00,Kalaburagi,Fraud,2,3,2,4.47,4
2026-04-09 02:00:00,Bengaluru Urban,Fraud,2,3,26,7.57,9
2026-04-09 03:00:00,Belagavi,Cybercrime,3,3,10,7.35,4
2026-04-09 03:00:00,Shivamogga,Assault,3,3,4,6.58,3
2026-04-09 03:00:00,Mangaluru,Assault,3,3,37,8.75,8
2026-04-09 05:00:00,Belagavi,Burglary,5,3,21,5.61,9
2026-04-09 06:00:00,Belagavi,Theft,6,3,24,4.38,5
2026-04-09 07:00:00,Belagavi,Fraud,7,3,5,5.15,5
2026-04-09 07:00:00,Bengaluru Urban,Assault,7,3,27,3.62,9
2026-04-09 07:00:00,Hubballi-Dharwad,Fraud,7,3,7,9.13,6
2026-04-09 08:00:00,Davanagere,Theft,8,3,36,2.78,7
2026-04-09 08:00:00,Mangaluru,Burglary,8,3,29,1.5,6
2026-04-09 09:00:00,Kalaburagi,Theft,9,3,42,8.39,7
2026-04-09 09:00:00,Mangaluru,Burglary,9,3,37,7.23,7
2026-04-09 10:00:00,Shivamogga,Assault,10,3,21,6.31,6
2026-04-09 10:00:00,Bengaluru Urban,Fraud,10,3,5,8.81,8
2026-04-09 10:00:00,Ballari,Theft,10,3,42,6.85,9
2026-04-09 11:00:00,Bengaluru Urban,Fraud,11,3,18,1.9,8
2026-04-09 12:00:00,Davanagere,Fraud,12,3,25,6.09,7
2026-04-09 12:00:00,Udupi,Burglary,12,3,22,5.5,4
2026-04-09 13:00:00,Hubballi-Dharwad,Assault,13,3,31,9.32,7
2026-04-09 13:00:00,Kalaburagi,Burglary,13,3,42,5.25,8
2026-04-09 13:00:00,Belagavi,Theft,13,3,12,3.2,3
2026-04-09 14:00:00,Mysuru,Theft,14,3,34,2.23,4
2026-04-09 15:00:00,Bengaluru Urban,Burglary,15,3,16,2.89,6
2026-04-09 15:00:00,Mangaluru,Fraud,15,3,43,7.54,8
2026-04-09 15:00:00,Belagavi,Fraud,15,3,14,9.4,4
2026-04-09 15:00:00,Mysuru,Cybercrime,15,3,24,2.74,7
2026-04-09 15:00:00,Udupi,Assault,15,3,29,7.13,7
2026-04-09 16:00:00,Davanagere,Fraud,16,3,33,4.82,8
2026-04-09 16:00:00,Davanagere,Fraud,16,3,21,6.38,6
2026-04-09 16:00:00,Hubballi-Dharwad,Cybercrime,16,3,15,3.35,6
2026-04-09 16:00:00,Bengaluru Urban,Assault,16,3,30,8.93,9
2026-04-09 16:00:00,Udupi,Cybercrime,16,3,17,5.73,8
2026-04-09 17:00:00,Mangaluru,Theft,17,3,8,4.12,3
2026-04-09 18:00:00,Belagavi,Burglary,18,3,16,7.11,5
2026-04-09 19:00:00,Davanagere,Fraud,19,3,41,7.15,9
2026-04-09 20:00:00,Mangaluru,Burglary,20,3,40,8.57,7
2026-04-09 20:00:00,Belagavi,Burglary,20,3,30,4.73,5
2026-04-09 22:00:00,Mysuru,Theft,22,3,11,6.95,4
2026-04-09 22:00:00,Ballari,Cybercrime,22,3,36,9.16,7
2026-04-09 22:00:00,Mysuru,Assault,22,3,27,2.86,7
2026-04-09 23:00:00,Hubballi-Dharwad,Cybercrime,23,3,7,2.62,3
2026-04-09 23:00:00,Udupi,Assault,23,3,25,8.72,9
2026-04-09 23:00:00,Udupi,Burglary,23,3,5,7.26,4
2026-04-10 00:00:00,Udupi,Theft,0,4,2,8.63,7
2026-04-10 00:00:00,Hubballi-Dharwad,Cybercrime,0,4,13,5.6,3
2026-04-10 00:00:00,Davanagere,Cybercrime,0,4,13,2.18,4
2026-04-10 00:00:00,Bengaluru Urban,Theft,0,4,12,5.13,10
2026-04-10 00:00:00,Shivamogga,Assault,0,4,8,8.15,5
2026-04-10 01:00:00,Udupi,Fraud,1,4,34,4.42,7
2026-04-10 01:00:00,Ballari,Burglary,1,4,34,8.25,10
2026-04-10 01:00:00,Mysuru,Assault,1,4,20,6.16,5
2026-04-10 02:00:00,Bengaluru Urban,Fraud,2,4,39,1.99,10
2026-04-10 02:00:00,Belagavi,Assault,2,4,16,2.91,4
2026-04-10 02:00:00,Udupi,Assault,2,4,11,3.61,4
2026-04-10 03:00:00,Udupi,Theft,3,4,23,3.61,7
2026-04-10 04:00:00,Bengaluru Urban,Burglary,4,4,24,8.79,14
2026-04-10 05:00:00,Hubballi-Dharwad,Assault,5,4,41,1.26,5
2026-04-10 05:00:00,Hubballi-Dharwad,Burglary,5,4,18,2.08,5
2026-04-10 06:00:00,Bengaluru Urban,Assault,6,4,3,5.13,7
2026-04-10 06:00:00,Udupi,Fraud,6,4,43,3.87,7
2026-04-10 07:00:00,Hubballi-Dharwad,Assault,7,4,13,7.32,3
2026-04-10 07:00:00,Hubballi-Dharwad,Fraud,7,4,28,8.13,6
2026-04-10 08:00:00,Kalaburagi,Cybercrime,8,4,11,8.02,4
2026-04-10 09:00:00,Mysuru,Cybercrime,9,4,41,8.2,6
2026-04-10 09:00:00,Ballari,Theft,9,4,12,4.03,3
2026-04-10 10:00:00,Belagavi,Theft,10,4,6,7.16,4
2026-04-10 10:00:00,Udupi,Cybercrime,10,4,13,6.16,6
2026-04-10 10:00:00,Udupi,Burglary,10,4,27,6.9,6
2026-04-10 10:00:00,Hubballi-Dharwad,Assault,10,4,14,9.19,7
2026-04-10 10:00:00,Ballari,Fraud,10,4,42,1.87,6
2026-04-10 10:00:00,Hubballi-Dharwad,Burglary,10,4,35,1.88,5
2026-04-10 10:00:00,Ballari,Cybercrime,10,4,35,4.71,10
2026-04-10 11:00:00,Mangaluru,Assault,11,4,10,7.38,3
2026-04-10 11:00:00,Mangaluru,Fraud,11,4,11,6.12,5
2026-04-10 11:00:00,Hubballi-Dharwad,Assault,11,4,39,4.47,6
2026-04-10 11:00:00,Bengaluru Urban,Assault,11,4,7,1.88,5
2026-04-10 12:00:00,Mangaluru,Theft,12,4,16,8.8,5
2026-04-10 13:00:00,Hubballi-Dharwad,Assault,13,4,20,3.21,4
2026-04-10 13:00:00,Hubballi-Dharwad,Assault,13,4,26,9.08,5
2026-04-10 13:00:00,Kalaburagi,Cybercrime,13,4,28,6.61,9
2026-04-10 13:00:00,Bengaluru Urban,Burglary,13,4,16,8.99,8
2026-04-10 14:00:00,Belagavi,Fraud,14,4,22,9.37,7
2026-04-10 16:00:00,Kalaburagi,Theft,16,4,3,6.19,3
2026-04-10 16:00:00,Belagavi,Fraud,16,4,9,6.5,2
2026-04-10 16:00:00,Mysuru,Burglary,16,4,27,1.6,6
2026-04-10 16:00:00,Kalaburagi,Fraud,16,4,26,7.25,5
2026-04-10 16:00:00,Ballari,Burglary,16,4,4,2.7,2
2026-04-10 17:00:00,Bengaluru Urban,Fraud,17,4,2,7.61,6
2026-04-10 18:00:00,Shivamogga,Theft,18,4,12,3.92,3
2026-04-10 18:00:00,Davanagere,Burglary,18,4,39,8.15,8
2026-04-10 18:00:00,Mangaluru,Burglary,18,4,37,4.4,5
2026-04-10 18:00:00,Kalaburagi,Cybercrime,18,4,23,3.03,7
2026-04-10 18:00:00,Kalaburagi,Theft,18,4,10,2.9,3
2026-04-10 18:00:00,Davanagere,Fraud,18,4,15,3.3,4
2026-04-10 19:00:00,Belagavi,Cybercrime,19,4,36,1.49,4
2026-04-10 19:00:00,Mangaluru,Burglary,19,4,3,7.38,4
2026-04-10 19:00:00,Hubballi-Dharwad,Burglary,19,4,39,5.45,5
2026-04-10 19:00:00,Mysuru,Burglary,19,4,42,1.94,6
2026-04-10 20:00:00,Belagavi,Cybercrime,20,4,34,9.27,7
2026-04-10 20:00:00,Mysuru,Burglary,20,4,4,7.53,4
2026-04-10 20:00:00,Hubballi-Dharwad,Assault,20,4,9,1.61,4
2026-04-10 21:00:00,Udupi,Cybercrime,21,4,24,6.91,5
2026-04-10 21:00:00,Udupi,Assault,21,4,24,9.05,9
2026-04-10 22:00:00,Bengaluru Urban,Burglary,22,4,34,1.82,9
2026-04-10 22:00:00,Mysuru,Burglary,22,4,13,8.75,7
2026-04-10 22:00:00,Kalaburagi,Theft,22,4,29,8.35,6
2026-04-10 22:00:00,Davanagere,Fraud,22,4,37,5.15,7
2026-04-10 23:00:00,Udupi,Fraud,23,4,43,9.4,10
2026-04-10 23:00:00,Hubballi-Dharwad,Fraud,23,4,18,4.15,5
2026-04-11 00:00:00,Udupi,Theft,0,5,21,8.59,8
2026-04-11 00:00:00,Mysuru,Burglary,0,5,34,3.95,9
2026-04-11 01:00:00,Bengaluru Urban,Theft,1,5,32,3.78,12
2026-04-11 01:00:00,Ballari,Fraud,1,5,19,1.38,4
2026-04-11 01:00:00,Ballari,Fraud,1,5,42,9.09,8
2026-04-11 02:00:00,Mangaluru,Assault,2,5,37,6.94,8
2026-04-11 02:00:00,Kalaburagi,Cybercrime,2,5,5,6.45,4
2026-04-11 02:00:00,Hubballi-Dharwad,Fraud,2,5,7,5.62,4
2026-04-11 02:00:00,Belagavi,Burglary,2,5,19,6.47,7
2026-04-11 02:00:00,Udupi,Theft,2,5,23,1.61,8
2026-04-11 03:00:00,Udupi,Assault,3,5,24,3.02,5
2026-04-11 03:00:00,Mangaluru,Cybercrime,3,5,5,1.61,2
2026-04-11 04:00:00,Hubballi-Dharwad,Fraud,4,5,10,8.66,5
2026-04-11 05:00:00,Belagavi,Burglary,5,5,31,3.98,8
2026-04-11 06:00:00,Belagavi,Burglary,6,5,20,1.63,5
2026-04-11 06:00:00,Kalaburagi,Burglary,6,5,18,9.11,5
2026-04-11 06:00:00,Davanagere,Cybercrime,6,5,26,5.51,6
2026-04-11 07:00:00,Ballari,Theft,7,5,3,6.58,4
2026-04-11 07:00:00,Shivamogga,Assault,7,5,37,2.28,6
2026-04-11 08:00:00,Udupi,Burglary,8,5,37,2.63,5
2026-04-11 09:00:00,Mangaluru,Fraud,9,5,30,7.46,7
2026-04-11 10:00:00,Mangaluru,Assault,10,5,39,6.16,7
2026-04-11 10:00:00,Hubballi-Dharwad,Assault,10,5,37,7.53,7
2026-04-11 10:00:00,Davanagere,Theft,10,5,34,5.69,8
2026-04-11 11:00:00,Udupi,Fraud,11,5,27,2.0,4
2026-04-11 11:00:00,Mangaluru,Cybercrime,11,5,16,5.63,7
2026-04-11 11:00:00,Belagavi,Burglary,11,5,23,8.09,6
2026-04-11 12:00:00,Ballari,Assault,12,5,30,1.77,5
2026-04-11 12:00:00,Shivamogga,Assault,12,5,43,6.53,9
2026-04-11 13:00:00,Bengaluru Urban,Theft,13,5,22,8.67,10
2026-04-11 13:00:00,Mysuru,Burglary,13,5,28,3.12,4
2026-04-11 13:00:00,Ballari,Burglary,13,5,44,5.85,8
2026-04-11 13:00:00,Udupi,Cybercrime,13,5,16,3.61,7
2026-04-11 14:00:00,Belagavi,Burglary,14,5,36,7.68,7
2026-04-11 14:00:00,Shivamogga,Burglary,14,5,30,8.91,8
2026-04-11 14:00:00,Mangaluru,Cybercrime,14,5,38,8.83,11
2026-04-11 15:00:00,Udupi,Burglary,15,5,7,1.65,3
2026-04-11 15:00:00,Udupi,Fraud,15,5,5,5.15,2
2026-04-11 15:00:00,Davanagere,Cybercrime,15,5,15,7.21,7
2026-04-11 15:00:00,Mangaluru,Fraud,15,5,21,3.11,4
2026-04-11 15:00:00,Shivamogga,Fraud,15,5,29,9.39,7
2026-04-11 15:00:00,Kalaburagi,Assault,15,5,36,6.22,8
2026-04-11 15:00:00,Ballari,Burglary,15,5,41,5.77,8
2026-04-11 15:00:00,Mysuru,Theft,15,5,12,5.78,4
2026-04-11 15:00:00,Mangaluru,Fraud,15,5,15,6.87,4
2026-04-11 16:00:00,Ballari,Cybercrime,16,5,13,4.35,8
2026-04-11 16:00:00,Mysuru,Cybercrime,16,5,32,2.47,9
2026-04-11 17:00:00,Bengaluru Urban,Assault,17,5,2,8.07,7
2026-04-11 17:00:00,Belagavi,Fraud,17,5,30,5.35,6
2026-04-11 18:00:00,Hubballi-Dharwad,Fraud,18,5,33,5.64,7
2026-04-11 18:00:00,Mysuru,Burglary,18,5,21,7.7,7
2026-04-11 18:00:00,Ballari,Burglary,18,5,19,9.15,6
2026-04-11 19:00:00,Mysuru,Fraud,19,5,13,6.55,4
2026-04-11 19:00:00,Shivamogga,Assault,19,5,3,3.15,4
2026-04-11 20:00:00,Belagavi,Assault,20,5,18,2.05,6
2026-04-11 20:00:00,Hubballi-Dharwad,Burglary,20,5,4,7.18,5
2026-04-11 20:00:00,Udupi,Fraud,20,5,17,8.42,5
2026-04-11 21:00:00,Udupi,Cybercrime,21,5,11,4.4,5
2026-04-11 21:00:00,Udupi,Burglary,21,5,37,4.45,7
2026-04-11 22:00:00,Mysuru,Cybercrime,22,5,17,5.17,4
2026-04-11 22:00:00,Ballari,Assault,22,5,10,6.73,7
2026-04-11 22:00:00,Shivamogga,Fraud,22,5,39,2.85,6
2026-04-11 23:00:00,Belagavi,Assault,23,5,11,1.33,4
2026-04-11 23:00:00,Bengaluru Urban,Burglary,23,5,37,3.45,9
2026-04-12 00:00:00,Davanagere,Burglary,0,6,32,2.96,8
2026-04-12 00:00:00,Mangaluru,Theft,0,6,34,5.13,9
2026-04-12 01:00:00,Hubballi-Dharwad,Burglary,1,6,8,4.43,6
2026-04-12 01:00:00,Davanagere,Cybercrime,1,6,26,5.59,6
2026-04-12 01:00:00,Ballari,Assault,1,6,18,2.08,4
2026-04-12 01:00:00,Udupi,Burglary,1,6,24,6.46,8
2026-04-12 02:00:00,Davanagere,Assault,2,6,27,9.47,7
2026-04-12 02:00:00,Udupi,Assault,2,6,14,2.44,3
2026-04-12 02:00:00,Mysuru,Fraud,2,6,3,5.05,3
2026-04-12 03:00:00,Bengaluru Urban,Cybercrime,3,6,34,1.86,8
2026-04-12 03:00:00,Shivamogga,Assault,3,6,37,8.11,7
2026-04-12 03:00:00,Davanagere,Fraud,3,6,3,3.61,2
2026-04-12 03:00:00,Belagavi,Fraud,3,6,35,5.75,7
2026-04-12 04:00:00,Udupi,Assault,4,6,37,5.19,8
2026-04-12 05:00:00,Ballari,Assault,5,6,44,5.37,8
2026-04-12 05:00:00,Ballari,Burglary,5,6,32,2.51,8
2026-04-12 05:00:00,Mysuru,Cybercrime,5,6,10,1.37,3
2026-04-12 07:00:00,Ballari,Theft,7,6,15,9.13,6
2026-04-12 07:00:00,Shivamogga,Cybercrime,7,6,38,9.41,7
2026-04-12 08:00:00,Shivamogga,Assault,8,6,22,8.38,5
2026-04-12 09:00:00,Udupi,Assault,9,6,40,4.64,7
2026-04-12 09:00:00,Hubballi-Dharwad,Assault,9,6,15,6.09,5
2026-04-12 09:00:00,Belagavi,Theft,9,6,13,6.28,2
2026-04-12 10:00:00,Shivamogga,Assault,10,6,25,6.96,6
2026-04-12 10:00:00,Shivamogga,Cybercrime,10,6,16,3.24,7
2026-04-12 10:00:00,Davanagere,Cybercrime,10,6,33,4.37,10
2026-04-12 10:00:00,Shivamogga,Cybercrime,10,6,26,7.34,7
2026-04-12 10:00:00,Mysuru,Fraud,10,6,2,9.43,4
2026-04-12 11:00:00,Shivamogga,Burglary,11,6,26,7.62,7
2026-04-12 11:00:00,Shivamogga,Theft,11,6,9,4.72,3
2026-04-12 11:00:00,Bengaluru Urban,Theft,11,6,44,5.58,12
2026-04-12 11:00:00,Bengaluru Urban,Theft,11,6,38,8.91,11
2026-04-12 11:00:00,Udupi,Theft,11,6,7,6.08,5
2026-04-12 12:00:00,Bengaluru Urban,Assault,12,6,11,1.74,7
2026-04-12 13:00:00,Mysuru,Theft,13,6,25,6.1,5
2026-04-12 13:00:00,Hubballi-Dharwad,Theft,13,6,33,5.19,7
2026-04-12 13:00:00,Bengaluru Urban,Theft,13,6,40,5.21,10
2026-04-12 13:00:00,Ballari,Fraud,13,6,26,4.33,6
2026-04-12 13:00:00,Udupi,Fraud,13,6,13,8.93,6
2026-04-12 13:00:00,Hubballi-Dharwad,Assault,13,6,21,1.84,5
2026-04-12 15:00:00,Belagavi,Burglary,15,6,37,4.21,7
2026-04-12 16:00:00,Belagavi,Burglary,16,6,41,6.58,7
2026-04-12 16:00:00,Hubballi-Dharwad,Cybercrime,16,6,9,2.05,4
2026-04-12 17:00:00,Shivamogga,Fraud,17,6,22,8.99,7
2026-04-12 17:00:00,Belagavi,Assault,17,6,5,8.6,5
2026-04-12 17:00:00,Mysuru,Fraud,17,6,16,3.93,5
2026-04-12 17:00:00,Mangaluru,Fraud,17,6,28,3.87,6
2026-04-12 18:00:00,Belagavi,Cybercrime,18,6,19,7.63,6
2026-04-12 19:00:00,Mysuru,Cybercrime,19,6,15,8.33,5
2026-04-12 19:00:00,Bengaluru Urban,Assault,19,6,42,3.04,12
2026-04-12 19:00:00,Ballari,Burglary,19,6,20,2.7,5
2026-04-12 20:00:00,Shivamogga,Burglary,20,6,16,3.67,2
2026-04-12 20:00:00,Shivamogga,Theft,20,6,11,8.72,4
2026-04-12 20:00:00,Bengaluru Urban,Theft,20,6,37,1.99,10
2026-04-12 20:00:00,Bengaluru Urban,Theft,20,6,18,6.67,9
2026-04-12 21:00:00,Udupi,Assault,21,6,40,4.03,9
2026-04-12 22:00:00,Mysuru,Assault,22,6,12,8.01,8
2026-04-12 22:00:00,Shivamogga,Burglary,22,6,18,3.18,4
2026-04-12 22:00:00,Bengaluru Urban,Assault,22,6,18,4.16,10
2026-04-12 22:00:00,Belagavi,Assault,22,6,38,6.74,10
2026-04-12 23:00:00,Udupi,Theft,23,6,42,4.37,7
2026-04-12 23:00:00,Mangaluru,Fraud,23,6,10,2.06,4
2026-04-13 00:00:00,Ballari,Theft,0,0,30,8.04,10
2026-04-13 00:00:00,Davanagere,Burglary,0,0,21,4.07,8
2026-04-13 00:00:00,Bengaluru Urban,Theft,0,0,22,7.69,14
2026-04-13 01:00:00,Hubballi-Dharwad,Theft,1,0,36,8.01,10
2026-04-13 01:00:00,Davanagere,Theft,1,0,6,5.07,7
2026-04-13 01:00:00,Shivamogga,Cybercrime,1,0,13,9.3,5
2026-04-13 01:00:00,Belagavi,Assault,1,0,26,7.45,6
2026-04-13 01:00:00,Bengaluru Urban,Fraud,1,0,20,2.31,7
2026-04-13 01:00:00,Ballari,Theft,1,0,11,2.0,7
2026-04-13 01:00:00,Kalaburagi,Cybercrime,1,0,18,3.81,5
2026-04-13 02:00:00,Mysuru,Assault,2,0,37,1.36,6
2026-04-13 02:00:00,Mangaluru,Theft,2,0,12,8.47,9
2026-04-13 03:00:00,Bengaluru Urban,Fraud,3,0,17,8.66,7
2026-04-13 04:00:00,Shivamogga,Burglary,4,0,21,4.54,7
2026-04-13 04:00:00,Ballari,Cybercrime,4,0,16,8.65,5
2026-04-13 04:00:00,Udupi,Burglary,4,0,35,6.18,9
2026-04-13 05:00:00,Davanagere,Fraud,5,0,28,8.49,8
2026-04-13 06:00:00,Mysuru,Burglary,6,0,9,2.27,3
2026-04-13 06:00:00,Belagavi,Burglary,6,0,31,4.02,6
2026-04-13 07:00:00,Udupi,Fraud,7,0,43,9.27,8
2026-04-13 07:00:00,Udupi,Theft,7,0,29,6.96,7
2026-04-13 08:00:00,Mysuru,Burglary,8,0,11,4.04,4
2026-04-13 09:00:00,Shivamogga,Cybercrime,9,0,26,3.26,5
2026-04-13 09:00:00,Hubballi-Dharwad,Assault,9,0,12,5.62,4
2026-04-13 10:00:00,Belagavi,Burglary,10,0,34,3.8,6
2026-04-13 11:00:00,Udupi,Cybercrime,11,0,7,9.01,7
2026-04-13 11:00:00,Udupi,Assault,11,0,32,3.32,6
2026-04-13 13:00:00,Ballari,Cybercrime,13,0,28,3.2,9
2026-04-13 13:00:00,Kalaburagi,Cybercrime,13,0,24,4.66,7
2026-04-13 13:00:00,Udupi,Fraud,13,0,33,5.32,7
2026-04-13 13:00:00,Udupi,Theft,13,0,7,1.71,2
2026-04-13 14:00:00,Hubballi-Dharwad,Fraud,14,0,33,6.34,8
2026-04-13 14:00:00,Ballari,Assault,14,0,2,5.43,4
2026-04-13 15:00:00,Bengaluru Urban,Burglary,15,0,9,2.86,7
2026-04-13 15:00:00,Shivamogga,Theft,15,0,14,5.56,4
2026-04-13 15:00:00,Ballari,Fraud,15,0,7,7.94,5
2026-04-13 16:00:00,Belagavi,Burglary,16,0,40,6.36,7
2026-04-13 17:00:00,Ballari,Fraud,17,0,2,1.85,1
2026-04-13 18:00:00,Bengaluru Urban,Theft,18,0,12,7.34,7
2026-04-13 18:00:00,Hubballi-Dharwad,Burglary,18,0,37,6.86,8
2026-04-13 20:00:00,Mysuru,Cybercrime,20,0,7,5.71,3
2026-04-13 20:00:00,Mangaluru,Burglary,20,0,12,1.75,2
2026-04-13 21:00:00,Davanagere,Assault,21,0,5,8.3,7
2026-04-13 21:00:00,Shivamogga,Theft,21,0,25,2.78,4
2026-04-13 22:00:00,Shivamogga,Assault,22,0,6,3.38,4
2026-04-13 22:00:00,Hubballi-Dharwad,Assault,22,0,11,8.6,7
2026-04-13 23:00:00,Kalaburagi,Cybercrime,23,0,31,4.75,6
2026-04-14 00:00:00,Kalaburagi,Fraud,0,1,23,5.72,6
2026-04-14 00:00:00,Mysuru,Fraud,0,1,6,6.78,4
2026-04-14 00:00:00,Ballari,Theft,0,1,33,5.32,8
2026-04-14 01:00:00,Belagavi,Burglary,1,1,36,3.23,10
2026-04-14 01:00:00,Udupi,Theft,1,1,41,9.14,11
2026-04-14 02:00:00,Ballari,Assault,2,1,36,7.01,9
2026-04-14 03:00:00,Ballari,Burglary,3,1,37,8.77,10
2026-04-14 03:00:00,Udupi,Theft,3,1,43,2.12,10
2026-04-14 04:00:00,Bengaluru Urban,Assault,4,1,3,6.88,6
2026-04-14 04:00:00,Bengaluru Urban,Fraud,4,1,44,6.05,13
2026-04-14 05:00:00,Hubballi-Dharwad,Fraud,5,1,37,2.23,6
2026-04-14 05:00:00,Ballari,Fraud,5,1,28,2.68,6
2026-04-14 05:00:00,Shivamogga,Fraud,5,1,44,4.66,7
2026-04-14 07:00:00,Mangaluru,Fraud,7,1,40,8.7,8
2026-04-14 07:00:00,Davanagere,Assault,7,1,24,5.09,5
2026-04-14 08:00:00,Mysuru,Cybercrime,8,1,28,4.75,6
2026-04-14 08:00:00,Udupi,Theft,8,1,28,8.3,7
2026-04-14 08:00:00,Mysuru,Theft,8,1,36,6.96,8
2026-04-14 09:00:00,Hubballi-Dharwad,Cybercrime,9,1,26,1.36,4
2026-04-14 09:00:00,Udupi,Assault,9,1,26,6.82,5
2026-04-14 09:00:00,Bengaluru Urban,Theft,9,1,10,8.92,8
2026-04-14 09:00:00,Mysuru,Burglary,9,1,30,5.17,7
2026-04-14 09:00:00,Davanagere,Assault,9,1,34,3.1,6
2026-04-14 10:00:00,Mysuru,Burglary,10,1,39,4.94,8
2026-04-14 10:00:00,Mangaluru,Assault,10,1,43,3.6,7
2026-04-14 11:00:00,Hubballi-Dharwad,Theft,11,1,3,7.53,4
2026-04-14 11:00:00,Mangaluru,Burglary,11,1,41,8.28,8
2026-04-14 12:00:00,Ballari,Burglary,12,1,43,8.96,8
2026-04-14 13:00:00,Kalaburagi,Fraud,13,1,12,8.14,5
2026-04-14 13:00:00,Hubballi-Dharwad,Theft,13,1,30,8.56,7
2026-04-14 13:00:00,Bengaluru Urban,Cybercrime,13,1,40,4.44,12
2026-04-14 13:00:00,Bengaluru Urban,Fraud,13,1,19,4.15,7
2026-04-14 13:00:00,Ballari,Assault,13,1,3,4.82,4
2026-04-14 14:00:00,Bengaluru Urban,Burglary,14,1,39,7.81,12
2026-04-14 14:00:00,Mysuru,Burglary,14,1,20,9.01,5
2026-04-14 14:00:00,Mysuru,Cybercrime,14,1,36,9.45,11
2026-04-14 15:00:00,Ballari,Burglary,15,1,21,6.09,7
2026-04-14 16:00:00,Mysuru,Fraud,16,1,33,6.06,6
2026-04-14 16:00:00,Shivamogga,Fraud,16,1,28,7.13,6
2026-04-14 16:00:00,Udupi,Fraud,16,1,20,4.26,3
2026-04-14 17:00:00,Hubballi-Dharwad,Cybercrime,17,1,33,5.45,5
2026-04-14 17:00:00,Belagavi,Fraud,17,1,41,8.48,8
2026-04-14 18:00:00,Hubballi-Dharwad,Fraud,18,1,14,6.75,5
2026-04-14 18:00:00,Mysuru,Fraud,18,1,19,4.72,6
2026-04-14 18:00:00,Udupi,Cybercrime,18,1,38,7.99,7
2026-04-14 18:00:00,Belagavi,Fraud,18,1,32,7.29,6
2026-04-14 18:00:00,Davanagere,Theft,18,1,10,5.58,4
2026-04-14 19:00:00,Bengaluru Urban,Assault,19,1,9,1.79,8
2026-04-14 20:00:00,Bengaluru Urban,Assault,20,1,18,6.98,10
2026-04-14 20:00:00,Shivamogga,Fraud,20,1,38,5.5,6
2026-04-14 20:00:00,Hubballi-Dharwad,Fraud,20,1,22,8.01,6
2026-04-14 20:00:00,Mysuru,Cybercrime,20,1,40,5.35,9
2026-04-14 20:00:00,Mangaluru,Fraud,20,1,27,2.82,4
2026-04-14 21:00:00,Belagavi,Cybercrime,21,1,18,8.51,5
2026-04-14 22:00:00,Hubballi-Dharwad,Burglary,22,1,10,6.24,3
2026-04-14 22:00:00,Bengaluru Urban,Theft,22,1,19,2.45,8
2026-04-14 23:00:00,Davanagere,Cybercrime,23,1,42,4.35,8
2026-04-15 00:00:00,Hubballi-Dharwad,Burglary,0,2,24,9.02,9
2026-04-15 01:00:00,Bengaluru Urban,Theft,1,2,39,9.35,15
2026-04-15 01:00:00,Ballari,Fraud,1,2,11,2.66,4
2026-04-15 01:00:00,Bengaluru Urban,Fraud,1,2,24,1.5,7
2026-04-15 01:00:00,Davanagere,Burglary,1,2,14,3.45,7
2026-04-15 02:00:00,Kalaburagi,Burglary,2,2,43,2.83,10
2026-04-15 02:00:00,Mangaluru,Theft,2,2,39,5.29,11
2026-04-15 03:00:00,Mysuru,Cybercrime,3,2,36,8.97,9
2026-04-15 04:00:00,Mysuru,Burglary,4,2,4,7.67,7
2026-04-15 05:00:00,Belagavi,Fraud,5,2,27,2.1,6
2026-04-15 07:00:00,Mangaluru,Fraud,7,2,28,1.44,4
2026-04-15 08:00:00,Mangaluru,Theft,8,2,27,5.53,7
2026-04-15 09:00:00,Kalaburagi,Assault,9,2,39,3.19,6
2026-04-15 09:00:00,Davanagere,Cybercrime,9,2,11,7.49,5
2026-04-15 09:00:00,Mangaluru,Assault,9,2,2,6.48,2
2026-04-15 09:00:00,Hubballi-Dharwad,Fraud,9,2,28,3.2,6
2026-04-15 10:00:00,Shivamogga,Theft,10,2,6,5.54,4
2026-04-15 10:00:00,Mysuru,Burglary,10,2,42,1.5,8
2026-04-15 11:00:00,Udupi,Fraud,11,2,44,4.71,7
2026-04-15 11:00:00,Bengaluru Urban,Burglary,11,2,10,5.15,8
2026-04-15 12:00:00,Belagavi,Theft,12,2,42,5.47,7
2026-04-15 12:00:00,Hubballi-Dharwad,Fraud,12,2,7,9.08,6
2026-04-15 12:00:00,Hubballi-Dharwad,Cybercrime,12,2,10,6.36,7
2026-04-15 12:00:00,Davanagere,Fraud,12,2,33,2.77,5
2026-04-15 13:00:00,Ballari,Theft,13,2,42,8.71,9
2026-04-15 13:00:00,Ballari,Cybercrime,13,2,33,3.76,9
2026-04-15 14:00:00,Kalaburagi,Theft,14,2,24,3.74,4
2026-04-15 14:00:00,Udupi,Fraud,14,2,19,6.22,5
2026-04-15 15:00:00,Bengaluru Urban,Fraud,15,2,19,3.84,8
2026-04-15 15:00:00,Ballari,Theft,15,2,33,5.15,5
2026-04-15 15:00:00,Kalaburagi,Cybercrime,15,2,34,7.45,11
2026-04-15 15:00:00,Hubballi-Dharwad,Cybercrime,15,2,12,5.02,6
2026-04-15 15:00:00,Belagavi,Assault,15,2,23,2.07,4
2026-04-15 15:00:00,Shivamogga,Fraud,15,2,40,4.16,6
2026-04-15 16:00:00,Hubballi-Dharwad,Assault,16,2,3,1.54,1
2026-04-15 16:00:00,Belagavi,Burglary,16,2,24,7.51,6
2026-04-15 17:00:00,Kalaburagi,Theft,17,2,39,2.66,8
2026-04-15 17:00:00,Ballari,Theft,17,2,40,7.72,9
2026-04-15 17:00:00,Bengaluru Urban,Fraud,17,2,43,7.84,13
2026-04-15 17:00:00,Kalaburagi,Theft,17,2,40,5.8,8
2026-04-15 17:00:00,Belagavi,Cybercrime,17,2,8,7.39,4
2026-04-15 17:00:00,Bengaluru Urban,Cybercrime,17,2,29,1.48,7
2026-04-15 19:00:00,Kalaburagi,Assault,19,2,17,6.49,8
2026-04-15 19:00:00,Shivamogga,Theft,19,2,13,2.96,4
2026-04-15 19:00:00,Davanagere,Fraud,19,2,15,6.19,3
2026-04-15 20:00:00,Udupi,Cybercrime,20,2,10,3.41,3
2026-04-15 20:00:00,Bengaluru Urban,Fraud,20,2,16,9.41,8
2026-04-15 21:00:00,Davanagere,Cybercrime,21,2,24,4.13,6
2026-04-15 21:00:00,Hubballi-Dharwad,Fraud,21,2,20,9.21,6
2026-04-15 22:00:00,Belagavi,Burglary,22,2,33,2.61,6
2026-04-15 22:00:00,Hubballi-Dharwad,Burglary,22,2,40,1.32,5
2026-04-15 22:00:00,Davanagere,Burglary,22,2,31,6.56,6
2026-04-15 22:00:00,Kalaburagi,Assault,22,2,33,8.14,10
2026-04-15 22:00:00,Ballari,Fraud,22,2,12,2.13,2
2026-04-15 22:00:00,Davanagere,Assault,22,2,20,3.91,8
2026-04-15 23:00:00,Hubballi-Dharwad,Fraud,23,2,44,6.76,7
2026-04-15 23:00:00,Bengaluru Urban,Theft,23,2,17,2.08,8
2026-04-16 00:00:00,Mangaluru,Cybercrime,0,3,2,2.85,2
2026-04-16 01:00:00,Davanagere,Assault,1,3,13,9.12,5
2026-04-16 01:00:00,Kalaburagi,Theft,1,3,38,4.75,10
2026-04-16 02:00:00,Belagavi,Cybercrime,2,3,33,8.66,8
2026-04-16 03:00:00,Mangaluru,Theft,3,3,14,2.28,6
2026-04-16 03:00:00,Belagavi,Cybercrime,3,3,39,9.38,8
2026-04-16 04:00:00,Mysuru,Burglary,4,3,18,6.2,8
2026-04-16 04:00:00,Mangaluru,Assault,4,3,37,2.41,6
2026-04-16 04:00:00,Shivamogga,Burglary,4,3,23,9.22,9
2026-04-16 05:00:00,Hubballi-Dharwad,Fraud,5,3,34,5.56,6
2026-04-16 05:00:00,Mangaluru,Theft,5,3,19,6.68,8
2026-04-16 06:00:00,Ballari,Burglary,6,3,36,5.37,6
2026-04-16 06:00:00,Udupi,Theft,6,3,41,7.37,9
2026-04-16 06:00:00,Udupi,Burglary,6,3,32,2.18,5
2026-04-16 07:00:00,Davanagere,Theft,7,3,12,8.69,6
2026-04-16 07:00:00,Ballari,Burglary,7,3,17,6.48,6
2026-04-16 07:00:00,Mangaluru,Fraud,7,3,21,3.42,6
2026-04-16 08:00:00,Mysuru,Theft,8,3,14,4.75,3
2026-04-16 09:00:00,Shivamogga,Cybercrime,9,3,41,6.8,9
2026-04-16 09:00:00,Bengaluru Urban,Theft,9,3,28,6.91,9
2026-04-16 10:00:00,Mangaluru,Assault,10,3,6,6.08,5
2026-04-16 12:00:00,Mysuru,Fraud,12,3,19,9.41,6
2026-04-16 12:00:00,Shivamogga,Assault,12,3,32,7.49,7
2026-04-16 12:00:00,Bengaluru Urban,Burglary,12,3,27,4.32,9
2026-04-16 13:00:00,Mysuru,Cybercrime,13,3,19,1.37,5
2026-04-16 14:00:00,Ballari,Burglary,14,3,40,5.29,8
2026-04-16 14:00:00,Ballari,Theft,14,3,23,7.99,7
2026-04-16 15:00:00,Shivamogga,Fraud,15,3,39,6.94,8
2026-04-16 16:00:00,Ballari,Theft,16,3,17,3.8,6
2026-04-16 16:00:00,Davanagere,Assault,16,3,32,7.67,9
2026-04-16 16:00:00,Kalaburagi,Cybercrime,16,3,42,4.85,10
2026-04-16 16:00:00,Belagavi,Theft,16,3,34,5.39,7
2026-04-16 16:00:00,Kalaburagi,Fraud,16,3,22,6.32,5
2026-04-16 16:00:00,Shivamogga,Cybercrime,16,3,14,9.41,8
2026-04-16 17:00:00,Mysuru,Cybercrime,17,3,21,5.48,6
2026-04-16 18:00:00,Ballari,Burglary,18,3,39,6.02,7
2026-04-16 18:00:00,Shivamogga,Fraud,18,3,22,2.0,4
2026-04-16 19:00:00,Davanagere,Fraud,19,3,34,9.02,9
2026-04-16 19:00:00,Hubballi-Dharwad,Assault,19,3,44,9.49,12
2026-04-16 19:00:00,Kalaburagi,Fraud,19,3,32,4.88,6
2026-04-16 19:00:00,Kalaburagi,Assault,19,3,27,7.46,9
2026-04-16 21:00:00,Davanagere,Assault,21,3,10,8.11,7
2026-04-16 21:00:00,Belagavi,Fraud,21,3,18,1.96,2
2026-04-16 21:00:00,Bengaluru Urban,Cybercrime,21,3,18,5.73,7
2026-04-16 21:00:00,Ballari,Cybercrime,21,3,33,4.4,6
2026-04-16 21:00:00,Udupi,Fraud,21,3,24,5.35,6
2026-04-16 22:00:00,Hubballi-Dharwad,Theft,22,3,9,1.5,3
2026-04-17 00:00:00,Kalaburagi,Burglary,0,4,37,6.75,11
2026-04-17 01:00:00,Kalaburagi,Burglary,1,4,17,4.46,7
2026-04-17 01:00:00,Belagavi,Assault,1,4,17,6.57,5
2026-04-17 01:00:00,Mysuru,Cybercrime,1,4,24,8.55,6
2026-04-17 01:00:00,Mangaluru,Burglary,1,4,25,1.56,7
2026-04-17 01:00:00,Hubballi-Dharwad,Fraud,1,4,9,8.36,5
2026-04-17 02:00:00,Hubballi-Dharwad,Assault,2,4,6,5.76,3
2026-04-17 02:00:00,Bengaluru Urban,Fraud,2,4,9,7.64,8
2026-04-17 04:00:00,Belagavi,Theft,4,4,2,7.06,5
2026-04-17 06:00:00,Shivamogga,Burglary,6,4,15,2.89,5
2026-04-17 07:00:00,Ballari,Assault,7,4,42,1.6,7
2026-04-17 07:00:00,Mangaluru,Fraud,7,4,22,2.44,3
2026-04-17 07:00:00,Hubballi-Dharwad,Burglary,7,4,29,2.34,5
2026-04-17 08:00:00,Mysuru,Burglary,8,4,44,8.27,9
2026-04-17 08:00:00,Mangaluru,Burglary,8,4,25,4.46,4
2026-04-17 08:00:00,Davanagere,Fraud,8,4,28,2.12,5
2026-04-17 08:00:00,Hubballi-Dharwad,Cybercrime,8,4,8,8.05,4
2026-04-17 09:00:00,Davanagere,Assault,9,4,36,8.12,8
2026-04-17 09:00:00,Belagavi,Assault,9,4,19,7.73,5
2026-04-17 09:00:00,Mysuru,Burglary,9,4,42,5.86,5
2026-04-17 10:00:00,Bengaluru Urban,Assault,10,4,16,2.79,7
2026-04-17 11:00:00,Kalaburagi,Assault,11,4,31,8.48,9
2026-04-17 12:00:00,Belagavi,Burglary,12,4,4,5.99,3
2026-04-17 12:00:00,Ballari,Theft,12,4,36,6.55,7
2026-04-17 12:00:00,Mysuru,Cybercrime,12,4,18,1.41,8
2026-04-17 13:00:00,Udupi,Burglary,13,4,7,5.28,1
2026-04-17 14:00:00,Mysuru,Theft,14,4,18,2.78,4
2026-04-17 15:00:00,Bengaluru Urban,Assault,15,4,16,6.0,9
2026-04-17 15:00:00,Davanagere,Burglary,15,4,31,6.92,6
2026-04-17 15:00:00,Shivamogga,Fraud,15,4,31,5.18,6
2026-04-17 15:00:00,Shivamogga,Theft,15,4,14,3.7,3
2026-04-17 17:00:00,Hubballi-Dharwad,Fraud,17,4,31,1.98,5
2026-04-17 17:00:00,Mangaluru,Fraud,17,4,33,6.72,7
2026-04-17 17:00:00,Kalaburagi,Assault,17,4,35,2.01,5
2026-04-17 18:00:00,Udupi,Assault,18,4,18,7.61,4
2026-04-17 18:00:00,Bengaluru Urban,Fraud,18,4,43,9.28,12
2026-04-17 19:00:00,Bengaluru Urban,Assault,19,4,33,2.51,10
2026-04-17 19:00:00,Bengaluru Urban,Burglary,19,4,17,2.94,7
2026-04-17 19:00:00,Shivamogga,Fraud,19,4,16,4.41,5
2026-04-17 20:00:00,Mysuru,Fraud,20,4,22,8.08,6
2026-04-17 20:00:00,Udupi,Assault,20,4,37,8.23,10
2026-04-17 21:00:00,Kalaburagi,Cybercrime,21,4,8,8.05,5
2026-04-17 21:00:00,Shivamogga,Fraud,21,4,32,6.63,7
2026-04-17 22:00:00,Ballari,Assault,22,4,24,3.58,8
2026-04-17 22:00:00,Udupi,Assault,22,4,22,5.82,8
2026-04-17 23:00:00,Ballari,Assault,23,4,2,6.76,5
2026-04-17 23:00:00,Shivamogga,Fraud,23,4,2,7.37,3
2026-04-18 00:00:00,Kalaburagi,Theft,0,5,34,9.16,11
2026-04-18 00:00:00,Belagavi,Fraud,0,5,20,6.78,5
2026-04-18 00:00:00,Belagavi,Burglary,0,5,16,8.55,9
2026-04-18 00:00:00,Mysuru,Fraud,0,5,40,6.89,9
2026-04-18 01:00:00,Davanagere,Theft,1,5,15,7.53,9
2026-04-18 01:00:00,Mangaluru,Fraud,1,5,29,8.69,8
2026-04-18 02:00:00,Shivamogga,Burglary,2,5,12,2.74,6
2026-04-18 02:00:00,Kalaburagi,Fraud,2,5,41,6.6,7
2026-04-18 02:00:00,Ballari,Cybercrime,2,5,28,5.75,6
2026-04-18 02:00:00,Ballari,Fraud,2,5,37,2.59,6
2026-04-18 02:00:00,Mangaluru,Theft,2,5,24,7.76,10
2026-04-18 03:00:00,Belagavi,Burglary,3,5,27,3.33,9
2026-04-18 04:00:00,Mysuru,Burglary,4,5,15,4.7,8
2026-04-18 04:00:00,Hubballi-Dharwad,Assault,4,5,31,4.76,6
2026-04-18 04:00:00,Mangaluru,Assault,4,5,9,6.39,3
2026-04-18 04:00:00,Shivamogga,Cybercrime,4,5,22,3.66,5
2026-04-18 05:00:00,Davanagere,Cybercrime,5,5,37,8.03,7
2026-04-18 06:00:00,Mysuru,Fraud,6,5,34,7.15,7
2026-04-18 07:00:00,Hubballi-Dharwad,Burglary,7,5,4,7.94,4
2026-04-18 07:00:00,Belagavi,Assault,7,5,7,6.34,2
2026-04-18 07:00:00,Davanagere,Assault,7,5,13,4.9,4
2026-04-18 07:00:00,Kalaburagi,Fraud,7,5,26,2.31,6
2026-04-18 07:00:00,Bengaluru Urban,Burglary,7,5,24,4.82,8
2026-04-18 08:00:00,Belagavi,Assault,8,5,20,7.52,6
2026-04-18 08:00:00,Davanagere,Cybercrime,8,5,37,8.61,9
2026-04-18 08:00:00,Bengaluru Urban,Assault,8,5,31,5.08,9
2026-04-18 08:00:00,Kalaburagi,Burglary,8,5,36,1.9,6
2026-04-18 09:00:00,Belagavi,Theft,9,5,24,8.79,6
2026-04-18 09:00:00,Belagavi,Fraud,9,5,25,2.04,5
2026-04-18 09:00:00,Belagavi,Cybercrime,9,5,27,5.29,4
2026-04-18 09:00:00,Ballari,Burglary,9,5,30,4.09,5
2026-04-18 10:00:00,Bengaluru Urban,Assault,10,5,35,7.5,9
2026-04-18 12:00:00,Kalaburagi,Theft,12,5,8,7.17,5
2026-04-18 13:00:00,Mysuru,Cybercrime,13,5,30,6.89,9
2026-04-18 13:00:00,Bengaluru Urban,Burglary,13,5,21,6.69,9
2026-04-18 13:00:00,Mangaluru,Burglary,13,5,41,9.23,9
2026-04-18 14:00:00,Belagavi,Assault,14,5,20,6.99,6
2026-04-18 14:00:00,Ballari,Fraud,14,5,11,3.79,3
2026-04-18 14:00:00,Shivamogga,Fraud,14,5,14,8.82,6
2026-04-18 15:00:00,Ballari,Cybercrime,15,5,15,4.92,5
2026-04-18 15:00:00,Udupi,Cybercrime,15,5,2,2.49,5
2026-04-18 15:00:00,Mysuru,Assault,15,5,5,6.06,3
2026-04-18 16:00:00,Hubballi-Dharwad,Burglary,16,5,4,1.48,1
2026-04-18 17:00:00,Udupi,Fraud,17,5,15,1.7,4
2026-04-18 18:00:00,Mangaluru,Cybercrime,18,5,27,3.73,6
2026-04-18 18:00:00,Hubballi-Dharwad,Burglary,18,5,3,6.49,3
2026-04-18 18:00:00,Ballari,Theft,18,5,5,5.19,4
2026-04-18 19:00:00,Davanagere,Cybercrime,19,5,2,6.02,3
2026-04-18 19:00:00,Kalaburagi,Assault,19,5,2,3.52,4
2026-04-18 19:00:00,Hubballi-Dharwad,Fraud,19,5,43,6.21,9
2026-04-18 19:00:00,Belagavi,Cybercrime,19,5,11,7.48,5
2026-04-18 21:00:00,Ballari,Assault,21,5,28,8.55,9
2026-04-18 21:00:00,Davanagere,Burglary,21,5,18,1.84,5
2026-04-18 21:00:00,Kalaburagi,Cybercrime,21,5,36,6.23,7
2026-04-18 21:00:00,Kalaburagi,Cybercrime,21,5,8,6.38,3
2026-04-18 21:00:00,Udupi,Fraud,21,5,16,1.72,3
2026-04-18 21:00:00,Bengaluru Urban,Fraud,21,5,17,5.52,7
2026-04-18 22:00:00,Hubballi-Dharwad,Burglary,22,5,24,8.68,6
2026-04-18 22:00:00,Kalaburagi,Assault,22,5,2,7.19,6
2026-04-18 23:00:00,Kalaburagi,Fraud,23,5,37,6.45,6
2026-04-19 00:00:00,Mangaluru,Fraud,0,6,28,8.97,6
2026-04-19 00:00:00,Shivamogga,Assault,0,6,10,5.93,4
2026-04-19 00:00:00,Ballari,Assault,0,6,7,3.88,4
2026-04-19 01:00:00,Kalaburagi,Burglary,1,6,43,8.97,12
2026-04-19 01:00:00,Hubballi-Dharwad,Cybercrime,1,6,29,3.2,6
2026-04-19 01:00:00,Udupi,Fraud,1,6,16,8.56,6
2026-04-19 01:00:00,Mysuru,Cybercrime,1,6,22,7.95,7
2026-04-19 02:00:00,Kalaburagi,Fraud,2,6,39,5.27,8
2026-04-19 02:00:00,Ballari,Theft,2,6,30,7.77,11
2026-04-19 02:00:00,Davanagere,Assault,2,6,14,3.51,5
2026-04-19 03:00:00,Belagavi,Burglary,3,6,4,4.38,7
2026-04-19 03:00:00,Ballari,Cybercrime,3,6,21,9.25,6
2026-04-19 03:00:00,Mangaluru,Assault,3,6,41,6.75,7
2026-04-19 03:00:00,Belagavi,Burglary,3,6,2,3.9,6
2026-04-19 04:00:00,Kalaburagi,Burglary,4,6,7,2.79,6
2026-04-19 04:00:00,Shivamogga,Burglary,4,6,38,3.69,9
2026-04-19 04:00:00,Bengaluru Urban,Cybercrime,4,6,20,9.27,8
2026-04-19 04:00:00,Hubballi-Dharwad,Theft,4,6,42,3.9,11
2026-04-19 04:00:00,Davanagere,Theft,4,6,7,5.09,5
2026-04-19 05:00:00,Belagavi,Burglary,5,6,35,9.25,10
2026-04-19 06:00:00,Shivamogga,Theft,6,6,18,3.13,4
2026-04-19 06:00:00,Udupi,Cybercrime,6,6,30,9.47,8
2026-04-19 07:00:00,Bengaluru Urban,Assault,7,6,31,2.04,9
2026-04-19 07:00:00,Bengaluru Urban,Theft,7,6,43,1.77,9
2026-04-19 08:00:00,Mangaluru,Fraud,8,6,22,5.25,4
2026-04-19 08:00:00,Kalaburagi,Cybercrime,8,6,25,3.13,3
2026-04-19 08:00:00,Shivamogga,Assault,8,6,26,8.38,5
2026-04-19 08:00:00,Shivamogga,Assault,8,6,36,7.82,8
2026-04-19 08:00:00,Mysuru,Burglary,8,6,6,8.6,4
2026-04-19 09:00:00,Udupi,Fraud,9,6,21,7.29,7
2026-04-19 10:00:00,Mangaluru,Assault,10,6,33,8.02,7
2026-04-19 10:00:00,Mysuru,Assault,10,6,13,2.62,3
2026-04-19 10:00:00,Mangaluru,Fraud,10,6,28,1.37,6
2026-04-19 10:00:00,Mysuru,Cybercrime,10,6,11,4.96,6
2026-04-19 11:00:00,Udupi,Burglary,11,6,26,1.97,3
2026-04-19 11:00:00,Bengaluru Urban,Fraud,11,6,15,4.11,7
2026-04-19 12:00:00,Mangaluru,Burglary,12,6,41,8.89,8
2026-04-19 12:00:00,Shivamogga,Fraud,12,6,10,3.78,4
2026-04-19 13:00:00,Mysuru,Cybercrime,13,6,25,6.13,9
2026-04-19 13:00:00,Belagavi,Cybercrime,13,6,17,1.61,7
2026-04-19 13:00:00,Mangaluru,Burglary,13,6,12,7.83,6
2026-04-19 13:00:00,Kalaburagi,Fraud,13,6,17,2.37,4
2026-04-19 13:00:00,Mysuru,Assault,13,6,13,8.72,4
2026-04-19 13:00:00,Bengaluru Urban,Assault,13,6,14,1.61,6
2026-04-19 15:00:00,Kalaburagi,Theft,15,6,16,8.68,5
2026-04-19 15:00:00,Kalaburagi,Fraud,15,6,14,4.58,4
2026-04-19 15:00:00,Belagavi,Fraud,15,6,27,2.92,5
2026-04-19 17:00:00,Shivamogga,Fraud,17,6,25,2.37,4
2026-04-19 17:00:00,Mangaluru,Theft,17,6,6,9.04,5
2026-04-19 17:00:00,Ballari,Cybercrime,17,6,4,3.75,3
2026-04-19 17:00:00,Shivamogga,Cybercrime,17,6,2,5.76,2
2026-04-19 18:00:00,Kalaburagi,Burglary,18,6,9,2.39,4
2026-04-19 18:00:00,Udupi,Theft,18,6,42,4.93,7
2026-04-19 18:00:00,Kalaburagi,Fraud,18,6,2,2.81,2
2026-04-19 19:00:00,Mysuru,Fraud,19,6,26,8.36,7
2026-04-19 20:00:00,Bengaluru Urban,Fraud,20,6,37,6.16,11
2026-04-19 20:00:00,Mysuru,Cybercrime,20,6,39,3.53,7
2026-04-19 20:00:00,Belagavi,Cybercrime,20,6,41,3.06,6
2026-04-19 21:00:00,Ballari,Burglary,21,6,16,2.46,4
2026-04-19 21:00:00,Ballari,Cybercrime,21,6,37,2.34,7
2026-04-19 22:00:00,Ballari,Fraud,22,6,19,1.95,4
2026-04-19 22:00:00,Hubballi-Dharwad,Theft,22,6,11,3.43,3
2026-04-19 22:00:00,Shivamogga,Assault,22,6,8,1.37,6
2026-04-19 22:00:00,Kalaburagi,Theft,22,6,9,5.8,3
2026-04-19 22:00:00,Shivamogga,Burglary,22,6,5,5.55,4
2026-04-19 23:00:00,Bengaluru Urban,Burglary,23,6,24,8.67,10
2026-04-19 23:00:00,Ballari,Assault,23,6,20,1.59,6
2026-04-19 23:00:00,Belagavi,Fraud,23,6,35,4.13,7
2026-04-19 23:00:00,Hubballi-Dharwad,Cybercrime,23,6,17,2.27,4
2026-04-20 01:00:00,Mysuru,Assault,1,0,21,1.66,5
2026-04-20 01:00:00,Mangaluru,Burglary,1,0,20,2.79,5
2026-04-20 02:00:00,Mysuru,Cybercrime,2,0,5,5.87,3
2026-04-20 02:00:00,Kalaburagi,Burglary,2,0,7,1.79,4
2026-04-20 02:00:00,Bengaluru Urban,Assault,2,0,20,1.67,6
2026-04-20 02:00:00,Shivamogga,Theft,2,0,3,6.61,6
2026-04-20 02:00:00,Belagavi,Theft,2,0,22,5.49,7
2026-04-20 02:00:00,Mangaluru,Theft,2,0,35,3.01,8
2026-04-20 02:00:00,Kalaburagi,Burglary,2,0,10,4.08,5
2026-04-20 03:00:00,Shivamogga,Cybercrime,3,0,26,7.77,6
2026-04-20 03:00:00,Shivamogga,Theft,3,0,41,5.83,10
2026-04-20 03:00:00,Shivamogga,Burglary,3,0,22,2.83,6
2026-04-20 03:00:00,Shivamogga,Fraud,3,0,15,1.6,4
2026-04-20 05:00:00,Kalaburagi,Fraud,5,0,9,2.81,2
2026-04-20 06:00:00,Bengaluru Urban,Burglary,6,0,37,6.07,10
2026-04-20 07:00:00,Davanagere,Fraud,7,0,8,5.28,3
2026-04-20 08:00:00,Mysuru,Fraud,8,0,15,5.68,3
2026-04-20 08:00:00,Hubballi-Dharwad,Burglary,8,0,8,7.67,5
2026-04-20 08:00:00,Kalaburagi,Burglary,8,0,21,5.95,5
2026-04-20 08:00:00,Shivamogga,Burglary,8,0,24,9.32,6
2026-04-20 08:00:00,Udupi,Cybercrime,8,0,39,8.56,9
2026-04-20 08:00:00,Shivamogga,Burglary,8,0,25,3.11,4
2026-04-20 08:00:00,Bengaluru Urban,Assault,8,0,15,3.67,5
2026-04-20 09:00:00,Mangaluru,Burglary,9,0,3,7.68,5
2026-04-20 09:00:00,Mangaluru,Theft,9,0,30,8.91,7
2026-04-20 09:00:00,Bengaluru Urban,Burglary,9,0,14,9.19,9
2026-04-20 10:00:00,Hubballi-Dharwad,Assault,10,0,13,6.76,6
2026-04-20 10:00:00,Udupi,Assault,10,0,7,4.61,3
2026-04-20 11:00:00,Hubballi-Dharwad,Theft,11,0,9,3.23,3
2026-04-20 11:00:00,Belagavi,Fraud,11,0,19,3.35,5
2026-04-20 11:00:00,Davanagere,Assault,11,0,4,9.01,5
2026-04-20 11:00:00,Mysuru,Theft,11,0,23,2.06,5
2026-04-20 12:00:00,Ballari,Theft,12,0,43,5.46,8
2026-04-20 12:00:00,Mysuru,Burglary,12,0,35,9.23,7
2026-04-20 13:00:00,Ballari,Fraud,13,0,35,4.11,6
2026-04-20 13:00:00,Ballari,Fraud,13,0,8,1.32,4
2026-04-20 14:00:00,Udupi,Cybercrime,14,0,44,9.23,11
2026-04-20 14:00:00,Davanagere,Fraud,14,0,35,7.48,7
2026-04-20 14:00:00,Udupi,Fraud,14,0,15,7.2,5
2026-04-20 15:00:00,Belagavi,Fraud,15,0,14,8.14,5
2026-04-20 16:00:00,Ballari,Theft,16,0,27,4.32,6
2026-04-20 16:00:00,Bengaluru Urban,Theft,16,0,18,5.48,9
2026-04-20 16:00:00,Hubballi-Dharwad,Assault,16,0,21,8.27,8
2026-04-20 16:00:00,Ballari,Theft,16,0,11,7.14,5
2026-04-20 17:00:00,Udupi,Theft,17,0,18,2.14,5
2026-04-20 17:00:00,Mangaluru,Cybercrime,17,0,44,6.14,8
2026-04-20 18:00:00,Ballari,Assault,18,0,3,9.42,5
2026-04-20 19:00:00,Mangaluru,Burglary,19,0,2,6.26,2
2026-04-20 19:00:00,Hubballi-Dharwad,Assault,19,0,2,7.35,6
2026-04-20 20:00:00,Ballari,Fraud,20,0,7,4.91,3
2026-04-20 21:00:00,Mangaluru,Assault,21,0,36,3.97,9
2026-04-20 21:00:00,Mangaluru,Theft,21,0,23,8.39,6
2026-04-20 23:00:00,Belagavi,Theft,23,0,18,6.05,6
2026-04-20 23:00:00,Udupi,Theft,23,0,11,2.87,2
2026-04-21 00:00:00,Bengaluru Urban,Theft,0,1,22,8.26,11
2026-04-21 00:00:00,Kalaburagi,Theft,0,1,6,3.35,6
2026-04-21 01:00:00,Mysuru,Fraud,1,1,6,8.75,4
2026-04-21 01:00:00,Mysuru,Fraud,1,1,2,6.79,3
2026-04-21 01:00:00,Bengaluru Urban,Burglary,1,1,25,1.72,10
2026-04-21 02:00:00,Ballari,Burglary,2,1,39,8.12,12
2026-04-21 02:00:00,Ballari,Theft,2,1,34,6.26,9
2026-04-21 02:00:00,Mysuru,Fraud,2,1,29,6.09,7
2026-04-21 02:00:00,Ballari,Burglary,2,1,10,6.02,8
2026-04-21 02:00:00,Shivamogga,Burglary,2,1,14,7.14,8
2026-04-21 02:00:00,Hubballi-Dharwad,Theft,2,1,33,2.1,10
2026-04-21 03:00:00,Mysuru,Fraud,3,1,23,6.9,6
2026-04-21 03:00:00,Udupi,Fraud,3,1,22,7.92,6
2026-04-21 04:00:00,Hubballi-Dharwad,Fraud,4,1,11,9.37,5
2026-04-21 04:00:00,Ballari,Fraud,4,1,7,5.73,5
2026-04-21 04:00:00,Shivamogga,Fraud,4,1,26,1.99,5
2026-04-21 05:00:00,Belagavi,Theft,5,1,8,6.91,8
2026-04-21 05:00:00,Ballari,Fraud,5,1,39,4.39,8
2026-04-21 06:00:00,Belagavi,Burglary,6,1,37,3.67,7
2026-04-21 06:00:00,Hubballi-Dharwad,Theft,6,1,23,7.42,6
2026-04-21 06:00:00,Mangaluru,Assault,6,1,14,5.99,4
2026-04-21 07:00:00,Mangaluru,Cybercrime,7,1,42,9.46,10
2026-04-21 07:00:00,Kalaburagi,Fraud,7,1,25,1.21,4
2026-04-21 08:00:00,Ballari,Theft,8,1,21,8.17,6
2026-04-21 08:00:00,Ballari,Assault,8,1,16,8.35,6
2026-04-21 08:00:00,Mysuru,Theft,8,1,40,8.56,10
2026-04-21 08:00:00,Bengaluru Urban,Fraud,8,1,4,8.76,7
2026-04-21 10:00:00,Mangaluru,Burglary,10,1,2,4.02,4
2026-04-21 10:00:00,Shivamogga,Burglary,10,1,36,5.61,7
2026-04-21 11:00:00,Ballari,Assault,11,1,32,7.9,6
2026-04-21 13:00:00,Udupi,Theft,13,1,24,9.25,7
2026-04-21 13:00:00,Davanagere,Cybercrime,13,1,35,4.77,10
2026-04-21 13:00:00,Udupi,Assault,13,1,10,1.68,3
2026-04-21 14:00:00,Bengaluru Urban,Assault,14,1,11,8.39,7
2026-04-21 14:00:00,Bengaluru Urban,Fraud,14,1,38,6.1,11
2026-04-21 15:00:00,Ballari,Burglary,15,1,11,6.56,5
2026-04-21 15:00:00,Ballari,Theft,15,1,21,2.33,4
2026-04-21 15:00:00,Mysuru,Fraud,15,1,10,5.21,3
2026-04-21 16:00:00,Belagavi,Assault,16,1,22,6.75,6
2026-04-21 17:00:00,Shivamogga,Burglary,17,1,12,5.87,4
2026-04-21 18:00:00,Udupi,Assault,18,1,26,8.77,7
2026-04-21 18:00:00,Kalaburagi,Theft,18,1,39,7.75,9
2026-04-21 18:00:00,Ballari,Fraud,18,1,43,5.58,7
2026-04-21 19:00:00,Kalaburagi,Cybercrime,19,1,23,7.02,6
2026-04-21 19:00:00,Shivamogga,Fraud,19,1,30,4.21,7
2026-04-21 20:00:00,Mangaluru,Burglary,20,1,27,6.24,6
2026-04-21 20:00:00,Bengaluru Urban,Assault,20,1,39,6.45,12
2026-04-21 21:00:00,Davanagere,Fraud,21,1,15,3.33,2
2026-04-21 21:00:00,Belagavi,Theft,21,1,27,1.43,6
2026-04-21 21:00:00,Bengaluru Urban,Burglary,21,1,29,3.38,9
2026-04-21 21:00:00,Udupi,Assault,21,1,32,8.74,10
2026-04-21 23:00:00,Davanagere,Cybercrime,23,1,14,1.71,5
2026-04-21 23:00:00,Ballari,Theft,23,1,28,1.67,6
2026-04-21 23:00:00,Shivamogga,Fraud,23,1,38,1.34,6
2026-04-22 00:00:00,Udupi,Burglary,0,2,9,2.95,5
2026-04-22 01:00:00,Mysuru,Burglary,1,2,26,4.64,9
2026-04-22 01:00:00,Hubballi-Dharwad,Theft,1,2,9,8.97,7
2026-04-22 02:00:00,Mysuru,Theft,2,2,10,1.24,6
2026-04-22 02:00:00,Hubballi-Dharwad,Fraud,2,2,34,3.73,7
2026-04-22 02:00:00,Hubballi-Dharwad,Theft,2,2,27,6.89,10
2026-04-22 02:00:00,Kalaburagi,Burglary,2,2,34,8.14,10
2026-04-22 03:00:00,Belagavi,Burglary,3,2,8,1.61,4
2026-04-22 03:00:00,Hubballi-Dharwad,Fraud,3,2,37,8.19,9
2026-04-22 03:00:00,Udupi,Burglary,3,2,36,9.14,12
2026-04-22 04:00:00,Mangaluru,Fraud,4,2,18,1.32,3
2026-04-22 04:00:00,Udupi,Assault,4,2,36,7.89,9
2026-04-22 04:00:00,Bengaluru Urban,Theft,4,2,35,1.67,11
2026-04-22 05:00:00,Davanagere,Theft,5,2,14,4.2,6
2026-04-22 05:00:00,Davanagere,Fraud,5,2,19,8.01,6
2026-04-22 05:00:00,Udupi,Burglary,5,2,24,7.39,10
2026-04-22 06:00:00,Ballari,Burglary,6,2,5,9.42,4
2026-04-22 06:00:00,Davanagere,Cybercrime,6,2,43,6.64,9
2026-04-22 06:00:00,Shivamogga,Assault,6,2,2,2.12,1
2026-04-22 07:00:00,Ballari,Burglary,7,2,38,2.16,6
2026-04-22 07:00:00,Bengaluru Urban,Theft,7,2,25,6.63,9
2026-04-22 07:00:00,Mysuru,Burglary,7,2,2,8.45,3
2026-04-22 09:00:00,Shivamogga,Theft,9,2,31,5.64,5
2026-04-22 09:00:00,Mangaluru,Fraud,9,2,42,8.81,7
2026-04-22 10:00:00,Bengaluru Urban,Burglary,10,2,7,1.31,5
2026-04-22 10:00:00,Ballari,Theft,10,2,20,6.28,7
2026-04-22 11:00:00,Ballari,Assault,11,2,31,8.08,7
2026-04-22 11:00:00,Hubballi-Dharwad,Assault,11,2,11,7.74,5
2026-04-22 11:00:00,Ballari,Theft,11,2,26,7.78,6
2026-04-22 12:00:00,Bengaluru Urban,Burglary,12,2,44,8.16,9
2026-04-22 13:00:00,Shivamogga,Cybercrime,13,2,20,5.13,8
2026-04-22 14:00:00,Udupi,Fraud,14,2,7,8.4,4
2026-04-22 14:00:00,Belagavi,Cybercrime,14,2,14,6.63,8
2026-04-22 15:00:00,Kalaburagi,Theft,15,2,18,3.43,6
2026-04-22 15:00:00,Mysuru,Assault,15,2,42,2.89,7
2026-04-22 16:00:00,Mangaluru,Assault,16,2,29,6.69,7
2026-04-22 17:00:00,Bengaluru Urban,Assault,17,2,6,2.27,6
2026-04-22 17:00:00,Bengaluru Urban,Assault,17,2,18,3.5,8
2026-04-22 17:00:00,Udupi,Fraud,17,2,21,1.24,4
2026-04-22 18:00:00,Mysuru,Burglary,18,2,17,1.7,3
2026-04-22 18:00:00,Hubballi-Dharwad,Theft,18,2,19,7.37,7
2026-04-22 19:00:00,Hubballi-Dharwad,Fraud,19,2,23,4.33,4
2026-04-22 19:00:00,Bengaluru Urban,Cybercrime,19,2,13,3.18,6
2026-04-22 20:00:00,Bengaluru Urban,Burglary,20,2,32,9.1,11
2026-04-22 22:00:00,Ballari,Burglary,22,2,32,9.26,9
2026-04-22 22:00:00,Udupi,Theft,22,2,33,6.81,7
2026-04-22 22:00:00,Shivamogga,Theft,22,2,30,2.87,5
2026-04-22 23:00:00,Bengaluru Urban,Fraud,23,2,8,2.46,6
2026-04-22 23:00:00,Mysuru,Burglary,23,2,40,3.48,8
2026-04-23 00:00:00,Belagavi,Assault,0,3,44,6.35,8
2026-04-23 00:00:00,Mysuru,Assault,0,3,41,2.6,7
2026-04-23 01:00:00,Mangaluru,Burglary,1,3,14,7.97,8
2026-04-23 01:00:00,Belagavi,Assault,1,3,19,3.29,5
2026-04-23 01:00:00,Mangaluru,Burglary,1,3,6,3.81,6
2026-04-23 02:00:00,Shivamogga,Theft,2,3,10,5.29,8
2026-04-23 04:00:00,Davanagere,Burglary,4,3,17,4.89,7
2026-04-23 04:00:00,Davanagere,Assault,4,3,17,1.58,2
2026-04-23 05:00:00,Bengaluru Urban,Cybercrime,5,3,41,8.24,11
2026-04-23 05:00:00,Davanagere,Assault,5,3,32,5.96,6
2026-04-23 06:00:00,Udupi,Theft,6,3,39,9.18,7
2026-04-23 06:00:00,Bengaluru Urban,Cybercrime,6,3,18,8.6,9
2026-04-23 06:00:00,Shivamogga,Fraud,6,3,5,1.33,3
2026-04-23 06:00:00,Belagavi,Assault,6,3,16,4.77,5
2026-04-23 07:00:00,Bengaluru Urban,Fraud,7,3,38,4.96,10
2026-04-23 07:00:00,Hubballi-Dharwad,Cybercrime,7,3,15,8.72,4
2026-04-23 08:00:00,Shivamogga,Burglary,8,3,32,9.27,9
2026-04-23 08:00:00,Mangaluru,Assault,8,3,23,7.15,6
2026-04-23 08:00:00,Shivamogga,Cybercrime,8,3,10,8.25,3
2026-04-23 08:00:00,Davanagere,Theft,8,3,22,6.04,5
2026-04-23 09:00:00,Mysuru,Assault,9,3,8,5.44,4
2026-04-23 11:00:00,Belagavi,Fraud,11,3,9,7.59,5
2026-04-23 11:00:00,Hubballi-Dharwad,Burglary,11,3,35,5.42,7
2026-04-23 11:00:00,Mangaluru,Theft,11,3,43,5.41,7
2026-04-23 11:00:00,Ballari,Assault,11,3,15,2.11,3
2026-04-23 12:00:00,Kalaburagi,Assault,12,3,43,8.86,9
2026-04-23 12:00:00,Udupi,Cybercrime,12,3,37,4.3,10
2026-04-23 12:00:00,Shivamogga,Burglary,12,3,3,4.03,1
2026-04-23 12:00:00,Mangaluru,Theft,12,3,22,2.2,4
2026-04-23 13:00:00,Belagavi,Theft,13,3,40,3.95,7
2026-04-23 13:00:00,Ballari,Fraud,13,3,4,4.28,2
2026-04-23 14:00:00,Bengaluru Urban,Fraud,14,3,19,9.02,8
2026-04-23 14:00:00,Hubballi-Dharwad,Cybercrime,14,3,25,8.72,10
2026-04-23 15:00:00,Belagavi,Theft,15,3,29,4.97,6
2026-04-23 15:00:00,Mysuru,Fraud,15,3,32,6.69,6
2026-04-23 15:00:00,Hubballi-Dharwad,Fraud,15,3,8,3.87,3
2026-04-23 16:00:00,Mangaluru,Burglary,16,3,21,8.19,7
2026-04-23 16:00:00,Davanagere,Fraud,16,3,5,4.14,3
2026-04-23 17:00:00,Belagavi,Cybercrime,17,3,10,6.07,3
2026-04-23 17:00:00,Ballari,Burglary,17,3,43,5.3,7
2026-04-23 17:00:00,Belagavi,Burglary,17,3,41,1.44,5
2026-04-23 18:00:00,Belagavi,Fraud,18,3,4,5.72,4
2026-04-23 19:00:00,Belagavi,Assault,19,3,31,7.2,8
2026-04-23 20:00:00,Mysuru,Fraud,20,3,25,1.87,4
2026-04-23 20:00:00,Mysuru,Cybercrime,20,3,6,4.64,3
2026-04-23 20:00:00,Ballari,Burglary,20,3,33,2.67,6
2026-04-23 20:00:00,Ballari,Assault,20,3,15,4.87,6
2026-04-23 21:00:00,Bengaluru Urban,Burglary,21,3,42,3.37,9
2026-04-23 22:00:00,Shivamogga,Cybercrime,22,3,6,3.29,2
2026-04-23 23:00:00,Mangaluru,Fraud,23,3,34,3.44,5
2026-04-23 23:00:00,Belagavi,Assault,23,3,36,7.06,9
2026-04-23 23:00:00,Kalaburagi,Cybercrime,23,3,13,7.54,4
2026-04-24 00:00:00,Udupi,Cybercrime,0,4,8,5.88,5
2026-04-24 01:00:00,Hubballi-Dharwad,Fraud,1,4,38,7.85,7
2026-04-24 02:00:00,Belagavi,Fraud,2,4,36,9.37,9
2026-04-24 02:00:00,Belagavi,Burglary,2,4,23,6.39,9
2026-04-24 02:00:00,Belagavi,Cybercrime,2,4,30,1.75,6
2026-04-24 02:00:00,Kalaburagi,Assault,2,4,20,2.39,4
2026-04-24 02:00:00,Hubballi-Dharwad,Cybercrime,2,4,6,7.75,4
2026-04-24 03:00:00,Ballari,Assault,3,4,42,4.57,7
2026-04-24 05:00:00,Mysuru,Cybercrime,5,4,36,2.39,8
2026-04-24 06:00:00,Davanagere,Cybercrime,6,4,4,8.88,5
2026-04-24 06:00:00,Bengaluru Urban,Fraud,6,4,40,6.76,10
2026-04-24 06:00:00,Shivamogga,Assault,6,4,26,2.78,5
2026-04-24 07:00:00,Mysuru,Cybercrime,7,4,27,2.31,4
2026-04-24 07:00:00,Mangaluru,Burglary,7,4,2,6.17,4
2026-04-24 07:00:00,Hubballi-Dharwad,Cybercrime,7,4,27,7.18,6
2026-04-24 08:00:00,Mangaluru,Burglary,8,4,7,7.42,3
2026-04-24 09:00:00,Mysuru,Fraud,9,4,44,2.33,8
2026-04-24 09:00:00,Mangaluru,Fraud,9,4,37,2.19,6
2026-04-24 09:00:00,Kalaburagi,Assault,9,4,30,4.0,6
2026-04-24 10:00:00,Kalaburagi,Theft,10,4,3,1.78,2
2026-04-24 11:00:00,Kalaburagi,Fraud,11,4,19,3.23,5
2026-04-24 11:00:00,Ballari,Theft,11,4,31,1.58,5
2026-04-24 12:00:00,Ballari,Burglary,12,4,30,5.57,6
2026-04-24 12:00:00,Ballari,Cybercrime,12,4,26,5.04,9
2026-04-24 12:00:00,Ballari,Fraud,12,4,30,2.39,4
2026-04-24 12:00:00,Udupi,Burglary,12,4,35,1.5,5
2026-04-24 13:00:00,Kalaburagi,Assault,13,4,24,8.09,6
2026-04-24 13:00:00,Ballari,Cybercrime,13,4,25,5.38,8
2026-04-24 13:00:00,Ballari,Fraud,13,4,17,5.45,5
2026-04-24 13:00:00,Hubballi-Dharwad,Cybercrime,13,4,20,4.8,8
2026-04-24 13:00:00,Belagavi,Assault,13,4,4,4.73,2
2026-04-24 14:00:00,Ballari,Theft,14,4,17,8.38,5
2026-04-24 15:00:00,Davanagere,Theft,15,4,43,1.66,6
2026-04-24 15:00:00,Kalaburagi,Fraud,15,4,11,8.05,4
2026-04-24 15:00:00,Mangaluru,Assault,15,4,14,3.1,3
2026-04-24 15:00:00,Mangaluru,Cybercrime,15,4,42,1.37,9
2026-04-24 15:00:00,Davanagere,Cybercrime,15,4,25,6.04,8
2026-04-24 16:00:00,Ballari,Burglary,16,4,42,2.54,7
2026-04-24 16:00:00,Belagavi,Cybercrime,16,4,25,2.66,7
2026-04-24 16:00:00,Mangaluru,Assault,16,4,32,6.54,5
2026-04-24 16:00:00,Kalaburagi,Assault,16,4,33,6.98,9
2026-04-24 17:00:00,Davanagere,Assault,17,4,34,3.28,6
2026-04-24 19:00:00,Mysuru,Fraud,19,4,24,4.46,5
2026-04-24 19:00:00,Mangaluru,Burglary,19,4,3,3.82,3
2026-04-24 20:00:00,Mysuru,Cybercrime,20,4,26,3.38,4
2026-04-24 20:00:00,Davanagere,Theft,20,4,37,2.72,7
2026-04-24 21:00:00,Hubballi-Dharwad,Cybercrime,21,4,10,3.72,2
2026-04-24 21:00:00,Ballari,Cybercrime,21,4,9,8.5,5
2026-04-24 21:00:00,Belagavi,Fraud,21,4,28,9.41,6
2026-04-24 22:00:00,Belagavi,Fraud,22,4,3,5.99,3
2026-04-24 23:00:00,Udupi,Theft,23,4,19,7.38,6
2026-04-24 23:00:00,Shivamogga,Fraud,23,4,7,5.62,3
2026-04-24 23:00:00,Hubballi-Dharwad,Assault,23,4,14,8.3,7
2026-04-25 00:00:00,Shivamogga,Burglary,0,5,39,9.49,11
2026-04-25 00:00:00,Davanagere,Assault,0,5,42,1.45,8
2026-04-25 00:00:00,Ballari,Burglary,0,5,36,6.28,10
2026-04-25 00:00:00,Mangaluru,Burglary,0,5,29,3.97,9
2026-04-25 01:00:00,Udupi,Assault,1,5,32,1.96,5
2026-04-25 03:00:00,Mysuru,Theft,3,5,25,5.82,8
2026-04-25 03:00:00,Belagavi,Theft,3,5,26,8.08,9
2026-04-25 03:00:00,Kalaburagi,Assault,3,5,38,4.56,6
2026-04-25 03:00:00,Mangaluru,Assault,3,5,4,2.02,1
2026-04-25 03:00:00,Mysuru,Fraud,3,5,9,4.98,5
2026-04-25 04:00:00,Mysuru,Assault,4,5,43,9.26,8
2026-04-25 04:00:00,Kalaburagi,Cybercrime,4,5,26,5.52,4
2026-04-25 05:00:00,Bengaluru Urban,Burglary,5,5,32,8.08,14
2026-04-25 05:00:00,Bengaluru Urban,Fraud,5,5,44,6.81,12
2026-04-25 06:00:00,Davanagere,Theft,6,5,13,4.16,3
2026-04-25 06:00:00,Shivamogga,Cybercrime,6,5,39,3.79,6
2026-04-25 06:00:00,Mysuru,Burglary,6,5,6,1.39,1
2026-04-25 06:00:00,Hubballi-Dharwad,Cybercrime,6,5,37,2.07,7
2026-04-25 06:00:00,Shivamogga,Burglary,6,5,13,5.78,4
2026-04-25 07:00:00,Ballari,Assault,7,5,27,8.74,7
2026-04-25 07:00:00,Shivamogga,Burglary,7,5,3,5.79,3
2026-04-25 07:00:00,Ballari,Fraud,7,5,32,3.02,6
2026-04-25 07:00:00,Belagavi,Cybercrime,7,5,33,3.66,7
2026-04-25 07:00:00,Bengaluru Urban,Burglary,7,5,28,5.61,9
2026-04-25 07:00:00,Hubballi-Dharwad,Cybercrime,7,5,20,5.17,5
2026-04-25 08:00:00,Kalaburagi,Cybercrime,8,5,9,3.42,3
2026-04-25 08:00:00,Mangaluru,Theft,8,5,43,4.99,8
2026-04-25 08:00:00,Belagavi,Theft,8,5,25,1.6,5
2026-04-25 08:00:00,Kalaburagi,Cybercrime,8,5,7,5.44,4
2026-04-25 08:00:00,Bengaluru Urban,Fraud,8,5,40,5.03,12
2026-04-25 09:00:00,Davanagere,Burglary,9,5,7,7.09,3
2026-04-25 09:00:00,Mangaluru,Fraud,9,5,21,4.95,5
2026-04-25 10:00:00,Ballari,Fraud,10,5,23,9.44,7
2026-04-25 10:00:00,Bengaluru Urban,Fraud,10,5,44,1.73,9
2026-04-25 10:00:00,Belagavi,Cybercrime,10,5,4,7.41,5
2026-04-25 10:00:00,Mysuru,Fraud,10,5,25,8.16,5
2026-04-25 11:00:00,Shivamogga,Assault,11,5,20,5.14,5
2026-04-25 11:00:00,Hubballi-Dharwad,Cybercrime,11,5,36,2.38,9
2026-04-25 12:00:00,Belagavi,Fraud,12,5,28,8.72,7
2026-04-25 12:00:00,Udupi,Theft,12,5,29,7.64,7
2026-04-25 12:00:00,Kalaburagi,Fraud,12,5,39,6.24,7
2026-04-25 12:00:00,Mysuru,Fraud,12,5,28,1.74,5
2026-04-25 13:00:00,Hubballi-Dharwad,Burglary,13,5,30,4.27,6
2026-04-25 13:00:00,Shivamogga,Cybercrime,13,5,10,3.98,6
2026-04-25 13:00:00,Mangaluru,Fraud,13,5,32,3.63,5
2026-04-25 16:00:00,Davanagere,Fraud,16,5,15,4.35,6
2026-04-25 17:00:00,Mangaluru,Theft,17,5,16,8.32,5
2026-04-25 17:00:00,Bengaluru Urban,Burglary,17,5,40,3.02,12
2026-04-25 17:00:00,Shivamogga,Cybercrime,17,5,3,2.21,2
2026-04-25 18:00:00,Bengaluru Urban,Assault,18,5,5,6.54,7
2026-04-25 18:00:00,Mysuru,Fraud,18,5,41,3.25,7
2026-04-25 19:00:00,Kalaburagi,Assault,19,5,40,7.15,11
2026-04-25 20:00:00,Mangaluru,Burglary,20,5,18,4.24,4
2026-04-25 21:00:00,Bengaluru Urban,Burglary,21,5,12,6.98,8
2026-04-25 21:00:00,Bengaluru Urban,Assault,21,5,20,3.35,10
2026-04-25 22:00:00,Hubballi-Dharwad,Cybercrime,22,5,23,2.06,4
2026-04-25 22:00:00,Bengaluru Urban,Cybercrime,22,5,33,7.74,11
2026-04-25 22:00:00,Ballari,Cybercrime,22,5,17,1.72,3
2026-04-25 23:00:00,Udupi,Theft,23,5,36,3.5,6
2026-04-25 23:00:00,Hubballi-Dharwad,Fraud,23,5,22,2.26,4
2026-04-26 00:00:00,Mysuru,Cybercrime,0,6,3,7.62,4
2026-04-26 00:00:00,Mysuru,Fraud,0,6,33,1.22,6
2026-04-26 00:00:00,Bengaluru Urban,Fraud,0,6,38,3.72,10
2026-04-26 00:00:00,Mysuru,Fraud,0,6,27,3.14,4
2026-04-26 00:00:00,Kalaburagi,Cybercrime,0,6,30,7.06,6
2026-04-26 01:00:00,Kalaburagi,Cybercrime,1,6,8,1.89,3
2026-04-26 01:00:00,Belagavi,Burglary,1,6,31,5.77,10
2026-04-26 01:00:00,Bengaluru Urban,Fraud,1,6,13,8.28,9
2026-04-26 01:00:00,Davanagere,Theft,1,6,9,1.76,4
2026-04-26 04:00:00,Ballari,Theft,4,6,22,7.62,8
2026-04-26 04:00:00,Belagavi,Theft,4,6,40,8.99,11
2026-04-26 04:00:00,Shivamogga,Fraud,4,6,13,9.36,6
2026-04-26 04:00:00,Bengaluru Urban,Assault,4,6,35,7.45,11
2026-04-26 04:00:00,Hubballi-Dharwad,Assault,4,6,22,8.57,5
2026-04-26 05:00:00,Mangaluru,Burglary,5,6,39,2.08,9
2026-04-26 05:00:00,Udupi,Cybercrime,5,6,8,3.94,1
2026-04-26 06:00:00,Belagavi,Theft,6,6,29,3.6,6
2026-04-26 06:00:00,Ballari,Burglary,6,6,15,8.81,5
2026-04-26 08:00:00,Davanagere,Cybercrime,8,6,13,4.29,4
2026-04-26 08:00:00,Mysuru,Cybercrime,8,6,34,8.54,7
2026-04-26 09:00:00,Mangaluru,Cybercrime,9,6,8,2.3,3
2026-04-26 09:00:00,Mysuru,Cybercrime,9,6,28,8.92,7
2026-04-26 09:00:00,Shivamogga,Theft,9,6,44,7.26,8
2026-04-26 10:00:00,Shivamogga,Fraud,10,6,14,5.84,5
2026-04-26 10:00:00,Ballari,Assault,10,6,24,2.4,4
2026-04-26 10:00:00,Mysuru,Assault,10,6,24,8.52,7
2026-04-26 11:00:00,Ballari,Assault,11,6,36,4.97,6
2026-04-26 12:00:00,Hubballi-Dharwad,Assault,12,6,9,9.11,4
2026-04-26 12:00:00,Bengaluru Urban,Burglary,12,6,10,4.89,7
2026-04-26 12:00:00,Kalaburagi,Assault,12,6,43,9.44,8
2026-04-26 13:00:00,Kalaburagi,Burglary,13,6,6,6.57,5
2026-04-26 13:00:00,Bengaluru Urban,Burglary,13,6,10,6.12,8
2026-04-26 13:00:00,Bengaluru Urban,Theft,13,6,6,3.26,6
2026-04-26 14:00:00,Mysuru,Theft,14,6,36,7.26,7
2026-04-26 14:00:00,Mangaluru,Assault,14,6,26,2.49,5
2026-04-26 15:00:00,Shivamogga,Burglary,15,6,16,2.42,4
2026-04-26 15:00:00,Davanagere,Burglary,15,6,25,6.97,6
2026-04-26 15:00:00,Mysuru,Cybercrime,15,6,24,2.94,7
2026-04-26 15:00:00,Kalaburagi,Assault,15,6,20,7.22,4
2026-04-26 15:00:00,Ballari,Fraud,15,6,31,1.88,5
2026-04-26 16:00:00,Hubballi-Dharwad,Theft,16,6,34,1.46,5
2026-04-26 18:00:00,Shivamogga,Assault,18,6,32,1.23,4
2026-04-26 18:00:00,Shivamogga,Burglary,18,6,5,9.48,4
2026-04-26 19:00:00,Kalaburagi,Burglary,19,6,30,7.07,6
2026-04-26 19:00:00,Udupi,Theft,19,6,15,7.38,4
2026-04-26 20:00:00,Mangaluru,Cybercrime,20,6,23,2.82,4
2026-04-26 21:00:00,Udupi,Fraud,21,6,28,6.52,6
2026-04-26 21:00:00,Mangaluru,Fraud,21,6,34,3.65,5
2026-04-26 22:00:00,Udupi,Cybercrime,22,6,12,7.28,6
2026-04-26 22:00:00,Mysuru,Assault,22,6,19,8.26,7
2026-04-26 23:00:00,Belagavi,Assault,23,6,11,2.42,4
2026-04-26 23:00:00,Bengaluru Urban,Cybercrime,23,6,36,1.41,10
2026-04-26 23:00:00,Bengaluru Urban,Burglary,23,6,38,3.39,10
2026-04-27 00:00:00,Kalaburagi,Burglary,0,0,37,2.37,10
2026-04-27 00:00:00,Udupi,Cybercrime,0,0,15,3.37,4
2026-04-27 00:00:00,Ballari,Theft,0,0,17,3.51,6
2026-04-27 01:00:00,Bengaluru Urban,Fraud,1,0,22,7.83,9
2026-04-27 01:00:00,Mangaluru,Theft,1,0,5,3.5,4
2026-04-27 01:00:00,Mysuru,Theft,1,0,13,2.31,6
2026-04-27 02:00:00,Bengaluru Urban,Assault,2,0,37,4.29,9
2026-04-27 02:00:00,Udupi,Theft,2,0,2,4.3,6
2026-04-27 03:00:00,Udupi,Fraud,3,0,38,8.28,9
2026-04-27 03:00:00,Mysuru,Fraud,3,0,14,5.76,6
2026-04-27 04:00:00,Udupi,Theft,4,0,29,6.45,9
2026-04-27 05:00:00,Hubballi-Dharwad,Burglary,5,0,26,3.7,7
2026-04-27 05:00:00,Mangaluru,Fraud,5,0,12,5.56,3
2026-04-27 06:00:00,Ballari,Burglary,6,0,4,7.38,3
2026-04-27 07:00:00,Kalaburagi,Theft,7,0,11,4.61,3
2026-04-27 07:00:00,Belagavi,Assault,7,0,23,6.83,6
2026-04-27 07:00:00,Ballari,Theft,7,0,18,9.26,6
2026-04-27 07:00:00,Belagavi,Burglary,7,0,29,3.32,6
2026-04-27 07:00:00,Mangaluru,Assault,7,0,33,3.36,6
2026-04-27 08:00:00,Bengaluru Urban,Assault,8,0,20,7.16,8
2026-04-27 09:00:00,Ballari,Theft,9,0,26,9.29,8
2026-04-27 09:00:00,Davanagere,Fraud,9,0,24,4.42,5
2026-04-27 10:00:00,Bengaluru Urban,Assault,10,0,15,2.43,6
2026-04-27 11:00:00,Belagavi,Burglary,11,0,12,8.18,4
2026-04-27 11:00:00,Bengaluru Urban,Theft,11,0,16,3.48,6
2026-04-27 12:00:00,Belagavi,Fraud,12,0,42,1.63,5
2026-04-27 12:00:00,Kalaburagi,Fraud,12,0,4,6.71,3
2026-04-27 12:00:00,Belagavi,Burglary,12,0,16,1.54,3
2026-04-27 14:00:00,Ballari,Assault,14,0,38,5.69,7
2026-04-27 15:00:00,Davanagere,Theft,15,0,13,8.56,4
2026-04-27 15:00:00,Mysuru,Theft,15,0,41,1.47,7
2026-04-27 16:00:00,Mysuru,Fraud,16,0,4,3.16,2
2026-04-27 17:00:00,Hubballi-Dharwad,Fraud,17,0,32,7.58,6
2026-04-27 17:00:00,Bengaluru Urban,Theft,17,0,31,2.97,8
2026-04-27 18:00:00,Shivamogga,Fraud,18,0,20,9.26,6
2026-04-27 19:00:00,Mangaluru,Assault,19,0,11,8.52,8
2026-04-27 19:00:00,Davanagere,Assault,19,0,17,2.59,6
2026-04-27 19:00:00,Davanagere,Burglary,19,0,17,5.92,6
2026-04-27 19:00:00,Shivamogga,Fraud,19,0,20,6.17,5
2026-04-27 19:00:00,Bengaluru Urban,Theft,19,0,27,1.67,7
2026-04-27 19:00:00,Kalaburagi,Fraud,19,0,12,8.67,5
2026-04-27 19:00:00,Mysuru,Assault,19,0,44,4.57,10
2026-04-27 19:00:00,Mysuru,Cybercrime,19,0,41,5.69,9
2026-04-27 20:00:00,Mangaluru,Fraud,20,0,40,2.9,7
2026-04-27 21:00:00,Belagavi,Assault,21,0,21,1.85,6
2026-04-27 22:00:00,Udupi,Burglary,22,0,5,2.05,3
2026-04-27 22:00:00,Shivamogga,Assault,22,0,26,6.28,7
2026-04-27 23:00:00,Hubballi-Dharwad,Burglary,23,0,8,8.53,4
2026-04-27 23:00:00,Mysuru,Theft,23,0,27,4.18,6
2026-04-27 23:00:00,Belagavi,Cybercrime,23,0,24,8.59,5
2026-04-28 00:00:00,Shivamogga,Assault,0,1,32,1.73,6
2026-04-28 00:00:00,Udupi,Cybercrime,0,1,38,7.43,8
2026-04-28 00:00:00,Mangaluru,Cybercrime,0,1,11,5.83,5
2026-04-28 00:00:00,Udupi,Fraud,0,1,37,3.47,6
2026-04-28 01:00:00,Mysuru,Assault,1,1,37,8.16,8
2026-04-28 01:00:00,Hubballi-Dharwad,Cybercrime,1,1,4,4.17,3
2026-04-28 01:00:00,Shivamogga,Burglary,1,1,10,2.2,6
2026-04-28 01:00:00,Hubballi-Dharwad,Fraud,1,1,40,4.41,7
2026-04-28 02:00:00,Bengaluru Urban,Cybercrime,2,1,28,4.55,8
2026-04-28 02:00:00,Hubballi-Dharwad,Fraud,2,1,13,5.25,5
2026-04-28 02:00:00,Mangaluru,Burglary,2,1,2,1.84,5
2026-04-28 03:00:00,Kalaburagi,Assault,3,1,12,5.67,4
2026-04-28 03:00:00,Shivamogga,Assault,3,1,25,4.76,6
2026-04-28 03:00:00,Mysuru,Assault,3,1,13,9.28,6
2026-04-28 04:00:00,Shivamogga,Burglary,4,1,23,4.54,7
2026-04-28 04:00:00,Kalaburagi,Burglary,4,1,7,3.69,7
2026-04-28 05:00:00,Mangaluru,Burglary,5,1,7,7.99,7
2026-04-28 05:00:00,Mysuru,Cybercrime,5,1,18,1.93,4
2026-04-28 06:00:00,Hubballi-Dharwad,Fraud,6,1,12,4.13,3
2026-04-28 06:00:00,Belagavi,Cybercrime,6,1,39,4.86,7
2026-04-28 06:00:00,Mangaluru,Theft,6,1,38,8.37,7
2026-04-28 07:00:00,Mangaluru,Burglary,7,1,43,9.44,10
2026-04-28 07:00:00,Shivamogga,Fraud,7,1,28,4.32,5
2026-04-28 08:00:00,Kalaburagi,Cybercrime,8,1,40,5.7,6
2026-04-28 08:00:00,Ballari,Cybercrime,8,1,15,8.94,5
2026-04-28 08:00:00,Kalaburagi,Cybercrime,8,1,31,2.71,5
2026-04-28 08:00:00,Bengaluru Urban,Fraud,8,1,44,6.49,13
2026-04-28 09:00:00,Davanagere,Cybercrime,9,1,10,4.63,2
2026-04-28 10:00:00,Bengaluru Urban,Cybercrime,10,1,23,5.84,12
2026-04-28 10:00:00,Kalaburagi,Burglary,10,1,38,8.77,8
2026-04-28 11:00:00,Hubballi-Dharwad,Cybercrime,11,1,10,2.38,4
2026-04-28 11:00:00,Bengaluru Urban,Fraud,11,1,34,6.05,9
2026-04-28 14:00:00,Kalaburagi,Fraud,14,1,8,1.99,1
2026-04-28 14:00:00,Hubballi-Dharwad,Burglary,14,1,40,9.09,8
2026-04-28 14:00:00,Bengaluru Urban,Theft,14,1,25,5.52,9
2026-04-28 15:00:00,Shivamogga,Burglary,15,1,23,3.58,6
2026-04-28 15:00:00,Mangaluru,Cybercrime,15,1,4,5.62,5
2026-04-28 15:00:00,Davanagere,Fraud,15,1,20,1.82,4
2026-04-28 16:00:00,Udupi,Theft,16,1,3,4.42,3
2026-04-28 16:00:00,Udupi,Fraud,16,1,30,4.6,5
2026-04-28 18:00:00,Udupi,Cybercrime,18,1,17,4.72,3
2026-04-28 19:00:00,Belagavi,Assault,19,1,4,6.61,7
2026-04-28 19:00:00,Mangaluru,Assault,19,1,44,8.6,12
2026-04-28 20:00:00,Shivamogga,Cybercrime,20,1,17,2.49,4
2026-04-28 20:00:00,Ballari,Theft,20,1,28,6.72,6
2026-04-28 20:00:00,Ballari,Burglary,20,1,38,2.19,5
2026-04-28 20:00:00,Bengaluru Urban,Burglary,20,1,10,6.98,6
2026-04-28 21:00:00,Hubballi-Dharwad,Assault,21,1,3,8.26,6
2026-04-28 21:00:00,Shivamogga,Theft,21,1,16,9.24,5
2026-04-28 22:00:00,Udupi,Theft,22,1,31,6.98,6
2026-04-28 22:00:00,Davanagere,Assault,22,1,31,5.1,7
2026-04-28 23:00:00,Ballari,Burglary,23,1,38,7.91,8
2026-04-28 23:00:00,Kalaburagi,Theft,23,1,9,2.21,3
2026-04-29 00:00:00,Davanagere,Theft,0,2,34,8.07,11
2026-04-29 01:00:00,Davanagere,Cybercrime,1,2,6,9.09,3
2026-04-29 01:00:00,Hubballi-Dharwad,Fraud,1,2,11,3.19,3
2026-04-29 01:00:00,Hubballi-Dharwad,Fraud,1,2,42,5.52,7
2026-04-29 01:00:00,Davanagere,Theft,1,2,31,1.5,9
2026-04-29 02:00:00,Kalaburagi,Fraud,2,2,43,8.09,9
2026-04-29 02:00:00,Bengaluru Urban,Burglary,2,2,4,3.28,9
2026-04-29 02:00:00,Udupi,Burglary,2,2,23,2.67,6
2026-04-29 04:00:00,Belagavi,Burglary,4,2,25,4.61,7
2026-04-29 05:00:00,Mangaluru,Assault,5,2,18,8.98,6
2026-04-29 06:00:00,Davanagere,Burglary,6,2,2,2.64,2
2026-04-29 06:00:00,Hubballi-Dharwad,Cybercrime,6,2,44,7.84,9
2026-04-29 06:00:00,Hubballi-Dharwad,Burglary,6,2,11,4.61,4
2026-04-29 06:00:00,Kalaburagi,Theft,6,2,19,3.51,4
2026-04-29 06:00:00,Hubballi-Dharwad,Cybercrime,6,2,23,7.9,7
2026-04-29 06:00:00,Mysuru,Fraud,6,2,27,3.74,5
2026-04-29 07:00:00,Mysuru,Cybercrime,7,2,16,6.45,6
2026-04-29 07:00:00,Hubballi-Dharwad,Theft,7,2,4,3.28,2
2026-04-29 07:00:00,Mysuru,Burglary,7,2,15,1.25,2
2026-04-29 08:00:00,Hubballi-Dharwad,Burglary,8,2,9,7.44,4
2026-04-29 08:00:00,Bengaluru Urban,Cybercrime,8,2,43,8.64,11
2026-04-29 09:00:00,Udupi,Assault,9,2,12,3.29,3
2026-04-29 10:00:00,Belagavi,Assault,10,2,9,3.48,3
2026-04-29 11:00:00,Shivamogga,Burglary,11,2,28,1.7,5
2026-04-29 11:00:00,Udupi,Theft,11,2,33,4.32,6
2026-04-29 11:00:00,Mangaluru,Assault,11,2,2,3.77,3
2026-04-29 11:00:00,Belagavi,Theft,11,2,29,9.22,6
2026-04-29 11:00:00,Hubballi-Dharwad,Burglary,11,2,12,6.91,4
2026-04-29 12:00:00,Kalaburagi,Theft,12,2,29,7.22,7
2026-04-29 12:00:00,Bengaluru Urban,Assault,12,2,7,2.69,6
2026-04-29 12:00:00,Belagavi,Fraud,12,2,27,2.33,4
2026-04-29 12:00:00,Davanagere,Fraud,12,2,13,6.25,4
2026-04-29 13:00:00,Kalaburagi,Theft,13,2,42,2.07,7
2026-04-29 14:00:00,Kalaburagi,Fraud,14,2,4,7.12,4
2026-04-29 14:00:00,Belagavi,Assault,14,2,22,6.99,4
2026-04-29 14:00:00,Mysuru,Fraud,14,2,5,3.96,3
2026-04-29 15:00:00,Kalaburagi,Burglary,15,2,41,8.42,9
2026-04-29 15:00:00,Davanagere,Cybercrime,15,2,11,5.75,7
2026-04-29 15:00:00,Udupi,Fraud,15,2,22,2.42,5
2026-04-29 15:00:00,Mysuru,Theft,15,2,3,2.62,1
2026-04-29 15:00:00,Udupi,Assault,15,2,29,2.87,5
2026-04-29 16:00:00,Udupi,Cybercrime,16,2,20,7.37,8
2026-04-29 16:00:00,Bengaluru Urban,Assault,16,2,43,3.23,10
2026-04-29 16:00:00,Shivamogga,Cybercrime,16,2,11,1.37,6
2026-04-29 17:00:00,Mangaluru,Assault,17,2,7,3.28,4
2026-04-29 17:00:00,Davanagere,Cybercrime,17,2,12,8.9,5
2026-04-29 17:00:00,Mangaluru,Fraud,17,2,24,6.83,7
2026-04-29 19:00:00,Ballari,Assault,19,2,4,6.9,5
2026-04-29 20:00:00,Mangaluru,Theft,20,2,35,7.8,7
2026-04-29 21:00:00,Kalaburagi,Cybercrime,21,2,24,8.72,6
2026-04-29 21:00:00,Bengaluru Urban,Burglary,21,2,2,3.07,5
2026-04-29 21:00:00,Shivamogga,Burglary,21,2,36,5.44,8
2026-04-29 22:00:00,Bengaluru Urban,Assault,22,2,4,8.18,11
2026-04-29 22:00:00,Kalaburagi,Burglary,22,2,2,3.08,3
2026-04-29 23:00:00,Bengaluru Urban,Fraud,23,2,24,4.24,8
2026-04-29 23:00:00,Mysuru,Assault,23,2,12,4.28,6
2026-04-30 01:00:00,Shivamogga,Theft,1,3,21,8.65,10
2026-04-30 01:00:00,Bengaluru Urban,Fraud,1,3,40,5.35,9
2026-04-30 01:00:00,Belagavi,Fraud,1,3,36,2.54,6
2026-04-30 01:00:00,Davanagere,Theft,1,3,28,4.46,8
2026-04-30 01:00:00,Belagavi,Burglary,1,3,26,4.3,9
2026-04-30 02:00:00,Hubballi-Dharwad,Cybercrime,2,3,30,3.22,5
2026-04-30 03:00:00,Udupi,Theft,3,3,36,6.46,10
2026-04-30 03:00:00,Kalaburagi,Burglary,3,3,20,4.41,7
2026-04-30 03:00:00,Ballari,Theft,3,3,2,7.66,6
2026-04-30 03:00:00,Mangaluru,Fraud,3,3,28,3.26,6
2026-04-30 04:00:00,Mysuru,Theft,4,3,41,3.78,9
2026-04-30 04:00:00,Bengaluru Urban,Cybercrime,4,3,44,2.7,11
2026-04-30 04:00:00,Udupi,Cybercrime,4,3,31,3.32,5
2026-04-30 05:00:00,Belagavi,Burglary,5,3,35,7.86,10
2026-04-30 05:00:00,Ballari,Cybercrime,5,3,9,7.58,5
2026-04-30 06:00:00,Kalaburagi,Assault,6,3,5,3.53,3
2026-04-30 07:00:00,Hubballi-Dharwad,Cybercrime,7,3,3,2.64,3
2026-04-30 07:00:00,Hubballi-Dharwad,Cybercrime,7,3,41,4.41,6
2026-04-30 08:00:00,Belagavi,Cybercrime,8,3,11,7.42,3
2026-04-30 09:00:00,Belagavi,Burglary,9,3,43,4.26,6
2026-04-30 09:00:00,Hubballi-Dharwad,Assault,9,3,22,3.96,4
2026-04-30 09:00:00,Mysuru,Theft,9,3,23,6.14,6
2026-04-30 10:00:00,Kalaburagi,Cybercrime,10,3,32,6.99,9
2026-04-30 10:00:00,Davanagere,Burglary,10,3,41,3.78,8
2026-04-30 11:00:00,Mangaluru,Theft,11,3,34,6.03,8
2026-04-30 12:00:00,Shivamogga,Fraud,12,3,12,7.59,4
2026-04-30 12:00:00,Mysuru,Cybercrime,12,3,7,6.0,6
2026-04-30 12:00:00,Udupi,Fraud,12,3,13,8.41,5
2026-04-30 13:00:00,Kalaburagi,Cybercrime,13,3,36,3.45,10
2026-04-30 14:00:00,Belagavi,Burglary,14,3,10,8.3,5
2026-04-30 14:00:00,Mysuru,Fraud,14,3,34,8.18,8
2026-04-30 14:00:00,Mysuru,Cybercrime,14,3,27,3.63,8
2026-04-30 14:00:00,Davanagere,Assault,14,3,32,4.61,6
2026-04-30 15:00:00,Belagavi,Cybercrime,15,3,6,3.87,6
2026-04-30 15:00:00,Belagavi,Cybercrime,15,3,21,5.92,7
2026-04-30 15:00:00,Belagavi,Cybercrime,15,3,21,1.88,7
2026-04-30 15:00:00,Belagavi,Burglary,15,3,14,6.47,4
2026-04-30 15:00:00,Ballari,Fraud,15,3,42,8.79,8
2026-04-30 17:00:00,Mangaluru,Assault,17,3,31,5.89,8
2026-04-30 17:00:00,Shivamogga,Burglary,17,3,42,6.26,8
2026-04-30 17:00:00,Bengaluru Urban,Burglary,17,3,21,3.03,8
2026-04-30 18:00:00,Udupi,Burglary,18,3,11,8.48,5
2026-04-30 19:00:00,Udupi,Fraud,19,3,19,1.9,4
2026-04-30 19:00:00,Bengaluru Urban,Burglary,19,3,30,8.64,11
2026-04-30 20:00:00,Mangaluru,Theft,20,3,13,6.64,5
2026-04-30 20:00:00,Davanagere,Fraud,20,3,36,7.73,9
2026-04-30 20:00:00,Davanagere,Theft,20,3,22,4.17,5
2026-04-30 22:00:00,Belagavi,Theft,22,3,8,4.68,3
2026-04-30 22:00:00,Mangaluru,Burglary,22,3,16,2.57,3
2026-04-30 22:00:00,Hubballi-Dharwad,Theft,22,3,38,7.31,9
2026-04-30 23:00:00,Kalaburagi,Cybercrime,23,3,31,1.48,6
2026-04-30 23:00:00,Davanagere,Burglary,23,3,37,2.28,6
2026-04-30 23:00:00,Shivamogga,Assault,23,3,22,7.17,7
2026-04-30 23:00:00,Kalaburagi,Fraud,23,3,18,7.91,6
2026-05-01 00:00:00,Ballari,Cybercrime,0,4,9,2.63,2
2026-05-01 01:00:00,Kalaburagi,Burglary,1,4,5,8.39,9
2026-05-01 01:00:00,Mangaluru,Assault,1,4,41,2.42,7
2026-05-01 01:00:00,Ballari,Cybercrime,1,4,30,9.24,7
2026-05-01 01:00:00,Bengaluru Urban,Assault,1,4,20,2.78,6
2026-05-01 01:00:00,Shivamogga,Assault,1,4,35,5.21,7
2026-05-01 02:00:00,Mysuru,Burglary,2,4,39,6.78,12
2026-05-01 03:00:00,Shivamogga,Fraud,3,4,2,3.08,3
2026-05-01 03:00:00,Belagavi,Theft,3,4,32,1.89,8
2026-05-01 03:00:00,Mangaluru,Burglary,3,4,29,4.01,9
2026-05-01 04:00:00,Mysuru,Assault,4,4,18,6.24,4
2026-05-01 04:00:00,Mysuru,Theft,4,4,43,7.8,10
2026-05-01 05:00:00,Kalaburagi,Theft,5,4,20,2.11,7
2026-05-01 06:00:00,Davanagere,Fraud,6,4,16,6.85,4
2026-05-01 07:00:00,Udupi,Theft,7,4,32,1.83,5
2026-05-01 07:00:00,Shivamogga,Cybercrime,7,4,10,6.69,4
2026-05-01 08:00:00,Ballari,Fraud,8,4,37,8.16,9
2026-05-01 08:00:00,Ballari,Assault,8,4,38,8.63,8
2026-05-01 08:00:00,Hubballi-Dharwad,Assault,8,4,10,6.46,5
2026-05-01 08:00:00,Kalaburagi,Burglary,8,4,26,9.48,6
2026-05-01 09:00:00,Mysuru,Fraud,9,4,12,8.52,4
2026-05-01 09:00:00,Udupi,Assault,9,4,4,1.53,3
2026-05-01 09:00:00,Udupi,Fraud,9,4,31,8.85,7
2026-05-01 11:00:00,Shivamogga,Assault,11,4,41,7.85,7
2026-05-01 11:00:00,Shivamogga,Fraud,11,4,14,7.12,6
2026-05-01 11:00:00,Ballari,Burglary,11,4,25,2.42,5
2026-05-01 12:00:00,Kalaburagi,Burglary,12,4,21,5.74,4
2026-05-01 12:00:00,Mysuru,Assault,12,4,33,5.56,7
2026-05-01 12:00:00,Mangaluru,Burglary,12,4,31,8.29,5
2026-05-01 12:00:00,Bengaluru Urban,Assault,12,4,40,4.04,9
2026-05-01 12:00:00,Udupi,Assault,12,4,19,3.12,6
2026-05-01 13:00:00,Belagavi,Fraud,13,4,16,3.63,3
2026-05-01 13:00:00,Udupi,Burglary,13,4,26,6.9,5
2026-05-01 14:00:00,Hubballi-Dharwad,Cybercrime,14,4,31,1.31,7
2026-05-01 14:00:00,Belagavi,Theft,14,4,23,8.55,6
2026-05-01 14:00:00,Ballari,Theft,14,4,11,5.48,6
2026-05-01 15:00:00,Davanagere,Burglary,15,4,37,1.46,7
2026-05-01 15:00:00,Bengaluru Urban,Theft,15,4,22,8.7,9
2026-05-01 16:00:00,Shivamogga,Assault,16,4,5,9.48,6
2026-05-01 16:00:00,Kalaburagi,Fraud,16,4,41,6.75,8
2026-05-01 17:00:00,Ballari,Fraud,17,4,25,1.95,5
2026-05-01 17:00:00,Hubballi-Dharwad,Cybercrime,17,4,25,9.04,6
2026-05-01 17:00:00,Davanagere,Cybercrime,17,4,41,8.36,10
2026-05-01 17:00:00,Ballari,Fraud,17,4,25,2.85,4
2026-05-01 17:00:00,Mysuru,Assault,17,4,43,6.73,8
2026-05-01 18:00:00,Davanagere,Assault,18,4,27,8.89,8
2026-05-01 18:00:00,Shivamogga,Burglary,18,4,26,8.48,7
2026-05-01 19:00:00,Bengaluru Urban,Theft,19,4,42,7.43,11
2026-05-01 19:00:00,Ballari,Burglary,19,4,31,6.36,7
2026-05-01 19:00:00,Ballari,Assault,19,4,33,5.53,7
2026-05-01 19:00:00,Kalaburagi,Burglary,19,4,40,9.11,10
2026-05-01 19:00:00,Davanagere,Assault,19,4,29,6.57,9
2026-05-01 19:00:00,Ballari,Assault,19,4,8,9.14,7
2026-05-01 19:00:00,Udupi,Fraud,19,4,18,2.52,4
2026-05-01 20:00:00,Mangaluru,Cybercrime,20,4,17,5.43,4
2026-05-01 21:00:00,Ballari,Fraud,21,4,31,3.26,4
2026-05-01 21:00:00,Belagavi,Assault,21,4,37,1.64,8
2026-05-01 21:00:00,Udupi,Theft,21,4,37,5.01,7
2026-05-01 21:00:00,Kalaburagi,Cybercrime,21,4,28,3.65,5
2026-05-01 22:00:00,Ballari,Burglary,22,4,11,1.79,2
2026-05-01 22:00:00,Bengaluru Urban,Cybercrime,22,4,36,2.92,10
2026-05-01 22:00:00,Mangaluru,Burglary,22,4,16,5.51,4
2026-05-01 22:00:00,Hubballi-Dharwad,Theft,22,4,26,7.35,7
2026-05-01 23:00:00,Shivamogga,Cybercrime,23,4,2,2.4,3
2026-05-02 00:00:00,Belagavi,Assault,0,5,4,8.99,4
2026-05-02 01:00:00,Hubballi-Dharwad,Burglary,1,5,30,1.39,8
2026-05-02 01:00:00,Kalaburagi,Cybercrime,1,5,18,5.02,6
2026-05-02 01:00:00,Udupi,Cybercrime,1,5,26,6.94,6
2026-05-02 02:00:00,Udupi,Assault,2,5,37,7.99,9
2026-05-02 03:00:00,Hubballi-Dharwad,Assault,3,5,42,4.87,8
2026-05-02 03:00:00,Udupi,Cybercrime,3,5,16,3.33,5
2026-05-02 03:00:00,Kalaburagi,Burglary,3,5,32,6.96,10
2026-05-02 03:00:00,Mysuru,Theft,3,5,22,1.77,9
2026-05-02 03:00:00,Ballari,Theft,3,5,25,6.42,9
2026-05-02 03:00:00,Udupi,Fraud,3,5,17,7.03,5
2026-05-02 04:00:00,Kalaburagi,Fraud,4,5,32,1.57,7
2026-05-02 04:00:00,Davanagere,Burglary,4,5,4,7.18,6
2026-05-02 04:00:00,Davanagere,Cybercrime,4,5,19,9.41,6
2026-05-02 06:00:00,Ballari,Cybercrime,6,5,13,2.44,5
2026-05-02 06:00:00,Kalaburagi,Burglary,6,5,16,7.19,6
2026-05-02 07:00:00,Shivamogga,Theft,7,5,28,8.38,6
2026-05-02 07:00:00,Davanagere,Assault,7,5,23,6.74,7
2026-05-02 07:00:00,Hubballi-Dharwad,Cybercrime,7,5,22,7.95,5
2026-05-02 07:00:00,Kalaburagi,Burglary,7,5,42,6.93,8
2026-05-02 07:00:00,Shivamogga,Theft,7,5,22,1.74,4
2026-05-02 07:00:00,Shivamogga,Theft,7,5,19,9.06,6
2026-05-02 08:00:00,Davanagere,Fraud,8,5,44,5.33,8
2026-05-02 08:00:00,Shivamogga,Burglary,8,5,20,9.3,4
2026-05-02 08:00:00,Bengaluru Urban,Burglary,8,5,10,7.7,7
2026-05-02 10:00:00,Mysuru,Burglary,10,5,6,4.91,3
2026-05-02 10:00:00,Shivamogga,Burglary,10,5,31,2.69,5
2026-05-02 10:00:00,Udupi,Theft,10,5,42,4.37,7
2026-05-02 10:00:00,Mysuru,Theft,10,5,32,6.82,7
2026-05-02 11:00:00,Bengaluru Urban,Cybercrime,11,5,21,6.97,13
2026-05-02 11:00:00,Kalaburagi,Cybercrime,11,5,40,7.65,11
2026-05-02 12:00:00,Ballari,Cybercrime,12,5,40,4.89,9
2026-05-02 13:00:00,Mangaluru,Theft,13,5,5,1.21,1
2026-05-02 13:00:00,Mysuru,Assault,13,5,15,4.74,4
2026-05-02 13:00:00,Bengaluru Urban,Cybercrime,13,5,14,7.35,10
2026-05-02 13:00:00,Udupi,Cybercrime,13,5,7,3.91,6
2026-05-02 13:00:00,Mangaluru,Assault,13,5,43,7.57,8
2026-05-02 15:00:00,Ballari,Theft,15,5,6,5.78,4
2026-05-02 15:00:00,Hubballi-Dharwad,Burglary,15,5,30,2.49,3
2026-05-02 15:00:00,Mangaluru,Assault,15,5,26,2.59,4
2026-05-02 16:00:00,Udupi,Theft,16,5,7,7.78,4
2026-05-02 16:00:00,Belagavi,Fraud,16,5,3,5.72,2
2026-05-02 16:00:00,Mangaluru,Fraud,16,5,15,2.27,5
2026-05-02 17:00:00,Ballari,Theft,17,5,14,1.87,3
2026-05-02 17:00:00,Mysuru,Cybercrime,17,5,44,7.19,7
2026-05-02 17:00:00,Mangaluru,Theft,17,5,17,6.65,6
2026-05-02 17:00:00,Ballari,Theft,17,5,12,4.66,4
2026-05-02 17:00:00,Udupi,Theft,17,5,28,3.03,6
2026-05-02 17:00:00,Shivamogga,Fraud,17,5,20,2.98,4
2026-05-02 18:00:00,Bengaluru Urban,Burglary,18,5,4,8.43,8
2026-05-02 18:00:00,Kalaburagi,Burglary,18,5,13,2.14,4
2026-05-02 18:00:00,Belagavi,Theft,18,5,36,4.54,6
2026-05-02 19:00:00,Mangaluru,Assault,19,5,11,8.72,7
2026-05-02 19:00:00,Ballari,Burglary,19,5,20,5.47,5
2026-05-02 19:00:00,Ballari,Assault,19,5,23,7.03,8
2026-05-02 20:00:00,Belagavi,Burglary,20,5,40,8.92,9
2026-05-02 20:00:00,Bengaluru Urban,Fraud,20,5,11,6.68,7
2026-05-02 20:00:00,Hubballi-Dharwad,Burglary,20,5,39,2.1,5
2026-05-02 20:00:00,Ballari,Fraud,20,5,36,7.88,9
2026-05-02 20:00:00,Hubballi-Dharwad,Theft,20,5,43,8.44,9
2026-05-02 21:00:00,Ballari,Burglary,21,5,18,6.24,5
2026-05-02 21:00:00,Bengaluru Urban,Cybercrime,21,5,8,8.91,7
2026-05-02 22:00:00,Shivamogga,Cybercrime,22,5,30,2.37,5
2026-05-02 22:00:00,Ballari,Cybercrime,22,5,4,6.6,4
2026-05-02 23:00:00,Shivamogga,Theft,23,5,38,5.66,7
2026-05-03 00:00:00,Ballari,Assault,0,6,3,5.82,3
2026-05-03 00:00:00,Mysuru,Fraud,0,6,27,6.93,5
2026-05-03 01:00:00,Kalaburagi,Assault,1,6,11,4.66,4
2026-05-03 02:00:00,Kalaburagi,Cybercrime,2,6,7,8.63,5
2026-05-03 03:00:00,Hubballi-Dharwad,Fraud,3,6,6,5.7,4
2026-05-03 03:00:00,Mysuru,Fraud,3,6,6,1.5,2
2026-05-03 03:00:00,Kalaburagi,Theft,3,6,29,2.28,8
2026-05-03 04:00:00,Mysuru,Theft,4,6,11,4.1,6
2026-05-03 04:00:00,Shivamogga,Burglary,4,6,35,5.12,9
2026-05-03 05:00:00,Shivamogga,Cybercrime,5,6,12,8.31,5
2026-05-03 05:00:00,Udupi,Burglary,5,6,32,3.37,9
2026-05-03 05:00:00,Belagavi,Theft,5,6,41,2.24,9
2026-05-03 06:00:00,Kalaburagi,Burglary,6,6,7,9.12,3
2026-05-03 06:00:00,Shivamogga,Burglary,6,6,37,8.9,9
2026-05-03 06:00:00,Belagavi,Cybercrime,6,6,42,7.0,9
2026-05-03 07:00:00,Mangaluru,Burglary,7,6,14,2.23,2
2026-05-03 07:00:00,Ballari,Fraud,7,6,38,5.61,6
2026-05-03 07:00:00,Belagavi,Cybercrime,7,6,29,4.31,6
2026-05-03 07:00:00,Belagavi,Cybercrime,7,6,11,5.6,5
2026-05-03 08:00:00,Davanagere,Burglary,8,6,29,3.04,6
2026-05-03 10:00:00,Shivamogga,Cybercrime,10,6,13,8.72,8
2026-05-03 10:00:00,Belagavi,Burglary,10,6,24,7.68,5
2026-05-03 10:00:00,Bengaluru Urban,Assault,10,6,29,4.04,9
2026-05-03 11:00:00,Belagavi,Burglary,11,6,36,2.5,7
2026-05-03 11:00:00,Mangaluru,Assault,11,6,44,5.27,7
2026-05-03 11:00:00,Ballari,Burglary,11,6,24,6.28,7
2026-05-03 12:00:00,Hubballi-Dharwad,Assault,12,6,41,2.05,6
2026-05-03 12:00:00,Mysuru,Fraud,12,6,20,7.38,5
2026-05-03 12:00:00,Mysuru,Assault,12,6,6,7.97,3
2026-05-03 14:00:00,Hubballi-Dharwad,Burglary,14,6,8,6.77,6
2026-05-03 14:00:00,Belagavi,Theft,14,6,19,2.38,4
2026-05-03 14:00:00,Mangaluru,Theft,14,6,30,5.01,7
2026-05-03 15:00:00,Mysuru,Theft,15,6,4,8.46,3
2026-05-03 15:00:00,Udupi,Burglary,15,6,27,2.09,5
2026-05-03 15:00:00,Mangaluru,Cybercrime,15,6,7,8.11,7
2026-05-03 16:00:00,Kalaburagi,Fraud,16,6,5,3.02,1
2026-05-03 16:00:00,Bengaluru Urban,Theft,16,6,30,9.23,9
2026-05-03 16:00:00,Davanagere,Assault,16,6,39,6.08,7
2026-05-03 18:00:00,Shivamogga,Assault,18,6,10,8.17,4
2026-05-03 18:00:00,Ballari,Cybercrime,18,6,27,3.62,5
2026-05-03 18:00:00,Belagavi,Theft,18,6,20,8.57,6
2026-05-03 18:00:00,Belagavi,Assault,18,6,25,4.5,5
2026-05-03 18:00:00,Davanagere,Fraud,18,6,29,8.46,6
2026-05-03 18:00:00,Ballari,Burglary,18,6,39,1.58,6
2026-05-03 19:00:00,Mysuru,Cybercrime,19,6,21,2.21,5
2026-05-03 19:00:00,Ballari,Cybercrime,19,6,31,7.88,7
2026-05-03 19:00:00,Udupi,Cybercrime,19,6,24,8.99,4
2026-05-03 19:00:00,Udupi,Assault,19,6,35,8.71,10
2026-05-03 21:00:00,Belagavi,Cybercrime,21,6,29,7.13,7
2026-05-03 22:00:00,Davanagere,Burglary,22,6,21,6.59,6
2026-05-03 22:00:00,Udupi,Assault,22,6,20,3.72,6
2026-05-03 23:00:00,Shivamogga,Assault,23,6,42,3.29,9
2026-05-03 23:00:00,Hubballi-Dharwad,Fraud,23,6,15,3.93,5
2026-05-03 23:00:00,Mangaluru,Theft,23,6,26,3.01,5
2026-05-03 23:00:00,Davanagere,Cybercrime,23,6,2,3.78,3
2026-05-03 23:00:00,Ballari,Theft,23,6,39,8.51,9
2026-05-03 23:00:00,Mysuru,Fraud,23,6,24,6.46,7
2026-05-04 02:00:00,Mysuru,Fraud,2,0,8,1.24,2
2026-05-04 02:00:00,Davanagere,Cybercrime,2,0,31,4.83,7
2026-05-04 03:00:00,Mysuru,Assault,3,0,29,5.51,5
2026-05-04 04:00:00,Mangaluru,Cybercrime,4,0,40,8.99,8
2026-05-04 04:00:00,Shivamogga,Assault,4,0,3,3.74,2
2026-05-04 04:00:00,Kalaburagi,Theft,4,0,18,2.06,7
2026-05-04 05:00:00,Hubballi-Dharwad,Assault,5,0,8,1.95,4
2026-05-04 05:00:00,Mysuru,Fraud,5,0,22,3.83,5
2026-05-04 05:00:00,Belagavi,Cybercrime,5,0,25,1.28,5
2026-05-04 05:00:00,Ballari,Assault,5,0,4,2.82,2
2026-05-04 05:00:00,Davanagere,Theft,5,0,22,3.22,7
2026-05-04 06:00:00,Belagavi,Fraud,6,0,41,8.98,7
2026-05-04 06:00:00,Bengaluru Urban,Assault,6,0,36,8.9,11
2026-05-04 07:00:00,Udupi,Cybercrime,7,0,41,4.77,7
2026-05-04 07:00:00,Davanagere,Fraud,7,0,35,5.68,4
2026-05-04 08:00:00,Mangaluru,Cybercrime,8,0,17,5.24,5
2026-05-04 08:00:00,Ballari,Cybercrime,8,0,27,2.18,5
2026-05-04 09:00:00,Mysuru,Cybercrime,9,0,36,6.61,8
2026-05-04 10:00:00,Kalaburagi,Cybercrime,10,0,36,3.08,10
2026-05-04 10:00:00,Udupi,Cybercrime,10,0,10,3.17,6
2026-05-04 10:00:00,Belagavi,Fraud,10,0,29,8.56,7
2026-05-04 11:00:00,Bengaluru Urban,Fraud,11,0,21,6.13,8
2026-05-04 11:00:00,Udupi,Theft,11,0,15,2.11,4
2026-05-04 12:00:00,Belagavi,Theft,12,0,2,7.08,3
2026-05-04 12:00:00,Bengaluru Urban,Burglary,12,0,13,6.12,8
2026-05-04 13:00:00,Ballari,Assault,13,0,42,7.43,9
2026-05-04 13:00:00,Udupi,Burglary,13,0,19,4.09,3
2026-05-04 14:00:00,Bengaluru Urban,Cybercrime,14,0,44,6.68,12
2026-05-04 14:00:00,Ballari,Assault,14,0,37,5.52,6
2026-05-04 14:00:00,Ballari,Fraud,14,0,9,6.42,4
2026-05-04 15:00:00,Hubballi-Dharwad,Cybercrime,15,0,18,2.69,7
2026-05-04 15:00:00,Bengaluru Urban,Theft,15,0,13,5.93,8
2026-05-04 16:00:00,Mangaluru,Burglary,16,0,16,2.12,4
2026-05-04 17:00:00,Hubballi-Dharwad,Burglary,17,0,36,6.69,7
2026-05-04 18:00:00,Bengaluru Urban,Fraud,18,0,8,7.05,7
2026-05-04 18:00:00,Mangaluru,Burglary,18,0,41,7.68,8
2026-05-04 18:00:00,Mysuru,Theft,18,0,34,1.81,6
2026-05-04 18:00:00,Kalaburagi,Assault,18,0,27,2.18,5
2026-05-04 18:00:00,Bengaluru Urban,Cybercrime,18,0,43,2.73,9
2026-05-04 19:00:00,Davanagere,Burglary,19,0,22,2.61,4
2026-05-04 20:00:00,Udupi,Cybercrime,20,0,44,8.85,9
2026-05-04 20:00:00,Mysuru,Assault,20,0,19,7.28,7
2026-05-04 20:00:00,Kalaburagi,Burglary,20,0,10,3.0,5
2026-05-04 21:00:00,Kalaburagi,Assault,21,0,24,1.81,6
2026-05-04 22:00:00,Udupi,Assault,22,0,37,2.22,8
2026-05-04 22:00:00,Kalaburagi,Theft,22,0,28,3.88,6
2026-05-04 22:00:00,Hubballi-Dharwad,Cybercrime,22,0,29,6.29,5
2026-05-04 23:00:00,Mysuru,Cybercrime,23,0,23,2.88,5
2026-05-05 00:00:00,Udupi,Burglary,0,1,35,6.16,11
2026-05-05 00:00:00,Bengaluru Urban,Cybercrime,0,1,37,3.99,10
2026-05-05 00:00:00,Hubballi-Dharwad,Fraud,0,1,30,5.17,4
2026-05-05 01:00:00,Bengaluru Urban,Fraud,1,1,30,4.84,9
2026-05-05 01:00:00,Hubballi-Dharwad,Cybercrime,1,1,35,2.24,8
2026-05-05 01:00:00,Belagavi,Theft,1,1,26,4.38,8
2026-05-05 02:00:00,Kalaburagi,Theft,2,1,19,5.13,9
2026-05-05 03:00:00,Mangaluru,Cybercrime,3,1,27,8.17,5
2026-05-05 03:00:00,Belagavi,Theft,3,1,21,5.89,8
2026-05-05 03:00:00,Kalaburagi,Burglary,3,1,25,8.87,10
2026-05-05 03:00:00,Shivamogga,Fraud,3,1,11,3.47,4
2026-05-05 04:00:00,Davanagere,Assault,4,1,40,9.41,9
2026-05-05 05:00:00,Mangaluru,Theft,5,1,12,2.73,7
2026-05-05 07:00:00,Shivamogga,Burglary,7,1,40,3.82,8
2026-05-05 07:00:00,Davanagere,Fraud,7,1,8,1.49,3
2026-05-05 07:00:00,Hubballi-Dharwad,Burglary,7,1,16,8.76,5
2026-05-05 08:00:00,Davanagere,Burglary,8,1,29,3.47,5
2026-05-05 08:00:00,Davanagere,Cybercrime,8,1,22,2.28,4
2026-05-05 08:00:00,Kalaburagi,Fraud,8,1,6,5.66,3
2026-05-05 08:00:00,Belagavi,Cybercrime,8,1,33,2.59,5
2026-05-05 09:00:00,Davanagere,Burglary,9,1,4,6.09,2
2026-05-05 10:00:00,Hubballi-Dharwad,Assault,10,1,3,7.85,3
2026-05-05 11:00:00,Davanagere,Burglary,11,1,24,8.55,6
2026-05-05 11:00:00,Ballari,Theft,11,1,9,9.25,6
2026-05-05 11:00:00,Bengaluru Urban,Cybercrime,11,1,7,8.34,10
2026-05-05 11:00:00,Bengaluru Urban,Assault,11,1,16,6.16,7
2026-05-05 11:00:00,Kalaburagi,Fraud,11,1,11,4.37,3
2026-05-05 12:00:00,Belagavi,Burglary,12,1,30,8.73,7
2026-05-05 12:00:00,Davanagere,Theft,12,1,34,3.95,6
2026-05-05 13:00:00,Kalaburagi,Fraud,13,1,2,2.21,2
2026-05-05 13:00:00,Kalaburagi,Fraud,13,1,23,1.43,4
2026-05-05 14:00:00,Davanagere,Fraud,14,1,25,5.3,7
2026-05-05 15:00:00,Ballari,Theft,15,1,17,6.42,4
2026-05-05 16:00:00,Mangaluru,Burglary,16,1,12,1.61,2
2026-05-05 17:00:00,Hubballi-Dharwad,Burglary,17,1,43,6.65,8
2026-05-05 17:00:00,Davanagere,Assault,17,1,27,8.12,8
2026-05-05 17:00:00,Davanagere,Fraud,17,1,8,7.11,5
2026-05-05 17:00:00,Bengaluru Urban,Burglary,17,1,14,1.45,6
2026-05-05 17:00:00,Kalaburagi,Cybercrime,17,1,9,4.61,4
2026-05-05 17:00:00,Hubballi-Dharwad,Theft,17,1,37,6.3,8
2026-05-05 18:00:00,Bengaluru Urban,Assault,18,1,36,6.73,11
2026-05-05 18:00:00,Mangaluru,Theft,18,1,8,4.95,4
2026-05-05 18:00:00,Davanagere,Fraud,18,1,24,6.81,6
2026-05-05 19:00:00,Bengaluru Urban,Assault,19,1,21,7.01,11
2026-05-05 19:00:00,Ballari,Assault,19,1,19,5.83,7
2026-05-05 19:00:00,Bengaluru Urban,Burglary,19,1,25,7.75,9
2026-05-05 19:00:00,Kalaburagi,Fraud,19,1,31,6.31,7
2026-05-05 19:00:00,Mangaluru,Theft,19,1,33,2.04,6
2026-05-05 20:00:00,Mangaluru,Assault,20,1,11,6.14,6
2026-05-05 20:00:00,Bengaluru Urban,Cybercrime,20,1,44,7.89,11
2026-05-05 21:00:00,Ballari,Cybercrime,21,1,29,1.45,5
2026-05-05 21:00:00,Mysuru,Theft,21,1,5,7.06,5
2026-05-05 22:00:00,Mangaluru,Theft,22,1,17,7.31,7
2026-05-05 22:00:00,Belagavi,Theft,22,1,23,2.17,4
2026-05-05 22:00:00,Davanagere,Theft,22,1,9,6.46,4
2026-05-05 23:00:00,Hubballi-Dharwad,Burglary,23,1,38,7.59,6
2026-05-05 23:00:00,Davanagere,Assault,23,1,23,9.24,8
2026-05-05 23:00:00,Mysuru,Fraud,23,1,11,5.97,3
2026-05-05 23:00:00,Mangaluru,Burglary,23,1,39,2.1,7
2026-05-06 01:00:00,Belagavi,Fraud,1,2,9,4.47,3
2026-05-06 01:00:00,Davanagere,Theft,1,2,5,9.08,8
2026-05-06 02:00:00,Bengaluru Urban,Theft,2,2,4,1.43,8
2026-05-06 03:00:00,Kalaburagi,Cybercrime,3,2,43,2.55,6
2026-05-06 03:00:00,Udupi,Theft,3,2,31,9.16,9
2026-05-06 03:00:00,Mangaluru,Cybercrime,3,2,43,5.52,8
2026-05-06 04:00:00,Kalaburagi,Assault,4,2,14,6.61,5
2026-05-06 04:00:00,Kalaburagi,Theft,4,2,15,5.35,8
2026-05-06 04:00:00,Shivamogga,Fraud,4,2,27,8.55,7
2026-05-06 04:00:00,Belagavi,Fraud,4,2,22,5.09,5
2026-05-06 04:00:00,Shivamogga,Assault,4,2,14,6.1,4
2026-05-06 04:00:00,Kalaburagi,Burglary,4,2,30,4.21,9
2026-05-06 05:00:00,Belagavi,Assault,5,2,11,3.74,3
2026-05-06 05:00:00,Mysuru,Theft,5,2,34,1.35,10
2026-05-06 06:00:00,Bengaluru Urban,Theft,6,2,11,5.69,7
2026-05-06 06:00:00,Mysuru,Fraud,6,2,34,6.93,6
2026-05-06 06:00:00,Shivamogga,Theft,6,2,5,8.28,4
2026-05-06 06:00:00,Hubballi-Dharwad,Burglary,6,2,6,8.68,4
2026-05-06 07:00:00,Udupi,Cybercrime,7,2,22,5.95,6
2026-05-06 08:00:00,Mysuru,Theft,8,2,27,8.82,7
2026-05-06 08:00:00,Davanagere,Theft,8,2,24,8.86,7
2026-05-06 08:00:00,Hubballi-Dharwad,Burglary,8,2,20,7.44,4
2026-05-06 08:00:00,Davanagere,Cybercrime,8,2,26,1.31,3
2026-05-06 09:00:00,Belagavi,Cybercrime,9,2,17,1.84,4
2026-05-06 09:00:00,Davanagere,Assault,9,2,23,6.67,5
2026-05-06 10:00:00,Belagavi,Theft,10,2,27,4.76,5
2026-05-06 10:00:00,Ballari,Theft,10,2,22,4.61,5
2026-05-06 10:00:00,Mysuru,Burglary,10,2,35,6.68,5
2026-05-06 10:00:00,Bengaluru Urban,Fraud,10,2,31,3.02,9
2026-05-06 11:00:00,Bengaluru Urban,Fraud,11,2,40,7.73,12
2026-05-06 11:00:00,Davanagere,Fraud,11,2,20,6.83,5
2026-05-06 11:00:00,Mangaluru,Assault,11,2,36,1.38,5
2026-05-06 12:00:00,Kalaburagi,Theft,12,2,15,1.88,1
2026-05-06 13:00:00,Ballari,Assault,13,2,32,4.85,6
2026-05-06 13:00:00,Ballari,Cybercrime,13,2,30,6.57,9
2026-05-06 13:00:00,Shivamogga,Assault,13,2,31,1.91,4
2026-05-06 13:00:00,Udupi,Fraud,13,2,19,1.87,2
2026-05-06 14:00:00,Bengaluru Urban,Theft,14,2,20,7.88,9
2026-05-06 15:00:00,Mangaluru,Cybercrime,15,2,34,6.83,10
2026-05-06 15:00:00,Shivamogga,Cybercrime,15,2,10,4.35,6
2026-05-06 15:00:00,Mysuru,Burglary,15,2,24,9.02,7
2026-05-06 15:00:00,Davanagere,Cybercrime,15,2,3,8.26,7
2026-05-06 16:00:00,Kalaburagi,Burglary,16,2,5,1.48,1
2026-05-06 18:00:00,Ballari,Burglary,18,2,33,6.8,7
2026-05-06 19:00:00,Udupi,Fraud,19,2,42,2.3,7
2026-05-06 19:00:00,Mangaluru,Fraud,19,2,14,5.52,4
2026-05-06 20:00:00,Mangaluru,Theft,20,2,2,9.21,4
2026-05-06 21:00:00,Davanagere,Theft,21,2,36,2.91,7
2026-05-06 22:00:00,Ballari,Fraud,22,2,22,4.45,5
2026-05-06 22:00:00,Davanagere,Theft,22,2,18,5.61,5
2026-05-06 22:00:00,Bengaluru Urban,Assault,22,2,24,1.64,10
2026-05-06 22:00:00,Belagavi,Assault,22,2,26,8.75,8
2026-05-06 22:00:00,Ballari,Burglary,22,2,7,2.17,3
2026-05-06 23:00:00,Shivamogga,Theft,23,2,35,6.26,7
2026-05-06 23:00:00,Bengaluru Urban,Burglary,23,2,37,1.98,9
2026-05-06 23:00:00,Hubballi-Dharwad,Cybercrime,23,2,38,4.96,7
2026-05-06 23:00:00,Bengaluru Urban,Burglary,23,2,27,5.14,9
2026-05-07 00:00:00,Kalaburagi,Fraud,0,3,23,4.11,6
2026-05-07 02:00:00,Ballari,Burglary,2,3,5,3.38,6
2026-05-07 02:00:00,Mysuru,Burglary,2,3,4,6.47,7
2026-05-07 03:00:00,Belagavi,Cybercrime,3,3,10,5.57,4
2026-05-07 03:00:00,Ballari,Theft,3,3,11,3.67,6
2026-05-07 03:00:00,Davanagere,Theft,3,3,5,7.85,6
2026-05-07 04:00:00,Davanagere,Theft,4,3,17,5.72,8
2026-05-07 05:00:00,Bengaluru Urban,Burglary,5,3,20,7.28,11
2026-05-07 05:00:00,Bengaluru Urban,Fraud,5,3,21,8.06,8
2026-05-07 05:00:00,Davanagere,Cybercrime,5,3,6,1.48,2
2026-05-07 05:00:00,Mysuru,Fraud,5,3,8,8.94,6
2026-05-07 05:00:00,Kalaburagi,Fraud,5,3,40,2.76,8
2026-05-07 06:00:00,Hubballi-Dharwad,Assault,6,3,9,9.11,6
2026-05-07 06:00:00,Udupi,Theft,6,3,41,4.48,8
2026-05-07 06:00:00,Udupi,Burglary,6,3,8,3.62,3
2026-05-07 07:00:00,Bengaluru Urban,Burglary,7,3,8,1.32,5
2026-05-07 07:00:00,Mangaluru,Cybercrime,7,3,22,8.55,7
2026-05-07 07:00:00,Belagavi,Cybercrime,7,3,7,5.29,3
2026-05-07 08:00:00,Ballari,Cybercrime,8,3,27,6.56,6
2026-05-07 08:00:00,Kalaburagi,Theft,8,3,18,8.74,6
2026-05-07 08:00:00,Davanagere,Fraud,8,3,5,4.63,3
2026-05-07 08:00:00,Mysuru,Cybercrime,8,3,13,2.69,2
2026-05-07 09:00:00,Davanagere,Burglary,9,3,33,6.47,6
2026-05-07 09:00:00,Belagavi,Cybercrime,9,3,30,4.14,6
2026-05-07 10:00:00,Kalaburagi,Cybercrime,10,3,28,8.8,9
2026-05-07 10:00:00,Udupi,Assault,10,3,30,3.74,4
2026-05-07 10:00:00,Bengaluru Urban,Theft,10,3,22,7.15,9
2026-05-07 10:00:00,Ballari,Fraud,10,3,33,7.55,8
2026-05-07 12:00:00,Davanagere,Cybercrime,12,3,20,1.46,7
2026-05-07 12:00:00,Udupi,Burglary,12,3,31,8.96,8
2026-05-07 12:00:00,Belagavi,Assault,12,3,38,8.83,9
2026-05-07 13:00:00,Ballari,Burglary,13,3,35,4.77,7
2026-05-07 13:00:00,Shivamogga,Fraud,13,3,40,4.25,7
2026-05-07 14:00:00,Kalaburagi,Cybercrime,14,3,9,1.79,5
2026-05-07 14:00:00,Mangaluru,Cybercrime,14,3,28,3.7,7
2026-05-07 14:00:00,Mangaluru,Assault,14,3,31,5.08,7
2026-05-07 15:00:00,Mangaluru,Fraud,15,3,25,1.32,5
2026-05-07 15:00:00,Shivamogga,Theft,15,3,14,4.33,3
2026-05-07 15:00:00,Shivamogga,Theft,15,3,14,1.64,2
2026-05-07 16:00:00,Ballari,Burglary,16,3,40,7.44,8
2026-05-07 16:00:00,Kalaburagi,Cybercrime,16,3,6,2.59,5
2026-05-07 16:00:00,Belagavi,Cybercrime,16,3,28,1.96,8
2026-05-07 17:00:00,Ballari,Cybercrime,17,3,18,7.97,5
2026-05-07 17:00:00,Bengaluru Urban,Fraud,17,3,12,4.55,7
2026-05-07 17:00:00,Bengaluru Urban,Fraud,17,3,17,9.41,8
2026-05-07 18:00:00,Ballari,Fraud,18,3,8,2.74,2
2026-05-07 18:00:00,Mysuru,Burglary,18,3,28,7.96,7
2026-05-07 18:00:00,Davanagere,Cybercrime,18,3,20,3.59,4
2026-05-07 19:00:00,Belagavi,Assault,19,3,18,3.03,7
2026-05-07 19:00:00,Ballari,Assault,19,3,30,4.2,9
2026-05-07 19:00:00,Udupi,Theft,19,3,14,2.47,4
2026-05-07 20:00:00,Udupi,Burglary,20,3,14,6.32,4
2026-05-07 20:00:00,Shivamogga,Assault,20,3,19,6.2,6
2026-05-07 20:00:00,Mangaluru,Theft,20,3,33,1.45,6
2026-05-07 21:00:00,Davanagere,Assault,21,3,30,2.0,7
2026-05-07 21:00:00,Mysuru,Fraud,21,3,4,6.98,4
2026-05-07 21:00:00,Bengaluru Urban,Burglary,21,3,32,6.97,10
2026-05-07 21:00:00,Ballari,Assault,21,3,20,3.25,8
2026-05-07 21:00:00,Mysuru,Burglary,21,3,14,8.66,5
2026-05-07 21:00:00,Kalaburagi,Cybercrime,21,3,43,8.13,9
2026-05-07 21:00:00,Davanagere,Cybercrime,21,3,41,8.0,8
2026-05-07 21:00:00,Mysuru,Theft,21,3,32,2.78,6
2026-05-07 22:00:00,Belagavi,Cybercrime,22,3,35,7.02,7
2026-05-07 22:00:00,Kalaburagi,Theft,22,3,5,1.5,3
2026-05-07 23:00:00,Ballari,Assault,23,3,43,8.17,10
2026-05-07 23:00:00,Bengaluru Urban,Theft,23,3,27,6.09,10
2026-05-07 23:00:00,Mysuru,Fraud,23,3,35,6.02,6
2026-05-08 00:00:00,Ballari,Cybercrime,0,4,29,7.61,7
2026-05-08 00:00:00,Ballari,Assault,0,4,32,5.04,7
2026-05-08 00:00:00,Shivamogga,Theft,0,4,30,7.48,11
2026-05-08 00:00:00,Hubballi-Dharwad,Assault,0,4,24,3.99,6
2026-05-08 00:00:00,Davanagere,Fraud,0,4,43,8.67,10
2026-05-08 01:00:00,Hubballi-Dharwad,Theft,1,4,25,7.92,10
2026-05-08 01:00:00,Shivamogga,Assault,1,4,24,4.55,5
2026-05-08 01:00:00,Kalaburagi,Cybercrime,1,4,17,5.66,4
2026-05-08 02:00:00,Bengaluru Urban,Burglary,2,4,12,1.81,10
2026-05-08 02:00:00,Shivamogga,Assault,2,4,8,3.05,2
2026-05-08 02:00:00,Udupi,Fraud,2,4,36,4.93,7
2026-05-08 03:00:00,Shivamogga,Fraud,3,4,10,1.47,3
2026-05-08 03:00:00,Belagavi,Fraud,3,4,15,6.8,3
2026-05-08 03:00:00,Ballari,Burglary,3,4,26,6.05,8
2026-05-08 03:00:00,Mysuru,Cybercrime,3,4,36,2.85,6
2026-05-08 03:00:00,Mangaluru,Burglary,3,4,4,7.01,7
2026-05-08 04:00:00,Hubballi-Dharwad,Burglary,4,4,28,6.75,8
2026-05-08 05:00:00,Kalaburagi,Theft,5,4,9,6.21,7
2026-05-08 05:00:00,Belagavi,Burglary,5,4,10,8.72,7
2026-05-08 06:00:00,Shivamogga,Burglary,6,4,14,7.65,6
2026-05-08 06:00:00,Hubballi-Dharwad,Cybercrime,6,4,37,4.52,8
2026-05-08 07:00:00,Hubballi-Dharwad,Fraud,7,4,14,2.13,3
2026-05-08 08:00:00,Belagavi,Cybercrime,8,4,9,5.7,4
2026-05-08 09:00:00,Belagavi,Cybercrime,9,4,20,2.24,4
2026-05-08 09:00:00,Belagavi,Fraud,9,4,20,3.73,3
2026-05-08 10:00:00,Mysuru,Burglary,10,4,17,3.55,5
2026-05-08 11:00:00,Hubballi-Dharwad,Assault,11,4,24,4.01,5
2026-05-08 13:00:00,Belagavi,Assault,13,4,37,4.76,7
2026-05-08 13:00:00,Kalaburagi,Theft,13,4,4,3.11,3
2026-05-08 13:00:00,Bengaluru Urban,Theft,13,4,7,7.0,6
2026-05-08 13:00:00,Mysuru,Assault,13,4,17,2.37,5
2026-05-08 13:00:00,Shivamogga,Fraud,13,4,32,5.99,8
2026-05-08 13:00:00,Mangaluru,Burglary,13,4,25,3.01,5
2026-05-08 14:00:00,Mysuru,Theft,14,4,4,2.45,3
2026-05-08 14:00:00,Shivamogga,Fraud,14,4,34,3.86,6
2026-05-08 14:00:00,Mangaluru,Theft,14,4,30,2.17,6
2026-05-08 14:00:00,Shivamogga,Cybercrime,14,4,15,5.34,7
2026-05-08 14:00:00,Kalaburagi,Cybercrime,14,4,33,3.51,6
2026-05-08 14:00:00,Bengaluru Urban,Theft,14,4,17,6.96,8
2026-05-08 15:00:00,Mysuru,Assault,15,4,37,9.1,8
2026-05-08 15:00:00,Kalaburagi,Cybercrime,15,4,44,2.16,8
2026-05-08 15:00:00,Davanagere,Cybercrime,15,4,39,4.13,9
2026-05-08 15:00:00,Udupi,Fraud,15,4,5,2.79,2
2026-05-08 16:00:00,Udupi,Theft,16,4,29,6.97,7
2026-05-08 16:00:00,Davanagere,Assault,16,4,38,1.91,6
2026-05-08 17:00:00,Ballari,Cybercrime,17,4,4,7.43,3
2026-05-08 17:00:00,Bengaluru Urban,Burglary,17,4,43,4.15,10
2026-05-08 18:00:00,Udupi,Fraud,18,4,20,9.21,6
2026-05-08 18:00:00,Mysuru,Burglary,18,4,38,9.01,9
2026-05-08 19:00:00,Hubballi-Dharwad,Burglary,19,4,35,5.51,6
2026-05-08 20:00:00,Hubballi-Dharwad,Theft,20,4,44,7.85,10
2026-05-08 21:00:00,Davanagere,Assault,21,4,17,8.33,8
2026-05-08 21:00:00,Belagavi,Assault,21,4,29,8.32,9
2026-05-08 22:00:00,Davanagere,Assault,22,4,44,8.52,10
2026-05-08 22:00:00,Ballari,Theft,22,4,37,1.84,6
2026-05-08 23:00:00,Mangaluru,Theft,23,4,31,4.41,5
2026-05-09 00:00:00,Hubballi-Dharwad,Assault,0,5,35,2.99,6
2026-05-09 00:00:00,Hubballi-Dharwad,Fraud,0,5,26,9.4,8
2026-05-09 01:00:00,Hubballi-Dharwad,Theft,1,5,22,5.68,8
2026-05-09 02:00:00,Bengaluru Urban,Theft,2,5,37,9.36,14
2026-05-09 03:00:00,Ballari,Fraud,3,5,9,6.64,4
2026-05-09 04:00:00,Davanagere,Cybercrime,4,5,9,4.18,3
2026-05-09 04:00:00,Udupi,Cybercrime,4,5,18,2.59,4
2026-05-09 06:00:00,Udupi,Fraud,6,5,35,4.25,6
2026-05-09 07:00:00,Kalaburagi,Fraud,7,5,24,4.21,5
2026-05-09 07:00:00,Bengaluru Urban,Theft,7,5,4,3.12,5
2026-05-09 07:00:00,Bengaluru Urban,Assault,7,5,32,9.0,11
2026-05-09 08:00:00,Ballari,Theft,8,5,26,8.27,4
2026-05-09 08:00:00,Shivamogga,Theft,8,5,4,5.08,2
2026-05-09 08:00:00,Mangaluru,Burglary,8,5,41,6.38,8
2026-05-09 08:00:00,Ballari,Assault,8,5,27,2.09,5
2026-05-09 09:00:00,Hubballi-Dharwad,Assault,9,5,25,7.98,6
2026-05-09 09:00:00,Hubballi-Dharwad,Assault,9,5,2,9.45,3
2026-05-09 09:00:00,Davanagere,Burglary,9,5,30,6.27,7
2026-05-09 09:00:00,Shivamogga,Cybercrime,9,5,6,5.18,3
2026-05-09 09:00:00,Ballari,Assault,9,5,41,6.76,8
2026-05-09 10:00:00,Mysuru,Cybercrime,10,5,29,3.48,8
2026-05-09 10:00:00,Hubballi-Dharwad,Assault,10,5,25,5.85,6
2026-05-09 11:00:00,Bengaluru Urban,Cybercrime,11,5,35,2.73,12
2026-05-09 11:00:00,Davanagere,Fraud,11,5,14,5.09,5
2026-05-09 11:00:00,Bengaluru Urban,Theft,11,5,35,7.5,11
2026-05-09 11:00:00,Mysuru,Theft,11,5,44,6.03,9
2026-05-09 12:00:00,Ballari,Cybercrime,12,5,17,3.69,6
2026-05-09 12:00:00,Belagavi,Burglary,12,5,2,7.65,5
2026-05-09 13:00:00,Shivamogga,Burglary,13,5,17,1.76,5
2026-05-09 15:00:00,Kalaburagi,Assault,15,5,39,7.81,8
2026-05-09 15:00:00,Ballari,Cybercrime,15,5,29,6.06,9
2026-05-09 15:00:00,Davanagere,Fraud,15,5,11,9.15,4
2026-05-09 15:00:00,Shivamogga,Fraud,15,5,30,5.36,6
2026-05-09 16:00:00,Shivamogga,Fraud,16,5,30,1.56,5
2026-05-09 16:00:00,Bengaluru Urban,Burglary,16,5,9,6.19,7
2026-05-09 17:00:00,Hubballi-Dharwad,Assault,17,5,44,4.95,8
2026-05-09 17:00:00,Mangaluru,Assault,17,5,44,7.16,9
2026-05-09 17:00:00,Mysuru,Theft,17,5,29,3.61,5
2026-05-09 18:00:00,Ballari,Cybercrime,18,5,5,6.24,3
2026-05-09 18:00:00,Udupi,Fraud,18,5,3,4.88,2
2026-05-09 19:00:00,Shivamogga,Theft,19,5,12,2.75,5
2026-05-09 20:00:00,Shivamogga,Fraud,20,5,3,2.27,2
2026-05-09 20:00:00,Ballari,Assault,20,5,4,2.46,6
2026-05-09 21:00:00,Davanagere,Burglary,21,5,32,2.54,5
2026-05-09 21:00:00,Hubballi-Dharwad,Assault,21,5,22,1.7,8
2026-05-09 22:00:00,Mysuru,Cybercrime,22,5,2,3.06,2
2026-05-09 22:00:00,Kalaburagi,Cybercrime,22,5,24,5.82,6
2026-05-09 22:00:00,Davanagere,Theft,22,5,21,7.05,5
2026-05-09 22:00:00,Ballari,Cybercrime,22,5,41,1.33,6
2026-05-09 22:00:00,Ballari,Fraud,22,5,18,7.13,5
2026-05-09 23:00:00,Bengaluru Urban,Fraud,23,5,21,2.86,8
2026-05-09 23:00:00,Bengaluru Urban,Assault,23,5,10,9.42,11
2026-05-10 00:00:00,Kalaburagi,Theft,0,6,10,4.65,7
2026-05-10 00:00:00,Ballari,Cybercrime,0,6,42,5.17,6
2026-05-10 00:00:00,Shivamogga,Theft,0,6,28,6.44,8
2026-05-10 00:00:00,Bengaluru Urban,Burglary,0,6,2,8.8,11
2026-05-10 01:00:00,Belagavi,Burglary,1,6,42,2.74,10
2026-05-10 01:00:00,Davanagere,Burglary,1,6,8,7.92,5
2026-05-10 01:00:00,Mangaluru,Theft,1,6,36,5.59,10
2026-05-10 01:00:00,Bengaluru Urban,Fraud,1,6,9,1.83,5
2026-05-10 02:00:00,Davanagere,Assault,2,6,2,8.21,3
2026-05-10 02:00:00,Ballari,Burglary,2,6,5,2.55,6
2026-05-10 02:00:00,Udupi,Theft,2,6,16,6.76,7
2026-05-10 03:00:00,Mangaluru,Theft,3,6,8,3.15,6
2026-05-10 05:00:00,Davanagere,Cybercrime,5,6,6,9.44,5
2026-05-10 06:00:00,Kalaburagi,Theft,6,6,42,2.14,7
2026-05-10 06:00:00,Mangaluru,Assault,6,6,16,4.6,5
2026-05-10 07:00:00,Belagavi,Fraud,7,6,8,7.97,3
2026-05-10 07:00:00,Kalaburagi,Theft,7,6,35,3.48,7
2026-05-10 07:00:00,Belagavi,Cybercrime,7,6,38,5.56,8
2026-05-10 07:00:00,Kalaburagi,Cybercrime,7,6,3,7.88,5
2026-05-10 08:00:00,Mysuru,Theft,8,6,20,6.82,5
2026-05-10 08:00:00,Mangaluru,Assault,8,6,12,6.87,4
2026-05-10 08:00:00,Davanagere,Assault,8,6,13,3.59,4
2026-05-10 08:00:00,Udupi,Assault,8,6,10,9.11,5
2026-05-10 09:00:00,Mysuru,Burglary,9,6,9,7.87,4
2026-05-10 09:00:00,Ballari,Burglary,9,6,41,8.74,9
2026-05-10 09:00:00,Shivamogga,Cybercrime,9,6,38,4.85,6
2026-05-10 09:00:00,Bengaluru Urban,Burglary,9,6,31,2.44,8
2026-05-10 11:00:00,Belagavi,Fraud,11,6,35,7.61,8
2026-05-10 11:00:00,Belagavi,Cybercrime,11,6,4,4.42,4
2026-05-10 11:00:00,Shivamogga,Fraud,11,6,40,7.6,10
2026-05-10 11:00:00,Belagavi,Fraud,11,6,29,3.22,7
2026-05-10 11:00:00,Ballari,Fraud,11,6,41,8.22,9
2026-05-10 12:00:00,Bengaluru Urban,Cybercrime,12,6,29,4.84,12
2026-05-10 13:00:00,Hubballi-Dharwad,Theft,13,6,22,6.49,5
2026-05-10 13:00:00,Belagavi,Fraud,13,6,10,8.24,5
2026-05-10 13:00:00,Kalaburagi,Burglary,13,6,22,7.71,6
2026-05-10 13:00:00,Udupi,Fraud,13,6,23,1.53,4
2026-05-10 14:00:00,Kalaburagi,Assault,14,6,41,2.16,6
2026-05-10 14:00:00,Mysuru,Cybercrime,14,6,10,9.01,7
2026-05-10 14:00:00,Ballari,Assault,14,6,43,6.98,10
2026-05-10 15:00:00,Shivamogga,Fraud,15,6,38,1.76,7
2026-05-10 16:00:00,Ballari,Cybercrime,16,6,9,7.62,7
2026-05-10 17:00:00,Belagavi,Theft,17,6,43,6.75,9
2026-05-10 17:00:00,Hubballi-Dharwad,Theft,17,6,16,2.83,3
2026-05-10 17:00:00,Hubballi-Dharwad,Assault,17,6,40,2.24,8
2026-05-10 18:00:00,Hubballi-Dharwad,Assault,18,6,19,1.67,4
2026-05-10 19:00:00,Udupi,Burglary,19,6,6,5.36,2
2026-05-10 19:00:00,Shivamogga,Assault,19,6,44,8.82,11
2026-05-10 20:00:00,Mysuru,Assault,20,6,12,3.3,6
2026-05-10 20:00:00,Ballari,Theft,20,6,29,5.23,5
2026-05-10 20:00:00,Udupi,Theft,20,6,42,6.59,8
2026-05-10 20:00:00,Shivamogga,Cybercrime,20,6,12,5.77,3
2026-05-10 20:00:00,Davanagere,Burglary,20,6,34,4.81,7
2026-05-10 21:00:00,Bengaluru Urban,Fraud,21,6,28,5.9,9
2026-05-10 21:00:00,Udupi,Assault,21,6,3,4.31,5
2026-05-10 21:00:00,Mysuru,Theft,21,6,43,8.95,9
2026-05-10 22:00:00,Mangaluru,Fraud,22,6,33,2.53,5
2026-05-10 22:00:00,Mangaluru,Cybercrime,22,6,40,6.93,7
2026-05-10 22:00:00,Ballari,Cybercrime,22,6,4,9.05,3
2026-05-10 23:00:00,Davanagere,Cybercrime,23,6,37,2.3,6
2026-05-10 23:00:00,Mangaluru,Burglary,23,6,31,1.41,4
2026-05-10 23:00:00,Mysuru,Theft,23,6,6,7.2,5
2026-05-10 23:00:00,Udupi,Assault,23,6,22,1.74,6
2026-05-11 01:00:00,Mysuru,Fraud,1,0,21,6.65,5
2026-05-11 02:00:00,Davanagere,Assault,2,0,38,5.14,7
2026-05-11 02:00:00,Bengaluru Urban,Fraud,2,0,5,9.23,7
2026-05-11 02:00:00,Davanagere,Fraud,2,0,27,8.07,7
2026-05-11 03:00:00,Bengaluru Urban,Cybercrime,3,0,6,2.41,6
2026-05-11 03:00:00,Shivamogga,Cybercrime,3,0,3,9.46,4
2026-05-11 04:00:00,Ballari,Burglary,4,0,21,3.8,8
2026-05-11 04:00:00,Ballari,Theft,4,0,12,8.45,8
2026-05-11 04:00:00,Hubballi-Dharwad,Theft,4,0,17,1.68,6
2026-05-11 04:00:00,Belagavi,Burglary,4,0,7,1.63,7
2026-05-11 04:00:00,Shivamogga,Burglary,4,0,14,8.59,8
2026-05-11 04:00:00,Hubballi-Dharwad,Burglary,4,0,5,4.41,6
2026-05-11 04:00:00,Belagavi,Theft,4,0,27,4.09,7
2026-05-11 05:00:00,Mysuru,Cybercrime,5,0,8,1.99,3
2026-05-11 05:00:00,Kalaburagi,Fraud,5,0,43,3.29,7
2026-05-11 05:00:00,Kalaburagi,Cybercrime,5,0,24,6.39,6
2026-05-11 05:00:00,Davanagere,Fraud,5,0,40,8.35,10
2026-05-11 06:00:00,Kalaburagi,Cybercrime,6,0,44,6.53,8
2026-05-11 07:00:00,Mysuru,Theft,7,0,24,5.94,4
2026-05-11 07:00:00,Mysuru,Burglary,7,0,28,6.3,6
2026-05-11 07:00:00,Belagavi,Theft,7,0,40,4.88,7
2026-05-11 07:00:00,Shivamogga,Theft,7,0,5,7.58,5
2026-05-11 08:00:00,Mangaluru,Burglary,8,0,13,2.57,2
2026-05-11 08:00:00,Belagavi,Burglary,8,0,32,6.6,7
2026-05-11 09:00:00,Mangaluru,Cybercrime,9,0,20,2.93,4
2026-05-11 09:00:00,Davanagere,Fraud,9,0,24,1.55,5
2026-05-11 10:00:00,Belagavi,Burglary,10,0,43,5.6,8
2026-05-11 10:00:00,Mysuru,Theft,10,0,32,9.32,9
2026-05-11 10:00:00,Shivamogga,Fraud,10,0,25,7.13,5
2026-05-11 11:00:00,Udupi,Cybercrime,11,0,19,4.37,7
2026-05-11 11:00:00,Ballari,Assault,11,0,44,2.32,8
2026-05-11 12:00:00,Mangaluru,Assault,12,0,23,4.25,5
2026-05-11 12:00:00,Hubballi-Dharwad,Fraud,12,0,8,2.38,1
2026-05-11 12:00:00,Mysuru,Assault,12,0,26,6.7,6
2026-05-11 12:00:00,Davanagere,Cybercrime,12,0,36,8.21,11
2026-05-11 12:00:00,Ballari,Burglary,12,0,11,4.26,5
2026-05-11 12:00:00,Ballari,Theft,12,0,21,4.37,6
2026-05-11 13:00:00,Belagavi,Assault,13,0,5,3.53,2
2026-05-11 13:00:00,Kalaburagi,Fraud,13,0,19,4.57,4
2026-05-11 14:00:00,Davanagere,Cybercrime,14,0,42,6.12,11
2026-05-11 14:00:00,Ballari,Assault,14,0,22,4.46,6
2026-05-11 14:00:00,Mysuru,Burglary,14,0,22,6.76,7
2026-05-11 15:00:00,Bengaluru Urban,Cybercrime,15,0,19,9.18,12
2026-05-11 15:00:00,Kalaburagi,Cybercrime,15,0,38,6.24,10
2026-05-11 16:00:00,Shivamogga,Assault,16,0,44,2.2,6
2026-05-11 16:00:00,Kalaburagi,Cybercrime,16,0,43,3.54,10
2026-05-11 16:00:00,Belagavi,Burglary,16,0,41,5.15,7
2026-05-11 16:00:00,Kalaburagi,Assault,16,0,16,2.97,4
2026-05-11 17:00:00,Shivamogga,Cybercrime,17,0,17,4.62,5
2026-05-11 17:00:00,Belagavi,Fraud,17,0,34,2.09,7
2026-05-11 17:00:00,Ballari,Burglary,17,0,29,7.32,9
2026-05-11 17:00:00,Udupi,Assault,17,0,28,4.39,5
2026-05-11 17:00:00,Hubballi-Dharwad,Theft,17,0,17,3.79,4
2026-05-11 18:00:00,Belagavi,Cybercrime,18,0,7,5.06,3
2026-05-11 18:00:00,Kalaburagi,Burglary,18,0,15,1.87,2
2026-05-11 19:00:00,Shivamogga,Assault,19,0,24,7.87,8
2026-05-11 19:00:00,Mangaluru,Burglary,19,0,27,4.78,7
2026-05-11 19:00:00,Udupi,Fraud,19,0,10,2.55,3
2026-05-11 20:00:00,Davanagere,Burglary,20,0,23,6.43,6
2026-05-11 20:00:00,Hubballi-Dharwad,Theft,20,0,43,5.16,8
2026-05-11 20:00:00,Hubballi-Dharwad,Fraud,20,0,5,3.04,3
2026-05-11 21:00:00,Mysuru,Fraud,21,0,28,8.05,5
2026-05-11 22:00:00,Kalaburagi,Cybercrime,22,0,18,6.18,3
2026-05-11 22:00:00,Davanagere,Assault,22,0,3,2.0,5
2026-05-11 22:00:00,Belagavi,Cybercrime,22,0,17,6.29,4
2026-05-11 22:00:00,Mangaluru,Cybercrime,22,0,4,3.76,4
2026-05-11 22:00:00,Udupi,Assault,22,0,28,6.71,8
2026-05-11 23:00:00,Belagavi,Fraud,23,0,4,2.78,3
2026-05-11 23:00:00,Belagavi,Assault,23,0,15,5.54,6
2026-05-12 00:00:00,Mangaluru,Fraud,0,1,42,3.58,7
2026-05-12 00:00:00,Belagavi,Assault,0,1,23,2.27,5
2026-05-12 00:00:00,Udupi,Cybercrime,0,1,38,9.49,7
2026-05-12 01:00:00,Ballari,Theft,1,1,44,7.95,12
2026-05-12 02:00:00,Mysuru,Fraud,2,1,44,6.04,7
2026-05-12 02:00:00,Hubballi-Dharwad,Cybercrime,2,1,29,1.34,4
2026-05-12 03:00:00,Mysuru,Fraud,3,1,19,5.96,6
2026-05-12 03:00:00,Mysuru,Assault,3,1,20,6.71,5
2026-05-12 03:00:00,Bengaluru Urban,Burglary,3,1,6,7.05,12
2026-05-12 03:00:00,Shivamogga,Fraud,3,1,20,4.43,3
2026-05-12 04:00:00,Mysuru,Cybercrime,4,1,3,2.62,1
2026-05-12 04:00:00,Ballari,Assault,4,1,19,5.5,6
2026-05-12 04:00:00,Bengaluru Urban,Theft,4,1,9,4.75,9
2026-05-12 04:00:00,Mangaluru,Fraud,4,1,17,2.65,4
2026-05-12 04:00:00,Davanagere,Burglary,4,1,22,7.02,9
2026-05-12 04:00:00,Davanagere,Assault,4,1,29,1.49,5
2026-05-12 04:00:00,Shivamogga,Burglary,4,1,39,7.41,12
2026-05-12 05:00:00,Kalaburagi,Burglary,5,1,33,7.04,8
2026-05-12 05:00:00,Mangaluru,Assault,5,1,2,2.36,2
2026-05-12 05:00:00,Ballari,Assault,5,1,4,7.4,4
2026-05-12 06:00:00,Mangaluru,Theft,6,1,8,5.71,2
2026-05-12 06:00:00,Mangaluru,Assault,6,1,39,9.45,9
2026-05-12 06:00:00,Shivamogga,Cybercrime,6,1,42,6.67,8
2026-05-12 07:00:00,Bengaluru Urban,Theft,7,1,17,1.31,7
2026-05-12 07:00:00,Davanagere,Fraud,7,1,16,4.88,5
2026-05-12 07:00:00,Mysuru,Cybercrime,7,1,19,6.36,6
2026-05-12 08:00:00,Kalaburagi,Fraud,8,1,17,8.25,5
2026-05-12 08:00:00,Hubballi-Dharwad,Burglary,8,1,30,7.23,7
2026-05-12 08:00:00,Davanagere,Cybercrime,8,1,39,7.36,8
2026-05-12 08:00:00,Udupi,Cybercrime,8,1,43,8.81,8
2026-05-12 09:00:00,Udupi,Assault,9,1,34,7.07,5
2026-05-12 09:00:00,Bengaluru Urban,Fraud,9,1,6,7.56,8
2026-05-12 09:00:00,Mysuru,Theft,9,1,27,7.89,7
2026-05-12 10:00:00,Udupi,Theft,10,1,12,7.04,4
2026-05-12 10:00:00,Ballari,Fraud,10,1,9,4.61,2
2026-05-12 11:00:00,Hubballi-Dharwad,Cybercrime,11,1,26,1.51,8
2026-05-12 11:00:00,Bengaluru Urban,Cybercrime,11,1,26,5.5,12
2026-05-12 12:00:00,Hubballi-Dharwad,Fraud,12,1,20,6.04,6
2026-05-12 13:00:00,Shivamogga,Theft,13,1,35,5.62,7
2026-05-12 15:00:00,Hubballi-Dharwad,Assault,15,1,43,5.13,9
2026-05-12 15:00:00,Udupi,Burglary,15,1,35,4.37,6
2026-05-12 15:00:00,Kalaburagi,Burglary,15,1,10,4.57,4
2026-05-12 16:00:00,Shivamogga,Cybercrime,16,1,2,6.81,5
2026-05-12 17:00:00,Davanagere,Theft,17,1,26,5.21,7
2026-05-12 17:00:00,Belagavi,Burglary,17,1,20,3.8,5
2026-05-12 17:00:00,Kalaburagi,Assault,17,1,34,7.24,7
2026-05-12 17:00:00,Davanagere,Cybercrime,17,1,2,2.09,3
2026-05-12 17:00:00,Udupi,Assault,17,1,3,2.1,2
2026-05-12 17:00:00,Mangaluru,Assault,17,1,42,3.01,6
2026-05-12 17:00:00,Kalaburagi,Burglary,17,1,40,1.81,8
2026-05-12 17:00:00,Kalaburagi,Fraud,17,1,9,5.97,4
2026-05-12 18:00:00,Kalaburagi,Theft,18,1,40,3.44,7
2026-05-12 18:00:00,Mysuru,Burglary,18,1,37,5.95,6
2026-05-12 18:00:00,Belagavi,Fraud,18,1,42,3.15,7
2026-05-12 19:00:00,Ballari,Burglary,19,1,37,9.32,8
2026-05-12 20:00:00,Shivamogga,Burglary,20,1,10,5.89,4
2026-05-12 20:00:00,Bengaluru Urban,Fraud,20,1,7,2.81,5
2026-05-12 21:00:00,Mangaluru,Burglary,21,1,25,5.88,5
2026-05-12 21:00:00,Udupi,Burglary,21,1,8,7.91,4
2026-05-12 21:00:00,Hubballi-Dharwad,Cybercrime,21,1,15,8.65,5
2026-05-12 21:00:00,Mysuru,Fraud,21,1,34,9.26,9
2026-05-12 21:00:00,Mysuru,Fraud,21,1,23,8.51,7
2026-05-12 21:00:00,Udupi,Assault,21,1,40,2.67,10
2026-05-12 22:00:00,Bengaluru Urban,Burglary,22,1,19,2.38,7
2026-05-12 22:00:00,Ballari,Burglary,22,1,13,5.82,5
2026-05-12 22:00:00,Mangaluru,Cybercrime,22,1,11,8.75,5
2026-05-12 23:00:00,Kalaburagi,Assault,23,1,33,4.72,8
2026-05-12 23:00:00,Davanagere,Assault,23,1,42,9.08,11
2026-05-12 23:00:00,Davanagere,Cybercrime,23,1,32,2.41,6
2026-05-13 00:00:00,Davanagere,Theft,0,2,16,3.62,8
2026-05-13 00:00:00,Davanagere,Fraud,0,2,41,2.75,6
2026-05-13 01:00:00,Hubballi-Dharwad,Burglary,1,2,34,4.7,10
2026-05-13 01:00:00,Davanagere,Fraud,1,2,13,3.31,2
2026-05-13 01:00:00,Ballari,Burglary,1,2,42,4.14,11
2026-05-13 02:00:00,Mysuru,Theft,2,2,25,6.35,8
2026-05-13 03:00:00,Mangaluru,Burglary,3,2,31,5.94,10
2026-05-13 03:00:00,Davanagere,Theft,3,2,6,6.7,7
2026-05-13 04:00:00,Bengaluru Urban,Burglary,4,2,30,8.1,14
2026-05-13 04:00:00,Shivamogga,Cybercrime,4,2,30,6.28,5
2026-05-13 04:00:00,Kalaburagi,Burglary,4,2,12,3.96,6
2026-05-13 05:00:00,Mysuru,Cybercrime,5,2,6,5.62,3
2026-05-13 05:00:00,Ballari,Burglary,5,2,32,7.07,9
2026-05-13 05:00:00,Mangaluru,Fraud,5,2,8,4.72,4
2026-05-13 05:00:00,Davanagere,Assault,5,2,44,9.09,8
2026-05-13 05:00:00,Mysuru,Burglary,5,2,29,7.43,9
2026-05-13 05:00:00,Udupi,Assault,5,2,7,8.68,4
2026-05-13 06:00:00,Mysuru,Cybercrime,6,2,44,2.34,6
2026-05-13 06:00:00,Kalaburagi,Theft,6,2,14,1.52,2
2026-05-13 06:00:00,Mysuru,Fraud,6,2,4,1.89,1
2026-05-13 06:00:00,Kalaburagi,Burglary,6,2,42,8.29,9
2026-05-13 07:00:00,Shivamogga,Theft,7,2,34,5.38,7
2026-05-13 07:00:00,Davanagere,Fraud,7,2,9,7.87,4
2026-05-13 07:00:00,Mysuru,Cybercrime,7,2,40,3.41,7
2026-05-13 08:00:00,Mangaluru,Cybercrime,8,2,17,3.24,5
2026-05-13 08:00:00,Ballari,Cybercrime,8,2,34,6.2,7
2026-05-13 08:00:00,Davanagere,Cybercrime,8,2,12,7.57,5
2026-05-13 09:00:00,Mysuru,Assault,9,2,36,2.5,7
2026-05-13 09:00:00,Mysuru,Fraud,9,2,34,1.42,6
2026-05-13 09:00:00,Hubballi-Dharwad,Theft,9,2,14,8.75,5
2026-05-13 09:00:00,Mangaluru,Cybercrime,9,2,7,4.79,3
2026-05-13 09:00:00,Kalaburagi,Assault,9,2,34,9.15,7
2026-05-13 09:00:00,Belagavi,Theft,9,2,27,9.3,7
2026-05-13 10:00:00,Ballari,Cybercrime,10,2,14,5.95,6
2026-05-13 10:00:00,Davanagere,Cybercrime,10,2,37,4.31,10
2026-05-13 11:00:00,Belagavi,Theft,11,2,36,5.72,7
2026-05-13 12:00:00,Belagavi,Theft,12,2,15,8.72,5
2026-05-13 12:00:00,Mysuru,Burglary,12,2,21,2.84,6
2026-05-13 12:00:00,Kalaburagi,Assault,12,2,32,8.03,9
2026-05-13 13:00:00,Hubballi-Dharwad,Burglary,13,2,30,7.09,5
2026-05-13 14:00:00,Mysuru,Theft,14,2,26,5.37,7
2026-05-13 14:00:00,Udupi,Burglary,14,2,16,5.67,6
2026-05-13 15:00:00,Udupi,Assault,15,2,30,8.32,8
2026-05-13 15:00:00,Davanagere,Theft,15,2,37,8.85,8
2026-05-13 16:00:00,Belagavi,Burglary,16,2,42,5.21,7
2026-05-13 16:00:00,Ballari,Fraud,16,2,17,9.11,6
2026-05-13 17:00:00,Hubballi-Dharwad,Assault,17,2,15,7.68,5
2026-05-13 17:00:00,Ballari,Assault,17,2,31,1.33,5
2026-05-13 17:00:00,Shivamogga,Fraud,17,2,29,8.45,8
2026-05-13 17:00:00,Kalaburagi,Fraud,17,2,43,1.59,6
2026-05-13 17:00:00,Bengaluru Urban,Cybercrime,17,2,32,8.39,9
2026-05-13 17:00:00,Ballari,Cybercrime,17,2,24,2.61,5
2026-05-13 18:00:00,Shivamogga,Cybercrime,18,2,14,4.83,4
2026-05-13 18:00:00,Kalaburagi,Fraud,18,2,31,2.42,5
2026-05-13 18:00:00,Ballari,Assault,18,2,37,5.37,5
2026-05-13 18:00:00,Udupi,Fraud,18,2,15,7.06,4
2026-05-13 19:00:00,Udupi,Cybercrime,19,2,23,9.34,8
2026-05-13 20:00:00,Mangaluru,Burglary,20,2,28,1.77,6
2026-05-13 20:00:00,Mangaluru,Cybercrime,20,2,7,5.03,4
2026-05-13 21:00:00,Shivamogga,Cybercrime,21,2,21,7.74,6
2026-05-13 21:00:00,Udupi,Assault,21,2,27,6.23,7
2026-05-13 22:00:00,Belagavi,Assault,22,2,15,1.32,4
2026-05-13 22:00:00,Belagavi,Assault,22,2,7,7.3,6
2026-05-13 22:00:00,Udupi,Theft,22,2,24,8.72,7
2026-05-14 00:00:00,Udupi,Theft,0,3,33,2.24,9
2026-05-14 00:00:00,Belagavi,Assault,0,3,33,3.94,6
2026-05-14 01:00:00,Mangaluru,Burglary,1,3,6,2.0,6
2026-05-14 01:00:00,Ballari,Theft,1,3,6,3.96,7
2026-05-14 01:00:00,Kalaburagi,Theft,1,3,39,6.82,10
2026-05-14 02:00:00,Udupi,Assault,2,3,7,8.03,5
2026-05-14 02:00:00,Mangaluru,Assault,2,3,20,3.6,6
2026-05-14 03:00:00,Mangaluru,Burglary,3,3,21,3.72,7
2026-05-14 03:00:00,Davanagere,Cybercrime,3,3,12,9.09,5
2026-05-14 04:00:00,Kalaburagi,Fraud,4,3,22,7.39,6
2026-05-14 04:00:00,Udupi,Theft,4,3,40,4.31,10
2026-05-14 04:00:00,Bengaluru Urban,Fraud,4,3,12,7.11,8
2026-05-14 04:00:00,Mysuru,Burglary,4,3,5,8.37,6
2026-05-14 05:00:00,Mangaluru,Cybercrime,5,3,3,7.98,4
2026-05-14 05:00:00,Davanagere,Theft,5,3,25,3.12,7
2026-05-14 06:00:00,Mysuru,Assault,6,3,8,6.07,5
2026-05-14 06:00:00,Shivamogga,Cybercrime,6,3,27,6.38,6
2026-05-14 07:00:00,Bengaluru Urban,Burglary,7,3,7,5.2,6
2026-05-14 08:00:00,Davanagere,Theft,8,3,32,6.16,6
2026-05-14 09:00:00,Ballari,Cybercrime,9,3,32,2.68,6
2026-05-14 09:00:00,Udupi,Burglary,9,3,5,7.0,2
2026-05-14 09:00:00,Bengaluru Urban,Cybercrime,9,3,34,8.85,11
2026-05-14 10:00:00,Davanagere,Fraud,10,3,5,9.09,4
2026-05-14 10:00:00,Mangaluru,Cybercrime,10,3,36,3.81,9
2026-05-14 10:00:00,Kalaburagi,Cybercrime,10,3,17,8.24,9
2026-05-14 11:00:00,Hubballi-Dharwad,Cybercrime,11,3,28,4.53,8
2026-05-14 11:00:00,Udupi,Cybercrime,11,3,26,6.16,8
2026-05-14 11:00:00,Davanagere,Fraud,11,3,5,1.94,1
2026-05-14 12:00:00,Mangaluru,Theft,12,3,34,7.39,7
2026-05-14 12:00:00,Mangaluru,Fraud,12,3,17,3.52,4
2026-05-14 12:00:00,Shivamogga,Cybercrime,12,3,27,4.13,8
2026-05-14 12:00:00,Kalaburagi,Assault,12,3,14,8.59,6
2026-05-14 14:00:00,Mysuru,Cybercrime,14,3,6,3.72,7
2026-05-14 14:00:00,Kalaburagi,Fraud,14,3,14,4.51,5
2026-05-14 14:00:00,Mangaluru,Assault,14,3,9,5.29,4
2026-05-14 15:00:00,Kalaburagi,Burglary,15,3,37,3.41,6
2026-05-14 15:00:00,Udupi,Fraud,15,3,18,7.49,6
2026-05-14 15:00:00,Mangaluru,Cybercrime,15,3,42,7.01,9
2026-05-14 16:00:00,Hubballi-Dharwad,Cybercrime,16,3,16,3.37,6
2026-05-14 16:00:00,Ballari,Burglary,16,3,26,9.02,7
2026-05-14 16:00:00,Belagavi,Cybercrime,16,3,3,9.18,7
2026-05-14 17:00:00,Mangaluru,Assault,17,3,35,7.47,7
2026-05-14 17:00:00,Hubballi-Dharwad,Theft,17,3,39,1.71,6
2026-05-14 17:00:00,Mangaluru,Burglary,17,3,7,1.66,1
2026-05-14 18:00:00,Hubballi-Dharwad,Cybercrime,18,3,6,2.05,2
2026-05-14 18:00:00,Bengaluru Urban,Assault,18,3,28,4.25,9
2026-05-14 19:00:00,Ballari,Burglary,19,3,20,7.88,5
2026-05-14 19:00:00,Belagavi,Cybercrime,19,3,35,8.98,7
2026-05-14 19:00:00,Mysuru,Theft,19,3,41,2.75,6
2026-05-14 20:00:00,Udupi,Cybercrime,20,3,29,2.14,5
2026-05-14 20:00:00,Belagavi,Burglary,20,3,25,3.58,5
2026-05-14 20:00:00,Mangaluru,Fraud,20,3,20,1.45,3
2026-05-14 20:00:00,Belagavi,Assault,20,3,40,7.55,12
2026-05-14 20:00:00,Mangaluru,Cybercrime,20,3,15,3.51,4
2026-05-14 20:00:00,Davanagere,Cybercrime,20,3,15,8.65,6
2026-05-14 21:00:00,Kalaburagi,Burglary,21,3,18,8.1,5
2026-05-14 21:00:00,Mangaluru,Fraud,21,3,30,6.07,6
2026-05-14 22:00:00,Hubballi-Dharwad,Burglary,22,3,39,2.7,7
2026-05-14 22:00:00,Mysuru,Burglary,22,3,27,4.86,6
2026-05-14 22:00:00,Belagavi,Theft,22,3,6,3.88,4
2026-05-15 00:00:00,Ballari,Fraud,0,4,35,4.32,6
2026-05-15 01:00:00,Hubballi-Dharwad,Theft,1,4,7,1.57,6
2026-05-15 01:00:00,Mangaluru,Burglary,1,4,27,8.42,9
2026-05-15 01:00:00,Shivamogga,Cybercrime,1,4,42,4.81,7
2026-05-15 01:00:00,Hubballi-Dharwad,Burglary,1,4,26,1.27,8
2026-05-15 01:00:00,Shivamogga,Theft,1,4,17,8.65,9
2026-05-15 01:00:00,Ballari,Cybercrime,1,4,33,3.48,6
2026-05-15 02:00:00,Kalaburagi,Burglary,2,4,30,3.48,8
2026-05-15 02:00:00,Mangaluru,Cybercrime,2,4,18,9.23,5
2026-05-15 03:00:00,Ballari,Burglary,3,4,18,2.12,6
2026-05-15 04:00:00,Udupi,Cybercrime,4,4,27,2.4,3
2026-05-15 05:00:00,Mangaluru,Fraud,5,4,27,1.4,5
2026-05-15 06:00:00,Udupi,Theft,6,4,19,8.02,4
2026-05-15 06:00:00,Belagavi,Fraud,6,4,9,1.54,3
2026-05-15 07:00:00,Mysuru,Theft,7,4,15,2.91,5
2026-05-15 07:00:00,Udupi,Fraud,7,4,35,7.02,7
2026-05-15 08:00:00,Davanagere,Cybercrime,8,4,33,8.52,9
2026-05-15 08:00:00,Kalaburagi,Theft,8,4,37,7.41,8
2026-05-15 08:00:00,Davanagere,Cybercrime,8,4,32,4.4,6
2026-05-15 08:00:00,Kalaburagi,Theft,8,4,21,4.77,5
2026-05-15 08:00:00,Mangaluru,Theft,8,4,9,1.98,3
2026-05-15 09:00:00,Shivamogga,Theft,9,4,26,1.74,4
2026-05-15 09:00:00,Hubballi-Dharwad,Assault,9,4,24,6.46,5
2026-05-15 09:00:00,Shivamogga,Burglary,9,4,14,8.01,5
2026-05-15 10:00:00,Davanagere,Assault,10,4,28,4.05,7
2026-05-15 10:00:00,Ballari,Theft,10,4,34,4.06,6
2026-05-15 10:00:00,Shivamogga,Cybercrime,10,4,12,3.01,5
2026-05-15 10:00:00,Ballari,Theft,10,4,40,2.2,7
2026-05-15 10:00:00,Shivamogga,Theft,10,4,44,1.23,6
2026-05-15 11:00:00,Shivamogga,Theft,11,4,3,2.03,2
2026-05-15 11:00:00,Mangaluru,Burglary,11,4,40,6.84,8
2026-05-15 11:00:00,Udupi,Assault,11,4,22,7.35,7
2026-05-15 11:00:00,Hubballi-Dharwad,Cybercrime,11,4,14,2.08,7
2026-05-15 11:00:00,Hubballi-Dharwad,Burglary,11,4,24,1.41,5
2026-05-15 12:00:00,Ballari,Burglary,12,4,42,9.39,8
2026-05-15 12:00:00,Ballari,Burglary,12,4,39,4.58,8
2026-05-15 12:00:00,Bengaluru Urban,Assault,12,4,44,3.52,11
2026-05-15 12:00:00,Hubballi-Dharwad,Theft,12,4,11,7.67,4
2026-05-15 12:00:00,Ballari,Fraud,12,4,30,3.1,6
2026-05-15 12:00:00,Shivamogga,Assault,12,4,35,1.98,7
2026-05-15 13:00:00,Udupi,Cybercrime,13,4,15,8.02,8
2026-05-15 13:00:00,Kalaburagi,Theft,13,4,6,8.26,5
2026-05-15 14:00:00,Shivamogga,Fraud,14,4,4,8.59,4
2026-05-15 14:00:00,Davanagere,Assault,14,4,5,6.6,4
2026-05-15 14:00:00,Davanagere,Theft,14,4,8,3.9,3
2026-05-15 14:00:00,Mysuru,Cybercrime,14,4,8,1.62,5
2026-05-15 15:00:00,Udupi,Cybercrime,15,4,24,1.7,7
2026-05-15 15:00:00,Belagavi,Theft,15,4,22,5.94,6
2026-05-15 15:00:00,Shivamogga,Assault,15,4,19,8.56,6
2026-05-15 15:00:00,Kalaburagi,Theft,15,4,9,8.65,4
2026-05-15 15:00:00,Mangaluru,Burglary,15,4,19,1.73,3
2026-05-15 15:00:00,Mangaluru,Assault,15,4,17,4.92,4
2026-05-15 16:00:00,Davanagere,Cybercrime,16,4,4,6.42,6
2026-05-15 16:00:00,Mangaluru,Fraud,16,4,44,9.18,10
2026-05-15 16:00:00,Shivamogga,Fraud,16,4,35,7.22,7
2026-05-15 17:00:00,Mysuru,Burglary,17,4,34,1.85,5
2026-05-15 17:00:00,Ballari,Theft,17,4,13,5.05,5
2026-05-15 18:00:00,Mysuru,Burglary,18,4,15,1.57,4
2026-05-15 18:00:00,Mysuru,Assault,18,4,3,3.47,1
2026-05-15 18:00:00,Udupi,Assault,18,4,36,9.47,9
2026-05-15 18:00:00,Shivamogga,Cybercrime,18,4,39,9.05,9
2026-05-15 19:00:00,Bengaluru Urban,Fraud,19,4,41,5.49,11
2026-05-15 20:00:00,Mangaluru,Assault,20,4,13,7.98,7
2026-05-15 20:00:00,Mangaluru,Theft,20,4,14,4.09,3
2026-05-15 20:00:00,Mangaluru,Assault,20,4,9,4.31,6
2026-05-15 21:00:00,Mysuru,Fraud,21,4,40,3.76,8
2026-05-15 21:00:00,Mangaluru,Fraud,21,4,22,1.73,4
2026-05-15 22:00:00,Hubballi-Dharwad,Assault,22,4,19,9.12,6
2026-05-15 22:00:00,Mysuru,Assault,22,4,10,6.39,6
2026-05-15 22:00:00,Davanagere,Assault,22,4,8,5.09,5
2026-05-15 23:00:00,Ballari,Theft,23,4,18,6.96,5
2026-05-16 00:00:00,Davanagere,Burglary,0,5,21,5.36,8
2026-05-16 00:00:00,Ballari,Assault,0,5,31,1.86,5
2026-05-16 00:00:00,Kalaburagi,Theft,0,5,18,6.83,8
2026-05-16 00:00:00,Bengaluru Urban,Theft,0,5,29,3.0,11
2026-05-16 01:00:00,Udupi,Burglary,1,5,6,6.59,7
2026-05-16 02:00:00,Ballari,Cybercrime,2,5,10,4.87,3
2026-05-16 02:00:00,Mangaluru,Burglary,2,5,37,9.12,12
2026-05-16 02:00:00,Udupi,Assault,2,5,26,1.41,4
2026-05-16 03:00:00,Shivamogga,Cybercrime,3,5,7,6.18,4
2026-05-16 03:00:00,Bengaluru Urban,Assault,3,5,42,1.73,9
2026-05-16 04:00:00,Mysuru,Cybercrime,4,5,25,4.59,5
2026-05-16 04:00:00,Bengaluru Urban,Assault,4,5,23,5.27,9
2026-05-16 05:00:00,Davanagere,Burglary,5,5,15,4.81,6
2026-05-16 06:00:00,Mangaluru,Fraud,6,5,15,8.28,4
2026-05-16 06:00:00,Mangaluru,Burglary,6,5,15,2.36,3
2026-05-16 06:00:00,Bengaluru Urban,Cybercrime,6,5,43,4.98,10
2026-05-16 07:00:00,Mysuru,Theft,7,5,29,3.24,5
2026-05-16 08:00:00,Kalaburagi,Burglary,8,5,42,8.59,9
2026-05-16 08:00:00,Mysuru,Assault,8,5,34,8.79,7
2026-05-16 08:00:00,Kalaburagi,Burglary,8,5,37,4.79,7
2026-05-16 09:00:00,Kalaburagi,Burglary,9,5,39,2.36,6
2026-05-16 10:00:00,Mangaluru,Theft,10,5,20,2.95,5
2026-05-16 10:00:00,Hubballi-Dharwad,Fraud,10,5,32,7.16,8
2026-05-16 11:00:00,Mangaluru,Assault,11,5,13,4.23,4
2026-05-16 11:00:00,Mysuru,Fraud,11,5,31,5.39,7
2026-05-16 11:00:00,Shivamogga,Burglary,11,5,40,1.31,6
2026-05-16 11:00:00,Mysuru,Assault,11,5,30,3.31,6
2026-05-16 11:00:00,Mysuru,Burglary,11,5,24,9.36,8
2026-05-16 12:00:00,Mangaluru,Assault,12,5,17,7.18,5
2026-05-16 12:00:00,Bengaluru Urban,Assault,12,5,8,1.79,6
2026-05-16 13:00:00,Kalaburagi,Cybercrime,13,5,32,3.85,8
2026-05-16 13:00:00,Shivamogga,Burglary,13,5,25,6.67,5
2026-05-16 13:00:00,Hubballi-Dharwad,Fraud,13,5,4,8.27,4
2026-05-16 15:00:00,Bengaluru Urban,Burglary,15,5,23,7.91,10
2026-05-16 15:00:00,Hubballi-Dharwad,Theft,15,5,18,6.86,5
2026-05-16 15:00:00,Belagavi,Cybercrime,15,5,41,4.95,11
2026-05-16 16:00:00,Hubballi-Dharwad,Burglary,16,5,19,8.73,5
2026-05-16 16:00:00,Udupi,Assault,16,5,29,3.02,5
2026-05-16 16:00:00,Ballari,Burglary,16,5,4,6.04,5
2026-05-16 16:00:00,Hubballi-Dharwad,Assault,16,5,39,4.36,7
2026-05-16 16:00:00,Kalaburagi,Cybercrime,16,5,42,5.93,10
2026-05-16 17:00:00,Udupi,Burglary,17,5,28,1.54,6
2026-05-16 18:00:00,Belagavi,Cybercrime,18,5,44,6.5,8
2026-05-16 18:00:00,Udupi,Assault,18,5,31,5.16,6
2026-05-16 18:00:00,Bengaluru Urban,Assault,18,5,21,2.47,7
2026-05-16 19:00:00,Udupi,Cybercrime,19,5,11,6.78,3
2026-05-16 19:00:00,Mysuru,Assault,19,5,4,8.32,6
2026-05-16 19:00:00,Hubballi-Dharwad,Burglary,19,5,36,1.32,6
2026-05-16 19:00:00,Shivamogga,Assault,19,5,30,1.2,6
2026-05-16 19:00:00,Mysuru,Assault,19,5,6,3.58,4
2026-05-16 19:00:00,Hubballi-Dharwad,Theft,19,5,20,1.69,5
2026-05-16 20:00:00,Hubballi-Dharwad,Assault,20,5,27,6.14,7
2026-05-16 20:00:00,Shivamogga,Fraud,20,5,23,8.13,6
2026-05-16 20:00:00,Shivamogga,Assault,20,5,36,7.64,10
2026-05-16 20:00:00,Ballari,Theft,20,5,6,5.64,4
2026-05-16 21:00:00,Mysuru,Assault,21,5,29,6.53,9
2026-05-16 22:00:00,Belagavi,Assault,22,5,22,9.34,9
2026-05-16 22:00:00,Mysuru,Burglary,22,5,8,2.49,2
2026-05-16 22:00:00,Shivamogga,Assault,22,5,13,7.27,6
2026-05-16 23:00:00,Ballari,Fraud,23,5,17,3.62,5
2026-05-17 00:00:00,Davanagere,Burglary,0,6,5,9.11,8
2026-05-17 00:00:00,Kalaburagi,Theft,0,6,9,8.67,9
2026-05-17 02:00:00,Davanagere,Cybercrime,2,6,4,5.23,2
2026-05-17 03:00:00,Kalaburagi,Cybercrime,3,6,7,2.75,3
2026-05-17 03:00:00,Davanagere,Assault,3,6,8,3.59,3
2026-05-17 04:00:00,Shivamogga,Theft,4,6,36,1.28,9
2026-05-17 04:00:00,Shivamogga,Assault,4,6,20,2.01,4
2026-05-17 04:00:00,Kalaburagi,Assault,4,6,37,3.43,6
2026-05-17 04:00:00,Shivamogga,Theft,4,6,23,7.09,8
2026-05-17 04:00:00,Kalaburagi,Burglary,4,6,13,9.12,8
2026-05-17 05:00:00,Hubballi-Dharwad,Assault,5,6,44,5.13,8
2026-05-17 06:00:00,Shivamogga,Theft,6,6,27,8.23,6
2026-05-17 06:00:00,Bengaluru Urban,Assault,6,6,11,3.22,6
2026-05-17 06:00:00,Udupi,Fraud,6,6,23,7.26,6
2026-05-17 06:00:00,Davanagere,Cybercrime,6,6,10,6.82,3
2026-05-17 09:00:00,Mysuru,Theft,9,6,18,9.1,4
2026-05-17 09:00:00,Mysuru,Burglary,9,6,36,4.03,6
2026-05-17 09:00:00,Shivamogga,Burglary,9,6,2,6.4,5
2026-05-17 10:00:00,Bengaluru Urban,Assault,10,6,43,7.53,12
2026-05-17 10:00:00,Bengaluru Urban,Cybercrime,10,6,19,8.73,12
2026-05-17 10:00:00,Ballari,Fraud,10,6,41,1.66,8
2026-05-17 11:00:00,Shivamogga,Assault,11,6,41,6.73,9
2026-05-17 11:00:00,Kalaburagi,Burglary,11,6,36,5.27,6
2026-05-17 13:00:00,Ballari,Assault,13,6,11,5.4,3
2026-05-17 13:00:00,Davanagere,Theft,13,6,3,2.08,3
2026-05-17 14:00:00,Ballari,Burglary,14,6,42,4.83,8
2026-05-17 14:00:00,Bengaluru Urban,Cybercrime,14,6,3,2.31,6
2026-05-17 14:00:00,Ballari,Assault,14,6,36,9.33,10
2026-05-17 14:00:00,Belagavi,Cybercrime,14,6,29,4.6,9
2026-05-17 14:00:00,Udupi,Cybercrime,14,6,22,6.04,8
2026-05-17 14:00:00,Hubballi-Dharwad,Cybercrime,14,6,21,5.33,8
2026-05-17 15:00:00,Bengaluru Urban,Cybercrime,15,6,13,2.87,10
2026-05-17 15:00:00,Belagavi,Assault,15,6,14,5.23,3
2026-05-17 15:00:00,Ballari,Fraud,15,6,33,3.22,6
2026-05-17 15:00:00,Davanagere,Assault,15,6,33,5.95,8
2026-05-17 15:00:00,Belagavi,Burglary,15,6,5,8.45,4
2026-05-17 15:00:00,Belagavi,Cybercrime,15,6,11,8.43,7
2026-05-17 15:00:00,Mangaluru,Assault,15,6,13,3.07,2
2026-05-17 16:00:00,Mangaluru,Assault,16,6,30,7.3,8
2026-05-17 17:00:00,Shivamogga,Burglary,17,6,43,2.17,7
2026-05-17 19:00:00,Kalaburagi,Burglary,19,6,42,4.13,6
2026-05-17 19:00:00,Shivamogga,Fraud,19,6,2,1.85,2
2026-05-17 19:00:00,Udupi,Fraud,19,6,25,2.56,5
2026-05-17 20:00:00,Belagavi,Assault,20,6,31,9.47,10
2026-05-17 20:00:00,Bengaluru Urban,Burglary,20,6,12,4.69,6
2026-05-17 20:00:00,Kalaburagi,Assault,20,6,14,4.92,6
2026-05-17 22:00:00,Mysuru,Burglary,22,6,26,2.15,5
2026-05-17 22:00:00,Belagavi,Burglary,22,6,30,1.65,6
2026-05-17 23:00:00,Kalaburagi,Fraud,23,6,25,3.99,5
2026-05-17 23:00:00,Mysuru,Fraud,23,6,27,1.5,5
2026-05-17 23:00:00,Bengaluru Urban,Burglary,23,6,41,4.57,10
2026-05-17 23:00:00,Mangaluru,Assault,23,6,34,3.99,8
2026-05-18 00:00:00,Mysuru,Cybercrime,0,0,41,6.35,8
2026-05-18 00:00:00,Belagavi,Fraud,0,0,24,2.68,5
2026-05-18 00:00:00,Ballari,Fraud,0,0,26,1.36,3
2026-05-18 00:00:00,Kalaburagi,Theft,0,0,11,1.68,6
2026-05-18 00:00:00,Hubballi-Dharwad,Cybercrime,0,0,33,2.36,6
2026-05-18 01:00:00,Belagavi,Fraud,1,0,24,2.36,3
2026-05-18 02:00:00,Mysuru,Cybercrime,2,0,42,4.51,8
2026-05-18 03:00:00,Bengaluru Urban,Theft,3,0,10,4.37,9
2026-05-18 03:00:00,Belagavi,Theft,3,0,13,2.81,7
2026-05-18 04:00:00,Belagavi,Assault,4,0,40,6.35,7
2026-05-18 04:00:00,Davanagere,Fraud,4,0,41,3.63,8
2026-05-18 04:00:00,Mangaluru,Burglary,4,0,24,8.96,10
2026-05-18 04:00:00,Mysuru,Assault,4,0,30,1.72,4
2026-05-18 05:00:00,Ballari,Cybercrime,5,0,20,9.24,6
2026-05-18 05:00:00,Kalaburagi,Fraud,5,0,6,4.08,2
2026-05-18 05:00:00,Bengaluru Urban,Fraud,5,0,33,2.78,8
2026-05-18 06:00:00,Udupi,Cybercrime,6,0,15,6.18,6
2026-05-18 06:00:00,Shivamogga,Burglary,6,0,19,1.38,4
2026-05-18 06:00:00,Kalaburagi,Fraud,6,0,4,1.99,2
2026-05-18 06:00:00,Udupi,Theft,6,0,4,3.05,2
2026-05-18 06:00:00,Udupi,Assault,6,0,18,2.68,2
2026-05-18 06:00:00,Bengaluru Urban,Fraud,6,0,20,4.14,9
2026-05-18 07:00:00,Shivamogga,Burglary,7,0,28,4.33,6
2026-05-18 07:00:00,Belagavi,Burglary,7,0,30,2.08,5
2026-05-18 08:00:00,Shivamogga,Fraud,8,0,23,2.39,5
2026-05-18 08:00:00,Belagavi,Assault,8,0,34,2.28,6
2026-05-18 09:00:00,Udupi,Assault,9,0,23,9.12,7
2026-05-18 10:00:00,Ballari,Burglary,10,0,14,3.13,4
2026-05-18 10:00:00,Hubballi-Dharwad,Cybercrime,10,0,36,2.26,9
2026-05-18 12:00:00,Udupi,Fraud,12,0,25,9.46,8
2026-05-18 13:00:00,Shivamogga,Fraud,13,0,15,4.15,4
2026-05-18 13:00:00,Bengaluru Urban,Assault,13,0,43,5.97,12
2026-05-18 13:00:00,Hubballi-Dharwad,Assault,13,0,32,6.99,6
2026-05-18 14:00:00,Mangaluru,Assault,14,0,25,8.46,6
2026-05-18 15:00:00,Bengaluru Urban,Assault,15,0,12,6.0,9
2026-05-18 15:00:00,Ballari,Theft,15,0,38,8.74,9
2026-05-18 15:00:00,Shivamogga,Theft,15,0,23,7.02,5
2026-05-18 16:00:00,Shivamogga,Cybercrime,16,0,15,3.62,7
2026-05-18 17:00:00,Shivamogga,Fraud,17,0,26,8.4,6
2026-05-18 17:00:00,Hubballi-Dharwad,Fraud,17,0,7,9.08,5
2026-05-18 17:00:00,Udupi,Fraud,17,0,2,1.87,2
2026-05-18 17:00:00,Ballari,Fraud,17,0,11,7.94,6
2026-05-18 18:00:00,Shivamogga,Cybercrime,18,0,2,4.65,3
2026-05-18 18:00:00,Shivamogga,Fraud,18,0,24,1.93,4
2026-05-18 19:00:00,Belagavi,Theft,19,0,27,3.77,4
2026-05-18 19:00:00,Kalaburagi,Burglary,19,0,28,5.08,5
2026-05-18 19:00:00,Belagavi,Theft,19,0,20,9.17,7
2026-05-18 19:00:00,Hubballi-Dharwad,Theft,19,0,44,7.3,7
2026-05-18 20:00:00,Udupi,Theft,20,0,24,8.76,7
2026-05-18 21:00:00,Ballari,Burglary,21,0,43,4.86,7
2026-05-18 21:00:00,Mangaluru,Theft,21,0,33,3.12,4
2026-05-18 22:00:00,Shivamogga,Cybercrime,22,0,2,6.7,2
2026-05-18 22:00:00,Kalaburagi,Assault,22,0,31,6.64,9
2026-05-18 23:00:00,Mysuru,Burglary,23,0,13,3.72,4
2026-05-18 23:00:00,Kalaburagi,Assault,23,0,43,6.56,9
2026-05-18 23:00:00,Hubballi-Dharwad,Fraud,23,0,36,9.04,8
2026-05-18 23:00:00,Shivamogga,Assault,23,0,8,5.74,6
2026-05-19 00:00:00,Mysuru,Assault,0,1,33,9.15,9
2026-05-19 00:00:00,Ballari,Theft,0,1,17,9.26,7
2026-05-19 01:00:00,Shivamogga,Theft,1,1,6,5.33,5
2026-05-19 02:00:00,Kalaburagi,Cybercrime,2,1,12,3.34,4
2026-05-19 02:00:00,Mangaluru,Burglary,2,1,3,6.38,6
2026-05-19 03:00:00,Davanagere,Burglary,3,1,16,7.34,8
2026-05-19 04:00:00,Udupi,Fraud,4,1,39,6.12,7
2026-05-19 04:00:00,Ballari,Assault,4,1,14,7.69,4
2026-05-19 04:00:00,Mangaluru,Fraud,4,1,15,9.07,6
2026-05-19 05:00:00,Udupi,Theft,5,1,42,4.78,9
2026-05-19 05:00:00,Bengaluru Urban,Burglary,5,1,22,2.49,11
2026-05-19 05:00:00,Belagavi,Burglary,5,1,16,8.03,7
2026-05-19 05:00:00,Bengaluru Urban,Fraud,5,1,34,4.52,9
2026-05-19 05:00:00,Davanagere,Theft,5,1,6,5.97,6
2026-05-19 06:00:00,Ballari,Cybercrime,6,1,2,6.38,4
2026-05-19 07:00:00,Bengaluru Urban,Burglary,7,1,7,8.61,8
2026-05-19 07:00:00,Mysuru,Theft,7,1,35,5.75,7
2026-05-19 07:00:00,Mangaluru,Fraud,7,1,10,9.01,5
2026-05-19 07:00:00,Kalaburagi,Fraud,7,1,40,2.12,5
2026-05-19 08:00:00,Shivamogga,Assault,8,1,36,4.23,5
2026-05-19 08:00:00,Davanagere,Assault,8,1,32,7.43,7
2026-05-19 08:00:00,Shivamogga,Fraud,8,1,15,2.52,2
2026-05-19 08:00:00,Bengaluru Urban,Burglary,8,1,43,3.56,10
2026-05-19 09:00:00,Bengaluru Urban,Theft,9,1,21,5.67,7
2026-05-19 10:00:00,Hubballi-Dharwad,Cybercrime,10,1,39,3.53,10
2026-05-19 10:00:00,Belagavi,Burglary,10,1,20,4.98,6
2026-05-19 10:00:00,Kalaburagi,Burglary,10,1,35,5.98,6
2026-05-19 11:00:00,Shivamogga,Burglary,11,1,27,8.5,7
2026-05-19 12:00:00,Mangaluru,Burglary,12,1,7,3.01,4
2026-05-19 13:00:00,Mysuru,Burglary,13,1,6,2.41,1
2026-05-19 13:00:00,Shivamogga,Cybercrime,13,1,23,3.67,8
2026-05-19 13:00:00,Shivamogga,Burglary,13,1,41,9.1,8
2026-05-19 13:00:00,Bengaluru Urban,Burglary,13,1,6,5.84,7
2026-05-19 13:00:00,Udupi,Theft,13,1,5,6.58,4
2026-05-19 14:00:00,Hubballi-Dharwad,Fraud,14,1,26,7.28,7
2026-05-19 14:00:00,Mysuru,Theft,14,1,13,3.38,3
2026-05-19 16:00:00,Shivamogga,Theft,16,1,17,9.06,5
2026-05-19 16:00:00,Shivamogga,Fraud,16,1,41,7.39,9
2026-05-19 17:00:00,Mysuru,Fraud,17,1,25,2.14,6
2026-05-19 17:00:00,Mangaluru,Burglary,17,1,33,4.8,5
2026-05-19 17:00:00,Mangaluru,Theft,17,1,4,6.95,3
2026-05-19 18:00:00,Hubballi-Dharwad,Fraud,18,1,9,6.88,6
2026-05-19 18:00:00,Davanagere,Burglary,18,1,16,7.99,6
2026-05-19 18:00:00,Shivamogga,Theft,18,1,12,3.3,4
2026-05-19 18:00:00,Mangaluru,Fraud,18,1,43,4.83,8
2026-05-19 19:00:00,Bengaluru Urban,Burglary,19,1,13,6.7,7
2026-05-19 19:00:00,Ballari,Fraud,19,1,28,6.28,6
2026-05-19 19:00:00,Mysuru,Assault,19,1,44,7.38,10
2026-05-19 19:00:00,Udupi,Burglary,19,1,28,3.57,5
2026-05-19 19:00:00,Mysuru,Fraud,19,1,22,4.49,5
2026-05-19 19:00:00,Shivamogga,Cybercrime,19,1,31,7.57,6
2026-05-19 20:00:00,Mangaluru,Cybercrime,20,1,2,4.51,1
2026-05-19 21:00:00,Bengaluru Urban,Burglary,21,1,17,7.7,7
2026-05-19 22:00:00,Ballari,Theft,22,1,18,6.14,4
2026-05-19 22:00:00,Hubballi-Dharwad,Theft,22,1,12,7.03,6
2026-05-19 23:00:00,Udupi,Fraud,23,1,15,4.07,3
2026-05-20 00:00:00,Udupi,Burglary,0,2,2,8.95,7
2026-05-20 00:00:00,Udupi,Theft,0,2,42,8.14,13
2026-05-20 00:00:00,Mangaluru,Assault,0,2,26,6.09,7
2026-05-20 00:00:00,Mysuru,Assault,0,2,31,6.44,5
2026-05-20 01:00:00,Kalaburagi,Burglary,1,2,18,7.57,9
2026-05-20 01:00:00,Mysuru,Theft,1,2,25,4.67,7
2026-05-20 03:00:00,Mysuru,Assault,3,2,12,8.55,5
2026-05-20 03:00:00,Belagavi,Theft,3,2,44,4.71,12
2026-05-20 03:00:00,Shivamogga,Assault,3,2,18,7.32,5
2026-05-20 03:00:00,Belagavi,Assault,3,2,27,6.35,7
2026-05-20 03:00:00,Udupi,Fraud,3,2,15,2.84,3
2026-05-20 04:00:00,Davanagere,Fraud,4,2,40,3.27,9
2026-05-20 04:00:00,Ballari,Cybercrime,4,2,41,2.78,7
2026-05-20 04:00:00,Ballari,Assault,4,2,18,8.78,6
2026-05-20 05:00:00,Mysuru,Burglary,5,2,20,8.03,10
2026-05-20 06:00:00,Ballari,Burglary,6,2,41,8.21,9
2026-05-20 06:00:00,Mangaluru,Burglary,6,2,3,1.25,2
2026-05-20 07:00:00,Udupi,Theft,7,2,17,2.26,3
2026-05-20 07:00:00,Hubballi-Dharwad,Assault,7,2,12,6.62,5
2026-05-20 07:00:00,Kalaburagi,Theft,7,2,19,8.37,7
2026-05-20 07:00:00,Mangaluru,Cybercrime,7,2,44,8.67,10
2026-05-20 08:00:00,Mangaluru,Fraud,8,2,33,4.1,5
2026-05-20 08:00:00,Belagavi,Fraud,8,2,3,6.09,2
2026-05-20 09:00:00,Shivamogga,Theft,9,2,16,7.27,5
2026-05-20 09:00:00,Shivamogga,Fraud,9,2,25,1.27,4
2026-05-20 10:00:00,Kalaburagi,Theft,10,2,42,5.67,7
2026-05-20 10:00:00,Bengaluru Urban,Burglary,10,2,39,2.72,11
2026-05-20 10:00:00,Mangaluru,Burglary,10,2,39,6.62,8
2026-05-20 11:00:00,Mysuru,Assault,11,2,37,7.58,8
2026-05-20 11:00:00,Kalaburagi,Burglary,11,2,12,2.4,2
2026-05-20 12:00:00,Bengaluru Urban,Burglary,12,2,24,3.69,8
2026-05-20 12:00:00,Kalaburagi,Burglary,12,2,13,2.4,3
2026-05-20 12:00:00,Bengaluru Urban,Theft,12,2,42,8.41,11
2026-05-20 14:00:00,Davanagere,Theft,14,2,15,3.26,5
2026-05-20 15:00:00,Belagavi,Theft,15,2,9,2.91,1
2026-05-20 15:00:00,Hubballi-Dharwad,Burglary,15,2,27,4.0,6
2026-05-20 15:00:00,Belagavi,Burglary,15,2,21,7.52,8
2026-05-20 16:00:00,Mysuru,Assault,16,2,24,4.69,6
2026-05-20 16:00:00,Ballari,Fraud,16,2,13,3.98,3
2026-05-20 17:00:00,Belagavi,Fraud,17,2,21,4.58,4
2026-05-20 17:00:00,Hubballi-Dharwad,Cybercrime,17,2,9,4.51,3
2026-05-20 18:00:00,Davanagere,Assault,18,2,25,7.32,6
2026-05-20 18:00:00,Ballari,Cybercrime,18,2,22,7.43,6
2026-05-20 18:00:00,Mysuru,Fraud,18,2,31,6.55,6
2026-05-20 18:00:00,Kalaburagi,Fraud,18,2,35,7.93,9
2026-05-20 19:00:00,Ballari,Theft,19,2,17,1.44,3
2026-05-20 19:00:00,Belagavi,Assault,19,2,42,1.27,9
2026-05-20 19:00:00,Shivamogga,Theft,19,2,32,8.34,8
2026-05-20 20:00:00,Hubballi-Dharwad,Assault,20,2,7,6.6,6
2026-05-20 20:00:00,Davanagere,Burglary,20,2,42,1.47,6
2026-05-20 21:00:00,Bengaluru Urban,Burglary,21,2,27,5.56,9
2026-05-20 21:00:00,Davanagere,Fraud,21,2,18,6.76,6
2026-05-20 21:00:00,Kalaburagi,Fraud,21,2,33,4.32,8
2026-05-20 21:00:00,Shivamogga,Assault,21,2,5,1.41,4
2026-05-20 22:00:00,Udupi,Assault,22,2,3,7.13,5
2026-05-20 23:00:00,Belagavi,Theft,23,2,30,3.04,6
2026-05-20 23:00:00,Mangaluru,Assault,23,2,27,4.96,6
2026-05-20 23:00:00,Shivamogga,Burglary,23,2,8,2.74,2
2026-05-21 00:00:00,Shivamogga,Assault,0,3,32,2.01,4
2026-05-21 00:00:00,Bengaluru Urban,Assault,0,3,25,2.57,7
2026-05-21 01:00:00,Davanagere,Burglary,1,3,11,5.94,8
2026-05-21 02:00:00,Udupi,Burglary,2,3,16,8.24,7
2026-05-21 03:00:00,Hubballi-Dharwad,Cybercrime,3,3,3,6.91,3
2026-05-21 03:00:00,Hubballi-Dharwad,Cybercrime,3,3,30,4.43,5
2026-05-21 03:00:00,Mysuru,Theft,3,3,4,8.09,6
2026-05-21 03:00:00,Shivamogga,Assault,3,3,39,1.9,5
2026-05-21 04:00:00,Davanagere,Assault,4,3,30,3.58,5
2026-05-21 04:00:00,Udupi,Theft,4,3,16,7.74,10
2026-05-21 04:00:00,Shivamogga,Assault,4,3,36,5.46,8
2026-05-21 04:00:00,Ballari,Theft,4,3,21,3.52,6
2026-05-21 05:00:00,Ballari,Burglary,5,3,35,1.94,8
2026-05-21 06:00:00,Ballari,Assault,6,3,32,4.19,5
2026-05-21 07:00:00,Bengaluru Urban,Theft,7,3,13,3.36,7
2026-05-21 07:00:00,Bengaluru Urban,Assault,7,3,40,1.29,9
2026-05-21 08:00:00,Shivamogga,Assault,8,3,2,9.3,3
2026-05-21 08:00:00,Belagavi,Assault,8,3,41,4.93,7
2026-05-21 08:00:00,Belagavi,Fraud,8,3,9,8.81,4
2026-05-21 09:00:00,Shivamogga,Cybercrime,9,3,31,9.4,8
2026-05-21 10:00:00,Hubballi-Dharwad,Burglary,10,3,24,4.63,6
2026-05-21 10:00:00,Shivamogga,Theft,10,3,35,6.54,7
2026-05-21 10:00:00,Bengaluru Urban,Fraud,10,3,24,3.98,7
2026-05-21 11:00:00,Mysuru,Fraud,11,3,43,1.98,8
2026-05-21 11:00:00,Shivamogga,Cybercrime,11,3,30,8.81,11
2026-05-21 11:00:00,Kalaburagi,Cybercrime,11,3,20,4.47,8
2026-05-21 12:00:00,Udupi,Cybercrime,12,3,22,6.83,9
2026-05-21 12:00:00,Belagavi,Cybercrime,12,3,6,5.85,6
2026-05-21 12:00:00,Udupi,Theft,12,3,37,3.29,7
2026-05-21 14:00:00,Mangaluru,Theft,14,3,11,2.08,3
2026-05-21 14:00:00,Shivamogga,Assault,14,3,15,3.95,6
2026-05-21 14:00:00,Hubballi-Dharwad,Assault,14,3,11,7.44,5
2026-05-21 14:00:00,Mysuru,Theft,14,3,33,8.74,7
2026-05-21 14:00:00,Shivamogga,Cybercrime,14,3,30,7.16,10
2026-05-21 14:00:00,Mangaluru,Fraud,14,3,9,7.8,5
2026-05-21 15:00:00,Bengaluru Urban,Assault,15,3,14,6.08,8
2026-05-21 16:00:00,Bengaluru Urban,Fraud,16,3,4,8.68,9
2026-05-21 17:00:00,Ballari,Theft,17,3,35,4.14,7
2026-05-21 17:00:00,Mysuru,Theft,17,3,8,2.8,3
2026-05-21 17:00:00,Mangaluru,Assault,17,3,34,2.25,4
2026-05-21 18:00:00,Mysuru,Cybercrime,18,3,43,4.72,7
2026-05-21 18:00:00,Udupi,Theft,18,3,20,8.07,6
2026-05-21 19:00:00,Davanagere,Assault,19,3,20,8.2,8
2026-05-21 19:00:00,Hubballi-Dharwad,Theft,19,3,44,6.25,9
2026-05-21 19:00:00,Mangaluru,Fraud,19,3,31,4.64,6
2026-05-21 20:00:00,Kalaburagi,Assault,20,3,33,8.67,9
2026-05-21 20:00:00,Ballari,Assault,20,3,7,7.48,6
2026-05-21 20:00:00,Udupi,Cybercrime,20,3,22,7.88,6
2026-05-21 21:00:00,Bengaluru Urban,Cybercrime,21,3,20,5.88,8
2026-05-21 21:00:00,Hubballi-Dharwad,Burglary,21,3,8,9.26,5
2026-05-21 21:00:00,Mangaluru,Burglary,21,3,36,3.74,8
2026-05-21 22:00:00,Ballari,Theft,22,3,43,4.61,8
2026-05-21 23:00:00,Hubballi-Dharwad,Fraud,23,3,35,8.96,8
2026-05-21 23:00:00,Belagavi,Cybercrime,23,3,42,9.07,10
2026-05-21 23:00:00,Mangaluru,Theft,23,3,33,8.85,9
2026-05-22 00:00:00,Hubballi-Dharwad,Burglary,0,4,4,7.31,6
2026-05-22 01:00:00,Belagavi,Assault,1,4,6,5.19,3
2026-05-22 02:00:00,Mangaluru,Burglary,2,4,35,5.87,10
2026-05-22 02:00:00,Belagavi,Cybercrime,2,4,37,3.82,6
2026-05-22 02:00:00,Hubballi-Dharwad,Theft,2,4,34,9.23,10
2026-05-22 02:00:00,Mangaluru,Theft,2,4,7,1.21,6
2026-05-22 02:00:00,Shivamogga,Assault,2,4,9,7.34,6
2026-05-22 03:00:00,Bengaluru Urban,Burglary,3,4,8,7.45,12
2026-05-22 03:00:00,Shivamogga,Burglary,3,4,28,2.24,7
2026-05-22 03:00:00,Belagavi,Burglary,3,4,3,1.77,6
2026-05-22 04:00:00,Bengaluru Urban,Assault,4,4,39,2.52,9
2026-05-22 04:00:00,Udupi,Cybercrime,4,4,17,5.99,6
2026-05-22 04:00:00,Ballari,Assault,4,4,19,3.97,4
2026-05-22 05:00:00,Hubballi-Dharwad,Theft,5,4,44,5.86,12
2026-05-22 05:00:00,Kalaburagi,Assault,5,4,5,8.02,4
2026-05-22 05:00:00,Ballari,Cybercrime,5,4,26,3.99,6
2026-05-22 05:00:00,Belagavi,Theft,5,4,25,5.83,7
2026-05-22 06:00:00,Hubballi-Dharwad,Cybercrime,6,4,32,8.88,7
2026-05-22 06:00:00,Kalaburagi,Cybercrime,6,4,15,5.99,5
2026-05-22 06:00:00,Hubballi-Dharwad,Theft,6,4,22,7.11,6
2026-05-22 07:00:00,Hubballi-Dharwad,Burglary,7,4,35,3.76,7
2026-05-22 07:00:00,Hubballi-Dharwad,Cybercrime,7,4,44,4.72,9
2026-05-22 08:00:00,Mangaluru,Cybercrime,8,4,7,5.39,3
2026-05-22 08:00:00,Belagavi,Theft,8,4,2,3.16,2
2026-05-22 08:00:00,Mangaluru,Assault,8,4,34,7.2,5
2026-05-22 09:00:00,Bengaluru Urban,Cybercrime,9,4,36,9.12,12
2026-05-22 09:00:00,Bengaluru Urban,Assault,9,4,36,3.57,9
2026-05-22 09:00:00,Bengaluru Urban,Cybercrime,9,4,40,2.42,9
2026-05-22 09:00:00,Kalaburagi,Theft,9,4,23,3.62,4
2026-05-22 10:00:00,Shivamogga,Burglary,10,4,2,1.88,2
2026-05-22 11:00:00,Mysuru,Burglary,11,4,21,6.43,5
2026-05-22 11:00:00,Davanagere,Fraud,11,4,17,6.67,5
2026-05-22 12:00:00,Kalaburagi,Fraud,12,4,9,2.2,4
2026-05-22 13:00:00,Udupi,Burglary,13,4,17,8.42,5
2026-05-22 13:00:00,Mysuru,Fraud,13,4,16,2.95,3
2026-05-22 14:00:00,Shivamogga,Burglary,14,4,43,5.67,9
2026-05-22 14:00:00,Ballari,Fraud,14,4,42,3.12,8
2026-05-22 14:00:00,Mysuru,Fraud,14,4,5,7.46,4
2026-05-22 14:00:00,Ballari,Fraud,14,4,4,8.22,3
2026-05-22 15:00:00,Shivamogga,Assault,15,4,26,5.97,7
2026-05-22 16:00:00,Hubballi-Dharwad,Burglary,16,4,37,5.84,7
2026-05-22 17:00:00,Hubballi-Dharwad,Assault,17,4,41,4.55,7
2026-05-22 17:00:00,Mangaluru,Burglary,17,4,13,6.96,5
2026-05-22 17:00:00,Udupi,Fraud,17,4,42,2.29,7
2026-05-22 17:00:00,Belagavi,Cybercrime,17,4,20,4.24,4
2026-05-22 17:00:00,Shivamogga,Assault,17,4,24,2.86,5
2026-05-22 17:00:00,Mangaluru,Burglary,17,4,25,7.63,8
2026-05-22 18:00:00,Davanagere,Fraud,18,4,39,1.96,5
2026-05-22 18:00:00,Bengaluru Urban,Theft,18,4,36,8.56,9
2026-05-22 19:00:00,Kalaburagi,Cybercrime,19,4,2,7.22,5
2026-05-22 20:00:00,Udupi,Burglary,20,4,13,8.54,5
2026-05-22 20:00:00,Mysuru,Fraud,20,4,40,8.87,8
2026-05-22 20:00:00,Ballari,Assault,20,4,29,2.9,8
2026-05-22 20:00:00,Shivamogga,Assault,20,4,32,8.76,10
2026-05-22 21:00:00,Mysuru,Theft,21,4,43,5.81,7
2026-05-22 21:00:00,Mangaluru,Theft,21,4,4,9.48,5
2026-05-22 21:00:00,Shivamogga,Burglary,21,4,16,1.73,4
2026-05-22 22:00:00,Davanagere,Burglary,22,4,9,6.0,6
2026-05-22 22:00:00,Bengaluru Urban,Fraud,22,4,9,5.99,6
2026-05-22 22:00:00,Davanagere,Burglary,22,4,10,5.73,4
2026-05-22 23:00:00,Belagavi,Cybercrime,23,4,42,6.57,8
2026-05-22 23:00:00,Mysuru,Theft,23,4,28,3.09,5
2026-05-22 23:00:00,Kalaburagi,Theft,23,4,24,7.99,8
2026-05-23 00:00:00,Hubballi-Dharwad,Theft,0,5,11,2.53,6
2026-05-23 00:00:00,Mangaluru,Fraud,0,5,32,1.82,6
2026-05-23 01:00:00,Mangaluru,Burglary,1,5,40,6.65,10
2026-05-23 03:00:00,Kalaburagi,Burglary,3,5,20,8.91,9
2026-05-23 03:00:00,Davanagere,Theft,3,5,35,8.48,10
2026-05-23 04:00:00,Kalaburagi,Burglary,4,5,41,5.39,11
2026-05-23 04:00:00,Udupi,Theft,4,5,4,7.52,7
2026-05-23 05:00:00,Udupi,Theft,5,5,20,2.72,7
2026-05-23 05:00:00,Shivamogga,Theft,5,5,44,4.98,11
2026-05-23 05:00:00,Kalaburagi,Cybercrime,5,5,15,1.38,2
2026-05-23 05:00:00,Hubballi-Dharwad,Cybercrime,5,5,29,3.42,5
2026-05-23 06:00:00,Mangaluru,Burglary,6,5,37,6.9,8
2026-05-23 06:00:00,Belagavi,Fraud,6,5,26,7.88,7
2026-05-23 06:00:00,Bengaluru Urban,Cybercrime,6,5,42,7.29,13
2026-05-23 06:00:00,Davanagere,Assault,6,5,26,6.58,7
2026-05-23 06:00:00,Hubballi-Dharwad,Theft,6,5,28,8.87,7
2026-05-23 06:00:00,Mysuru,Assault,6,5,34,8.88,8
2026-05-23 07:00:00,Kalaburagi,Theft,7,5,38,9.1,10
2026-05-23 08:00:00,Shivamogga,Cybercrime,8,5,35,4.32,7
2026-05-23 08:00:00,Shivamogga,Burglary,8,5,4,6.61,5
2026-05-23 08:00:00,Hubballi-Dharwad,Cybercrime,8,5,43,5.62,7
2026-05-23 09:00:00,Hubballi-Dharwad,Theft,9,5,20,8.78,6
2026-05-23 09:00:00,Bengaluru Urban,Burglary,9,5,30,4.9,10
2026-05-23 09:00:00,Udupi,Theft,9,5,2,8.42,3
2026-05-23 10:00:00,Shivamogga,Assault,10,5,40,5.83,7
2026-05-23 11:00:00,Belagavi,Burglary,11,5,6,7.77,5
2026-05-23 12:00:00,Belagavi,Cybercrime,12,5,38,1.39,8
2026-05-23 12:00:00,Bengaluru Urban,Fraud,12,5,32,9.2,10
2026-05-23 12:00:00,Hubballi-Dharwad,Theft,12,5,44,3.53,6
2026-05-23 12:00:00,Hubballi-Dharwad,Fraud,12,5,3,1.21,2
2026-05-23 12:00:00,Udupi,Fraud,12,5,44,2.69,6
2026-05-23 12:00:00,Davanagere,Cybercrime,12,5,13,9.12,7
2026-05-23 13:00:00,Ballari,Cybercrime,13,5,18,6.97,6
2026-05-23 13:00:00,Davanagere,Fraud,13,5,31,3.15,5
2026-05-23 13:00:00,Shivamogga,Assault,13,5,22,6.7,6
2026-05-23 13:00:00,Kalaburagi,Cybercrime,13,5,18,7.17,8
2026-05-23 13:00:00,Kalaburagi,Fraud,13,5,43,2.18,5
2026-05-23 13:00:00,Davanagere,Burglary,13,5,38,8.66,7
2026-05-23 14:00:00,Hubballi-Dharwad,Assault,14,5,41,5.58,7
2026-05-23 14:00:00,Belagavi,Fraud,14,5,9,5.28,4
2026-05-23 15:00:00,Udupi,Theft,15,5,44,6.73,8
2026-05-23 15:00:00,Davanagere,Burglary,15,5,26,3.01,5
2026-05-23 16:00:00,Belagavi,Cybercrime,16,5,23,3.37,8
2026-05-23 16:00:00,Ballari,Burglary,16,5,11,7.0,5
2026-05-23 18:00:00,Udupi,Assault,18,5,12,6.06,5
2026-05-23 18:00:00,Bengaluru Urban,Fraud,18,5,22,8.24,11
2026-05-23 18:00:00,Hubballi-Dharwad,Fraud,18,5,22,4.54,4
2026-05-23 19:00:00,Ballari,Fraud,19,5,33,5.34,8
2026-05-23 20:00:00,Hubballi-Dharwad,Theft,20,5,24,1.44,4
2026-05-23 21:00:00,Shivamogga,Fraud,21,5,32,7.16,7
2026-05-23 22:00:00,Bengaluru Urban,Theft,22,5,20,4.66,9
2026-05-23 22:00:00,Davanagere,Assault,22,5,5,2.3,5
2026-05-23 23:00:00,Mangaluru,Burglary,23,5,3,5.44,4
2026-05-24 00:00:00,Bengaluru Urban,Burglary,0,6,23,1.91,11
2026-05-24 00:00:00,Mangaluru,Theft,0,6,13,6.72,8
2026-05-24 00:00:00,Bengaluru Urban,Fraud,0,6,21,6.08,8
2026-05-24 01:00:00,Mangaluru,Burglary,1,6,37,8.02,10
2026-05-24 02:00:00,Udupi,Burglary,2,6,42,4.96,11
2026-05-24 02:00:00,Bengaluru Urban,Fraud,2,6,11,8.9,9
2026-05-24 04:00:00,Davanagere,Burglary,4,6,5,6.56,7
2026-05-24 05:00:00,Mysuru,Burglary,5,6,5,3.48,5
2026-05-24 05:00:00,Shivamogga,Assault,5,6,30,9.11,6
2026-05-24 06:00:00,Davanagere,Fraud,6,6,28,8.98,7
2026-05-24 06:00:00,Shivamogga,Theft,6,6,29,4.71,6
2026-05-24 06:00:00,Bengaluru Urban,Cybercrime,6,6,3,3.26,3
2026-05-24 06:00:00,Mysuru,Fraud,6,6,34,8.13,8
2026-05-24 07:00:00,Mysuru,Assault,7,6,37,1.85,5
2026-05-24 07:00:00,Ballari,Fraud,7,6,17,5.96,5
2026-05-24 07:00:00,Mysuru,Burglary,7,6,34,1.59,5
2026-05-24 08:00:00,Mysuru,Cybercrime,8,6,12,3.71,4
2026-05-24 08:00:00,Udupi,Fraud,8,6,38,8.47,7
2026-05-24 09:00:00,Belagavi,Burglary,9,6,15,4.8,5
2026-05-24 09:00:00,Davanagere,Theft,9,6,14,7.64,4
2026-05-24 09:00:00,Udupi,Theft,9,6,12,3.4,3
2026-05-24 09:00:00,Shivamogga,Fraud,9,6,37,3.48,6
2026-05-24 10:00:00,Shivamogga,Burglary,10,6,38,6.46,8
2026-05-24 10:00:00,Belagavi,Fraud,10,6,14,6.92,6
2026-05-24 11:00:00,Kalaburagi,Theft,11,6,23,3.48,3
2026-05-24 11:00:00,Bengaluru Urban,Burglary,11,6,38,7.94,10
2026-05-24 12:00:00,Mysuru,Fraud,12,6,18,7.07,7
2026-05-24 13:00:00,Hubballi-Dharwad,Assault,13,6,20,7.41,5
2026-05-24 13:00:00,Bengaluru Urban,Cybercrime,13,6,23,7.08,12
2026-05-24 14:00:00,Bengaluru Urban,Cybercrime,14,6,18,7.06,11
2026-05-24 14:00:00,Belagavi,Fraud,14,6,21,6.4,5
2026-05-24 15:00:00,Ballari,Assault,15,6,40,4.79,7
2026-05-24 15:00:00,Belagavi,Assault,15,6,26,7.07,8
2026-05-24 15:00:00,Udupi,Theft,15,6,15,6.17,4
2026-05-24 16:00:00,Bengaluru Urban,Theft,16,6,10,9.04,7
2026-05-24 17:00:00,Ballari,Cybercrime,17,6,8,4.12,3
2026-05-24 17:00:00,Kalaburagi,Cybercrime,17,6,5,3.15,3
2026-05-24 18:00:00,Kalaburagi,Theft,18,6,40,6.86,9
2026-05-24 18:00:00,Belagavi,Assault,18,6,38,2.01,7
2026-05-24 18:00:00,Kalaburagi,Burglary,18,6,28,3.12,4
2026-05-24 18:00:00,Udupi,Burglary,18,6,10,9.36,6
2026-05-24 19:00:00,Shivamogga,Theft,19,6,30,5.13,6
2026-05-24 19:00:00,Mysuru,Theft,19,6,13,1.29,3
2026-05-24 20:00:00,Davanagere,Theft,20,6,4,7.99,4
2026-05-24 22:00:00,Belagavi,Theft,22,6,28,1.53,4
2026-05-24 22:00:00,Udupi,Assault,22,6,16,4.27,7
2026-05-24 22:00:00,Mysuru,Theft,22,6,6,8.81,4
2026-05-24 23:00:00,Belagavi,Fraud,23,6,6,5.52,2
2026-05-24 23:00:00,Mangaluru,Burglary,23,6,38,8.19,8
2026-05-25 00:00:00,Mangaluru,Burglary,0,0,12,7.7,8
2026-05-25 00:00:00,Udupi,Theft,0,0,19,6.9,9
2026-05-25 00:00:00,Hubballi-Dharwad,Assault,0,0,25,1.5,3
2026-05-25 01:00:00,Kalaburagi,Theft,1,0,31,5.19,10
2026-05-25 01:00:00,Belagavi,Fraud,1,0,7,6.55,4
2026-05-25 01:00:00,Mysuru,Burglary,1,0,8,6.39,8
2026-05-25 01:00:00,Mangaluru,Fraud,1,0,36,3.7,5
2026-05-25 01:00:00,Bengaluru Urban,Cybercrime,1,0,11,1.87,8
2026-05-25 01:00:00,Bengaluru Urban,Cybercrime,1,0,9,4.47,6
2026-05-25 02:00:00,Ballari,Fraud,2,0,20,3.06,3
2026-05-25 02:00:00,Udupi,Assault,2,0,23,6.53,5
2026-05-25 04:00:00,Mangaluru,Burglary,4,0,8,5.84,8
2026-05-25 04:00:00,Bengaluru Urban,Cybercrime,4,0,43,4.93,11
2026-05-25 04:00:00,Davanagere,Cybercrime,4,0,20,3.8,5
2026-05-25 04:00:00,Bengaluru Urban,Cybercrime,4,0,44,7.84,10
2026-05-25 05:00:00,Bengaluru Urban,Theft,5,0,34,5.77,12
2026-05-25 05:00:00,Udupi,Assault,5,0,22,2.05,6
2026-05-25 05:00:00,Shivamogga,Cybercrime,5,0,4,1.54,2
2026-05-25 05:00:00,Ballari,Burglary,5,0,26,7.79,9
2026-05-25 05:00:00,Belagavi,Assault,5,0,15,9.27,4
2026-05-25 05:00:00,Belagavi,Theft,5,0,9,5.43,6
2026-05-25 06:00:00,Kalaburagi,Assault,6,0,18,3.97,5
2026-05-25 06:00:00,Kalaburagi,Burglary,6,0,32,7.77,7
2026-05-25 06:00:00,Kalaburagi,Assault,6,0,4,6.74,4
2026-05-25 07:00:00,Belagavi,Theft,7,0,26,4.8,6
2026-05-25 08:00:00,Udupi,Burglary,8,0,27,2.52,4
2026-05-25 08:00:00,Mangaluru,Burglary,8,0,17,3.62,4
2026-05-25 08:00:00,Udupi,Fraud,8,0,30,3.86,5
2026-05-25 09:00:00,Davanagere,Burglary,9,0,15,4.01,3
2026-05-25 09:00:00,Ballari,Fraud,9,0,26,4.94,6
2026-05-25 09:00:00,Bengaluru Urban,Burglary,9,0,6,8.48,9
2026-05-25 10:00:00,Belagavi,Assault,10,0,5,4.26,3
2026-05-25 10:00:00,Bengaluru Urban,Burglary,10,0,7,8.73,9
2026-05-25 10:00:00,Shivamogga,Theft,10,0,25,8.57,6
2026-05-25 11:00:00,Davanagere,Fraud,11,0,21,5.31,6
2026-05-25 11:00:00,Davanagere,Fraud,11,0,20,7.04,6
2026-05-25 12:00:00,Bengaluru Urban,Burglary,12,0,44,5.85,10
2026-05-25 12:00:00,Hubballi-Dharwad,Burglary,12,0,20,2.28,4
2026-05-25 12:00:00,Belagavi,Assault,12,0,40,3.59,6
2026-05-25 13:00:00,Kalaburagi,Theft,13,0,17,3.49,3
2026-05-25 13:00:00,Mysuru,Cybercrime,13,0,19,2.92,7
2026-05-25 14:00:00,Hubballi-Dharwad,Fraud,14,0,36,8.97,9
2026-05-25 14:00:00,Shivamogga,Theft,14,0,33,8.55,8
2026-05-25 14:00:00,Davanagere,Assault,14,0,6,9.34,5
2026-05-25 14:00:00,Bengaluru Urban,Fraud,14,0,13,4.71,7
2026-05-25 15:00:00,Mysuru,Theft,15,0,27,9.18,6
2026-05-25 15:00:00,Belagavi,Burglary,15,0,34,5.81,7
2026-05-25 15:00:00,Mangaluru,Cybercrime,15,0,26,7.65,9
2026-05-25 17:00:00,Ballari,Burglary,17,0,19,9.08,7
2026-05-25 17:00:00,Ballari,Cybercrime,17,0,32,6.89,7
2026-05-25 18:00:00,Mangaluru,Fraud,18,0,27,2.53,4
2026-05-25 19:00:00,Davanagere,Burglary,19,0,25,4.58,4
2026-05-25 19:00:00,Hubballi-Dharwad,Theft,19,0,5,4.16,1
2026-05-25 19:00:00,Mangaluru,Cybercrime,19,0,12,6.78,4
2026-05-25 20:00:00,Hubballi-Dharwad,Fraud,20,0,17,9.22,7
2026-05-25 20:00:00,Shivamogga,Assault,20,0,40,6.69,10
2026-05-25 20:00:00,Ballari,Burglary,20,0,36,5.9,7
2026-05-25 20:00:00,Hubballi-Dharwad,Burglary,20,0,24,2.03,4
2026-05-25 21:00:00,Shivamogga,Cybercrime,21,0,10,3.39,3
2026-05-25 22:00:00,Bengaluru Urban,Cybercrime,22,0,35,8.31,11
2026-05-25 22:00:00,Mangaluru,Assault,22,0,44,6.96,10
2026-05-25 22:00:00,Mysuru,Fraud,22,0,10,7.0,5
2026-05-25 23:00:00,Bengaluru Urban,Theft,23,0,24,4.26,7
2026-05-26 00:00:00,Mangaluru,Cybercrime,0,1,6,4.43,3
2026-05-26 00:00:00,Shivamogga,Cybercrime,0,1,39,2.61,7
2026-05-26 00:00:00,Bengaluru Urban,Cybercrime,0,1,16,5.89,8
2026-05-26 02:00:00,Mysuru,Cybercrime,2,1,41,1.37,7
2026-05-26 02:00:00,Kalaburagi,Theft,2,1,24,5.52,7
2026-05-26 03:00:00,Belagavi,Theft,3,1,12,1.89,7
2026-05-26 04:00:00,Shivamogga,Theft,4,1,24,5.42,9
2026-05-26 05:00:00,Belagavi,Burglary,5,1,15,1.29,6
2026-05-26 05:00:00,Bengaluru Urban,Cybercrime,5,1,11,3.5,7
2026-05-26 06:00:00,Udupi,Burglary,6,1,31,7.23,7
2026-05-26 06:00:00,Kalaburagi,Fraud,6,1,5,5.93,3
2026-05-26 06:00:00,Davanagere,Fraud,6,1,19,6.77,6
2026-05-26 06:00:00,Davanagere,Assault,6,1,36,5.5,7
2026-05-26 06:00:00,Mangaluru,Fraud,6,1,29,5.89,5
2026-05-26 06:00:00,Hubballi-Dharwad,Assault,6,1,6,8.56,5
2026-05-26 07:00:00,Ballari,Assault,7,1,33,2.79,6
2026-05-26 07:00:00,Ballari,Burglary,7,1,40,5.34,7
2026-05-26 07:00:00,Ballari,Cybercrime,7,1,4,4.05,3
2026-05-26 08:00:00,Ballari,Assault,8,1,12,8.83,6
2026-05-26 08:00:00,Ballari,Fraud,8,1,5,5.51,3
2026-05-26 08:00:00,Ballari,Theft,8,1,11,1.36,3
2026-05-26 09:00:00,Bengaluru Urban,Fraud,9,1,5,3.38,6
2026-05-26 09:00:00,Shivamogga,Theft,9,1,2,1.8,1
2026-05-26 10:00:00,Ballari,Cybercrime,10,1,34,9.25,9
2026-05-26 10:00:00,Ballari,Theft,10,1,24,4.85,6
2026-05-26 11:00:00,Udupi,Fraud,11,1,19,9.45,6
2026-05-26 11:00:00,Bengaluru Urban,Assault,11,1,15,4.5,8
2026-05-26 11:00:00,Davanagere,Fraud,11,1,43,7.34,8
2026-05-26 11:00:00,Hubballi-Dharwad,Fraud,11,1,4,6.52,3
2026-05-26 12:00:00,Bengaluru Urban,Burglary,12,1,15,8.07,8
2026-05-26 12:00:00,Mangaluru,Fraud,12,1,42,6.0,10
2026-05-26 12:00:00,Mysuru,Theft,12,1,36,7.52,7
2026-05-26 12:00:00,Udupi,Cybercrime,12,1,33,9.19,9
2026-05-26 12:00:00,Hubballi-Dharwad,Assault,12,1,25,5.95,6
2026-05-26 12:00:00,Kalaburagi,Theft,12,1,10,1.4,2
2026-05-26 13:00:00,Kalaburagi,Theft,13,1,41,2.56,8
2026-05-26 13:00:00,Shivamogga,Fraud,13,1,35,5.28,7
2026-05-26 14:00:00,Mangaluru,Theft,14,1,24,2.24,4
2026-05-26 15:00:00,Hubballi-Dharwad,Cybercrime,15,1,2,7.64,7
2026-05-26 15:00:00,Bengaluru Urban,Theft,15,1,9,7.79,7
2026-05-26 15:00:00,Mysuru,Assault,15,1,29,5.34,6
2026-05-26 16:00:00,Belagavi,Burglary,16,1,11,2.55,3
2026-05-26 17:00:00,Mangaluru,Burglary,17,1,38,7.04,10
2026-05-26 18:00:00,Kalaburagi,Burglary,18,1,20,3.9,5
2026-05-26 18:00:00,Hubballi-Dharwad,Assault,18,1,28,2.34,4
2026-05-26 18:00:00,Belagavi,Assault,18,1,31,2.77,5
2026-05-26 19:00:00,Belagavi,Burglary,19,1,9,6.43,4
2026-05-26 20:00:00,Kalaburagi,Fraud,20,1,37,7.72,8
2026-05-26 20:00:00,Shivamogga,Cybercrime,20,1,30,4.29,6
2026-05-26 20:00:00,Kalaburagi,Cybercrime,20,1,41,3.69,8
2026-05-26 20:00:00,Kalaburagi,Fraud,20,1,35,8.66,9
2026-05-26 20:00:00,Ballari,Assault,20,1,16,8.05,8
2026-05-26 21:00:00,Bengaluru Urban,Theft,21,1,10,8.75,8
2026-05-26 21:00:00,Bengaluru Urban,Fraud,21,1,43,3.59,10
2026-05-26 21:00:00,Belagavi,Theft,21,1,18,2.96,3
2026-05-26 21:00:00,Kalaburagi,Burglary,21,1,6,3.52,3
2026-05-26 23:00:00,Davanagere,Theft,23,1,18,8.29,5
2026-05-26 23:00:00,Kalaburagi,Fraud,23,1,14,2.61,4
2026-05-27 00:00:00,Udupi,Cybercrime,0,2,21,6.04,4
2026-05-27 00:00:00,Bengaluru Urban,Theft,0,2,5,2.77,8
2026-05-27 00:00:00,Hubballi-Dharwad,Burglary,0,2,5,8.96,7
2026-05-27 00:00:00,Kalaburagi,Assault,0,2,30,4.0,6
2026-05-27 01:00:00,Mangaluru,Fraud,1,2,43,3.46,7
2026-05-27 01:00:00,Davanagere,Burglary,1,2,42,4.47,11
2026-05-27 02:00:00,Udupi,Assault,2,2,44,4.09,8
2026-05-27 02:00:00,Udupi,Assault,2,2,9,2.36,2
2026-05-27 02:00:00,Mangaluru,Cybercrime,2,2,43,8.95,8
2026-05-27 02:00:00,Bengaluru Urban,Fraud,2,2,35,6.35,9
2026-05-27 04:00:00,Bengaluru Urban,Fraud,4,2,41,4.09,10
2026-05-27 05:00:00,Mangaluru,Assault,5,2,7,4.99,2
2026-05-27 05:00:00,Bengaluru Urban,Cybercrime,5,2,35,7.68,11
2026-05-27 05:00:00,Mysuru,Assault,5,2,29,3.51,6
2026-05-27 06:00:00,Mysuru,Burglary,6,2,21,6.98,5
2026-05-27 06:00:00,Mangaluru,Cybercrime,6,2,37,2.22,7
2026-05-27 06:00:00,Udupi,Theft,6,2,41,1.89,6
2026-05-27 07:00:00,Mysuru,Burglary,7,2,17,4.04,5
2026-05-27 07:00:00,Bengaluru Urban,Fraud,7,2,23,4.46,9
2026-05-27 07:00:00,Belagavi,Theft,7,2,2,8.94,3
2026-05-27 07:00:00,Davanagere,Fraud,7,2,10,9.05,5
2026-05-27 09:00:00,Ballari,Cybercrime,9,2,44,8.79,9
2026-05-27 10:00:00,Ballari,Assault,10,2,29,7.96,7
2026-05-27 10:00:00,Kalaburagi,Cybercrime,10,2,15,7.92,8
2026-05-27 10:00:00,Shivamogga,Burglary,10,2,18,3.23,5
2026-05-27 11:00:00,Ballari,Cybercrime,11,2,17,8.77,8
2026-05-27 12:00:00,Ballari,Assault,12,2,20,7.7,5
2026-05-27 12:00:00,Mangaluru,Fraud,12,2,28,7.69,6
2026-05-27 12:00:00,Hubballi-Dharwad,Assault,12,2,11,5.92,3
2026-05-27 12:00:00,Davanagere,Fraud,12,2,33,1.94,5
2026-05-27 13:00:00,Mysuru,Assault,13,2,28,3.31,5
2026-05-27 13:00:00,Mysuru,Theft,13,2,44,7.2,9
2026-05-27 13:00:00,Udupi,Cybercrime,13,2,11,7.82,8
2026-05-27 14:00:00,Shivamogga,Theft,14,2,17,2.97,5
2026-05-27 14:00:00,Ballari,Assault,14,2,11,7.3,4
2026-05-27 14:00:00,Ballari,Burglary,14,2,18,4.23,3
2026-05-27 14:00:00,Mangaluru,Assault,14,2,21,4.36,5
2026-05-27 15:00:00,Udupi,Theft,15,2,19,4.65,7
2026-05-27 16:00:00,Davanagere,Fraud,16,2,33,4.71,6
2026-05-27 17:00:00,Belagavi,Theft,17,2,30,7.8,7
2026-05-27 18:00:00,Hubballi-Dharwad,Assault,18,2,36,3.77,6
2026-05-27 18:00:00,Udupi,Theft,18,2,37,4.97,7
2026-05-27 18:00:00,Mysuru,Burglary,18,2,41,6.34,8
2026-05-27 18:00:00,Mangaluru,Cybercrime,18,2,39,1.42,6
2026-05-27 20:00:00,Ballari,Burglary,20,2,32,5.94,6
2026-05-27 20:00:00,Mangaluru,Burglary,20,2,31,2.47,5
2026-05-27 20:00:00,Shivamogga,Assault,20,2,37,3.53,8
2026-05-27 20:00:00,Udupi,Assault,20,2,13,4.32,5
2026-05-27 21:00:00,Belagavi,Assault,21,2,3,7.01,5
2026-05-27 22:00:00,Udupi,Cybercrime,22,2,28,3.89,6
2026-05-27 23:00:00,Bengaluru Urban,Theft,23,2,36,3.61,11
2026-05-27 23:00:00,Hubballi-Dharwad,Theft,23,2,35,3.39,6
2026-05-27 23:00:00,Mangaluru,Theft,23,2,8,8.86,5
2026-05-27 23:00:00,Shivamogga,Fraud,23,2,36,8.12,7
2026-05-28 02:00:00,Hubballi-Dharwad,Theft,2,3,29,7.27,8
2026-05-28 02:00:00,Kalaburagi,Burglary,2,3,11,7.84,7
2026-05-28 03:00:00,Shivamogga,Cybercrime,3,3,31,4.67,6
2026-05-28 03:00:00,Mangaluru,Burglary,3,3,32,4.72,9
2026-05-28 03:00:00,Hubballi-Dharwad,Burglary,3,3,43,3.38,10
2026-05-28 04:00:00,Hubballi-Dharwad,Theft,4,3,4,5.68,6
2026-05-28 04:00:00,Davanagere,Fraud,4,3,20,8.02,6
2026-05-28 05:00:00,Kalaburagi,Assault,5,3,9,5.2,3
2026-05-28 06:00:00,Mysuru,Fraud,6,3,32,6.21,5
2026-05-28 06:00:00,Udupi,Theft,6,3,42,3.76,8
2026-05-28 06:00:00,Bengaluru Urban,Fraud,6,3,25,4.06,9
2026-05-28 06:00:00,Mangaluru,Theft,6,3,37,8.52,9
2026-05-28 06:00:00,Ballari,Cybercrime,6,3,9,7.21,4
2026-05-28 06:00:00,Bengaluru Urban,Cybercrime,6,3,2,7.63,6
2026-05-28 06:00:00,Bengaluru Urban,Fraud,6,3,9,3.43,6
2026-05-28 07:00:00,Mangaluru,Cybercrime,7,3,17,2.36,3
2026-05-28 08:00:00,Shivamogga,Assault,8,3,8,6.09,6
2026-05-28 08:00:00,Hubballi-Dharwad,Burglary,8,3,30,3.75,6
2026-05-28 09:00:00,Kalaburagi,Theft,9,3,6,3.16,3
2026-05-28 09:00:00,Bengaluru Urban,Theft,9,3,27,4.84,10
2026-05-28 09:00:00,Shivamogga,Theft,9,3,42,3.83,8
2026-05-28 09:00:00,Ballari,Assault,9,3,17,5.58,5
2026-05-28 09:00:00,Davanagere,Burglary,9,3,10,5.16,3
2026-05-28 09:00:00,Ballari,Fraud,9,3,26,5.7,7
2026-05-28 10:00:00,Belagavi,Burglary,10,3,36,4.38,7
2026-05-28 10:00:00,Ballari,Burglary,10,3,12,6.4,4
2026-05-28 10:00:00,Shivamogga,Cybercrime,10,3,5,5.73,6
2026-05-28 11:00:00,Davanagere,Burglary,11,3,13,2.53,3
2026-05-28 11:00:00,Mysuru,Burglary,11,3,25,8.46,6
2026-05-28 11:00:00,Mangaluru,Theft,11,3,15,1.64,4
2026-05-28 11:00:00,Bengaluru Urban,Burglary,11,3,23,4.67,8
2026-05-28 12:00:00,Bengaluru Urban,Cybercrime,12,3,8,4.98,9
2026-05-28 12:00:00,Shivamogga,Assault,12,3,20,6.72,6
2026-05-28 13:00:00,Davanagere,Assault,13,3,29,2.16,6
2026-05-28 13:00:00,Davanagere,Burglary,13,3,27,8.68,8
2026-05-28 14:00:00,Hubballi-Dharwad,Fraud,14,3,43,1.5,6
2026-05-28 14:00:00,Bengaluru Urban,Assault,14,3,13,7.17,7
2026-05-28 15:00:00,Ballari,Theft,15,3,9,5.52,5
2026-05-28 15:00:00,Shivamogga,Burglary,15,3,34,1.46,6
2026-05-28 16:00:00,Shivamogga,Theft,16,3,16,2.99,4
2026-05-28 16:00:00,Mysuru,Burglary,16,3,10,4.71,4
2026-05-28 16:00:00,Hubballi-Dharwad,Theft,16,3,3,7.34,4
2026-05-28 17:00:00,Belagavi,Cybercrime,17,3,19,9.33,5
2026-05-28 17:00:00,Mysuru,Burglary,17,3,2,5.62,5
2026-05-28 17:00:00,Udupi,Assault,17,3,7,5.58,4
2026-05-28 17:00:00,Mangaluru,Cybercrime,17,3,24,1.91,4
2026-05-28 18:00:00,Shivamogga,Burglary,18,3,36,4.53,8
2026-05-28 18:00:00,Bengaluru Urban,Theft,18,3,39,8.23,12
2026-05-28 18:00:00,Hubballi-Dharwad,Burglary,18,3,28,9.33,7
2026-05-28 18:00:00,Mysuru,Assault,18,3,25,1.92,4
2026-05-28 18:00:00,Udupi,Fraud,18,3,24,2.18,4
2026-05-28 18:00:00,Bengaluru Urban,Assault,18,3,26,9.19,10
2026-05-28 19:00:00,Kalaburagi,Theft,19,3,40,3.88,8
2026-05-28 19:00:00,Kalaburagi,Assault,19,3,34,7.39,9
2026-05-28 19:00:00,Ballari,Burglary,19,3,21,6.37,6
2026-05-28 21:00:00,Davanagere,Cybercrime,21,3,39,2.38,6
2026-05-28 21:00:00,Ballari,Burglary,21,3,29,3.67,5
2026-05-28 21:00:00,Kalaburagi,Theft,21,3,12,5.28,3
2026-05-28 22:00:00,Ballari,Burglary,22,3,10,5.94,3
2026-05-28 23:00:00,Davanagere,Burglary,23,3,25,8.33,6
2026-05-28 23:00:00,Hubballi-Dharwad,Burglary,23,3,29,6.88,5
2026-05-29 01:00:00,Shivamogga,Fraud,1,4,36,8.58,8
2026-05-29 02:00:00,Mangaluru,Theft,2,4,9,7.27,8
2026-05-29 02:00:00,Hubballi-Dharwad,Fraud,2,4,24,4.33,5
2026-05-29 02:00:00,Mangaluru,Fraud,2,4,27,7.85,6
2026-05-29 03:00:00,Ballari,Fraud,3,4,3,1.71,1
2026-05-29 03:00:00,Udupi,Assault,3,4,22,2.99,4
2026-05-29 04:00:00,Ballari,Cybercrime,4,4,32,3.7,5
2026-05-29 04:00:00,Davanagere,Burglary,4,4,23,7.8,9
2026-05-29 05:00:00,Mysuru,Fraud,5,4,17,3.79,4
2026-05-29 05:00:00,Kalaburagi,Cybercrime,5,4,16,5.95,5
2026-05-29 06:00:00,Davanagere,Fraud,6,4,18,6.81,5
2026-05-29 06:00:00,Mangaluru,Assault,6,4,7,8.26,5
2026-05-29 06:00:00,Shivamogga,Assault,6,4,43,9.09,10
2026-05-29 06:00:00,Belagavi,Theft,6,4,29,8.22,6
2026-05-29 07:00:00,Belagavi,Fraud,7,4,24,3.98,5
2026-05-29 08:00:00,Shivamogga,Burglary,8,4,2,6.71,3
2026-05-29 08:00:00,Bengaluru Urban,Assault,8,4,39,2.06,9
2026-05-29 09:00:00,Bengaluru Urban,Cybercrime,9,4,21,2.36,7
2026-05-29 09:00:00,Kalaburagi,Cybercrime,9,4,42,8.79,10
2026-05-29 09:00:00,Ballari,Fraud,9,4,38,6.83,9
2026-05-29 09:00:00,Davanagere,Fraud,9,4,30,6.88,6
2026-05-29 10:00:00,Hubballi-Dharwad,Fraud,10,4,24,3.61,3
2026-05-29 11:00:00,Udupi,Cybercrime,11,4,20,7.66,8
2026-05-29 11:00:00,Ballari,Assault,11,4,43,2.47,6
2026-05-29 11:00:00,Davanagere,Theft,11,4,19,8.68,6
2026-05-29 11:00:00,Bengaluru Urban,Theft,11,4,36,9.23,11
2026-05-29 13:00:00,Hubballi-Dharwad,Assault,13,4,26,8.14,6
2026-05-29 13:00:00,Mysuru,Cybercrime,13,4,3,4.34,3
2026-05-29 14:00:00,Udupi,Burglary,14,4,8,6.11,3
2026-05-29 14:00:00,Davanagere,Fraud,14,4,39,9.43,9
2026-05-29 14:00:00,Ballari,Assault,14,4,35,7.29,7
2026-05-29 16:00:00,Hubballi-Dharwad,Burglary,16,4,39,1.81,6
2026-05-29 17:00:00,Davanagere,Cybercrime,17,4,26,1.71,5
2026-05-29 17:00:00,Bengaluru Urban,Cybercrime,17,4,38,8.64,11
2026-05-29 18:00:00,Shivamogga,Burglary,18,4,5,1.48,3
2026-05-29 18:00:00,Mysuru,Theft,18,4,24,4.82,5
2026-05-29 19:00:00,Kalaburagi,Assault,19,4,5,6.72,7
2026-05-29 19:00:00,Hubballi-Dharwad,Cybercrime,19,4,17,8.56,5
2026-05-29 19:00:00,Mysuru,Cybercrime,19,4,38,7.24,7
2026-05-29 20:00:00,Ballari,Theft,20,4,30,6.02,6
2026-05-29 21:00:00,Davanagere,Cybercrime,21,4,4,5.01,2
2026-05-29 21:00:00,Mangaluru,Assault,21,4,38,1.52,10
2026-05-29 21:00:00,Kalaburagi,Theft,21,4,44,5.88,9
2026-05-29 21:00:00,Hubballi-Dharwad,Theft,21,4,33,3.53,5
2026-05-29 21:00:00,Udupi,Cybercrime,21,4,40,1.35,5
2026-05-29 22:00:00,Ballari,Cybercrime,22,4,24,5.25,6
2026-05-29 22:00:00,Mangaluru,Theft,22,4,13,7.42,6
2026-05-29 22:00:00,Mysuru,Fraud,22,4,27,4.53,7
2026-05-29 23:00:00,Ballari,Assault,23,4,35,5.0,9
2026-05-29 23:00:00,Ballari,Fraud,23,4,23,2.46,5
2026-05-29 23:00:00,Ballari,Assault,23,4,2,6.36,5
2026-05-30 00:00:00,Mangaluru,Burglary,0,5,9,3.94,5
2026-05-30 01:00:00,Udupi,Burglary,1,5,3,1.96,6
2026-05-30 01:00:00,Mangaluru,Burglary,1,5,25,2.15,9
2026-05-30 01:00:00,Hubballi-Dharwad,Theft,1,5,44,3.8,10
2026-05-30 01:00:00,Mangaluru,Burglary,1,5,33,2.1,8
2026-05-30 02:00:00,Udupi,Cybercrime,2,5,40,7.83,9
2026-05-30 02:00:00,Mysuru,Burglary,2,5,3,7.28,5
2026-05-30 03:00:00,Bengaluru Urban,Fraud,3,5,17,2.39,8
2026-05-30 03:00:00,Shivamogga,Theft,3,5,7,6.69,8
2026-05-30 03:00:00,Belagavi,Theft,3,5,9,8.56,7
2026-05-30 03:00:00,Mysuru,Fraud,3,5,42,5.32,7
2026-05-30 04:00:00,Kalaburagi,Burglary,4,5,24,4.86,9
2026-05-30 05:00:00,Ballari,Fraud,5,5,27,1.83,5
2026-05-30 05:00:00,Belagavi,Assault,5,5,18,9.45,6
2026-05-30 06:00:00,Davanagere,Fraud,6,5,25,2.41,6
2026-05-30 06:00:00,Udupi,Assault,6,5,24,6.04,5
2026-05-30 07:00:00,Shivamogga,Assault,7,5,22,3.04,5
2026-05-30 08:00:00,Mangaluru,Fraud,8,5,8,3.97,3
2026-05-30 08:00:00,Mangaluru,Assault,8,5,12,9.24,5
2026-05-30 08:00:00,Belagavi,Cybercrime,8,5,15,1.39,4
2026-05-30 08:00:00,Hubballi-Dharwad,Assault,8,5,18,3.57,5
2026-05-30 08:00:00,Shivamogga,Fraud,8,5,13,7.16,6
2026-05-30 08:00:00,Davanagere,Cybercrime,8,5,15,1.68,4
2026-05-30 08:00:00,Ballari,Cybercrime,8,5,25,7.33,8
2026-05-30 08:00:00,Mangaluru,Cybercrime,8,5,14,8.1,4
2026-05-30 09:00:00,Mysuru,Theft,9,5,14,3.55,4
2026-05-30 10:00:00,Ballari,Assault,10,5,2,4.89,3
2026-05-30 10:00:00,Mangaluru,Cybercrime,10,5,6,8.13,6
2026-05-30 11:00:00,Mysuru,Fraud,11,5,29,1.88,5
2026-05-30 11:00:00,Udupi,Assault,11,5,41,1.26,6
2026-05-30 12:00:00,Hubballi-Dharwad,Theft,12,5,30,7.58,7
2026-05-30 12:00:00,Ballari,Assault,12,5,2,7.43,4
2026-05-30 13:00:00,Hubballi-Dharwad,Fraud,13,5,21,6.6,4
2026-05-30 13:00:00,Udupi,Theft,13,5,26,3.04,6
2026-05-30 14:00:00,Davanagere,Assault,14,5,30,8.89,7
2026-05-30 14:00:00,Kalaburagi,Burglary,14,5,28,4.6,5
2026-05-30 14:00:00,Udupi,Fraud,14,5,43,3.5,6
2026-05-30 14:00:00,Udupi,Burglary,14,5,35,1.62,6
2026-05-30 14:00:00,Kalaburagi,Cybercrime,14,5,39,2.87,10
2026-05-30 14:00:00,Belagavi,Fraud,14,5,21,1.89,4
2026-05-30 14:00:00,Belagavi,Burglary,14,5,25,7.82,7
2026-05-30 16:00:00,Mysuru,Assault,16,5,44,3.45,7
2026-05-30 16:00:00,Davanagere,Assault,16,5,6,5.7,3
2026-05-30 16:00:00,Mangaluru,Burglary,16,5,21,8.32,7
2026-05-30 17:00:00,Davanagere,Theft,17,5,27,6.6,6
2026-05-30 17:00:00,Davanagere,Burglary,17,5,34,7.06,6
2026-05-30 17:00:00,Davanagere,Burglary,17,5,36,6.92,8
2026-05-30 17:00:00,Shivamogga,Cybercrime,17,5,13,5.62,6
2026-05-30 18:00:00,Hubballi-Dharwad,Burglary,18,5,3,3.87,3
2026-05-30 18:00:00,Mangaluru,Theft,18,5,33,5.89,8
2026-05-30 18:00:00,Shivamogga,Cybercrime,18,5,4,6.1,3
2026-05-30 19:00:00,Bengaluru Urban,Fraud,19,5,2,2.51,5
2026-05-30 19:00:00,Davanagere,Burglary,19,5,27,6.78,6
2026-05-30 19:00:00,Ballari,Cybercrime,19,5,18,2.0,5
2026-05-30 19:00:00,Shivamogga,Cybercrime,19,5,39,3.16,6
2026-05-30 20:00:00,Mysuru,Burglary,20,5,42,3.3,7
2026-05-30 20:00:00,Shivamogga,Burglary,20,5,34,3.48,5
2026-05-30 21:00:00,Shivamogga,Cybercrime,21,5,21,3.11,6
2026-05-30 21:00:00,Hubballi-Dharwad,Cybercrime,21,5,37,7.06,7
2026-05-30 21:00:00,Hubballi-Dharwad,Burglary,21,5,3,2.33,2
2026-05-30 22:00:00,Belagavi,Theft,22,5,43,5.29,8
2026-05-30 23:00:00,Shivamogga,Cybercrime,23,5,42,3.26,7
2026-05-30 23:00:00,Mysuru,Cybercrime,23,5,32,1.41,5
2026-05-31 00:00:00,Ballari,Theft,0,6,2,4.66,5
2026-05-31 00:00:00,Kalaburagi,Theft,0,6,17,2.73,8
2026-05-31 01:00:00,Mysuru,Assault,1,6,7,4.35,4
2026-05-31 01:00:00,Hubballi-Dharwad,Assault,1,6,24,7.22,6
2026-05-31 01:00:00,Bengaluru Urban,Fraud,1,6,19,2.3,7
2026-05-31 01:00:00,Bengaluru Urban,Theft,1,6,8,2.68,9
2026-05-31 02:00:00,Bengaluru Urban,Fraud,2,6,29,5.56,9
2026-05-31 02:00:00,Davanagere,Burglary,2,6,32,9.12,11
2026-05-31 02:00:00,Shivamogga,Cybercrime,2,6,17,2.46,3
2026-05-31 02:00:00,Kalaburagi,Fraud,2,6,38,5.8,8
2026-05-31 02:00:00,Belagavi,Burglary,2,6,18,2.56,6
2026-05-31 03:00:00,Bengaluru Urban,Theft,3,6,23,3.05,11
2026-05-31 03:00:00,Hubballi-Dharwad,Cybercrime,3,6,40,4.71,7
2026-05-31 03:00:00,Shivamogga,Cybercrime,3,6,23,6.06,6
2026-05-31 03:00:00,Udupi,Cybercrime,3,6,13,1.48,3
2026-05-31 03:00:00,Udupi,Cybercrime,3,6,35,8.62,8
2026-05-31 03:00:00,Bengaluru Urban,Cybercrime,3,6,36,6.92,11
2026-05-31 03:00:00,Davanagere,Assault,3,6,32,1.71,5
2026-05-31 05:00:00,Ballari,Burglary,5,6,5,7.41,7
2026-05-31 05:00:00,Udupi,Fraud,5,6,42,5.66,7
2026-05-31 05:00:00,Ballari,Burglary,5,6,31,2.04,8
2026-05-31 06:00:00,Belagavi,Fraud,6,6,6,3.76,3
2026-05-31 06:00:00,Shivamogga,Theft,6,6,33,4.85,6
2026-05-31 06:00:00,Mangaluru,Theft,6,6,10,3.27,3
2026-05-31 06:00:00,Kalaburagi,Assault,6,6,3,2.6,1
2026-05-31 07:00:00,Ballari,Cybercrime,7,6,5,2.46,2
2026-05-31 09:00:00,Ballari,Fraud,9,6,43,6.41,8
2026-05-31 09:00:00,Mysuru,Cybercrime,9,6,30,9.04,8
2026-05-31 09:00:00,Davanagere,Fraud,9,6,30,6.52,7
2026-05-31 09:00:00,Kalaburagi,Theft,9,6,28,3.38,6
2026-05-31 09:00:00,Davanagere,Burglary,9,6,26,8.04,7
2026-05-31 10:00:00,Udupi,Cybercrime,10,6,31,5.06,9
2026-05-31 11:00:00,Hubballi-Dharwad,Fraud,11,6,7,3.11,2
2026-05-31 11:00:00,Hubballi-Dharwad,Theft,11,6,37,3.85,7
2026-05-31 12:00:00,Mangaluru,Fraud,12,6,39,2.14,7
2026-05-31 12:00:00,Shivamogga,Fraud,12,6,31,3.0,5
2026-05-31 12:00:00,Hubballi-Dharwad,Cybercrime,12,6,41,6.84,10
2026-05-31 12:00:00,Shivamogga,Cybercrime,12,6,11,9.44,6
2026-05-31 14:00:00,Mysuru,Cybercrime,14,6,27,1.36,8
2026-05-31 15:00:00,Belagavi,Cybercrime,15,6,42,3.12,9
2026-05-31 16:00:00,Belagavi,Cybercrime,16,6,39,2.64,10
2026-05-31 17:00:00,Mangaluru,Burglary,17,6,40,6.39,6
2026-05-31 19:00:00,Bengaluru Urban,Assault,19,6,44,9.03,14
2026-05-31 19:00:00,Belagavi,Fraud,19,6,17,7.38,5
2026-05-31 20:00:00,Udupi,Fraud,20,6,41,7.66,9
2026-05-31 20:00:00,Udupi,Burglary,20,6,41,3.34,8
2026-05-31 20:00:00,Shivamogga,Theft,20,6,38,4.93,7
2026-05-31 20:00:00,Udupi,Theft,20,6,36,2.28,5
2026-05-31 21:00:00,Udupi,Theft,21,6,19,9.16,6
2026-05-31 21:00:00,Ballari,Theft,21,6,17,9.03,6
2026-05-31 21:00:00,Davanagere,Theft,21,6,4,2.09,3
2026-05-31 21:00:00,Bengaluru Urban,Burglary,21,6,36,4.95,10
2026-05-31 22:00:00,Ballari,Theft,22,6,33,1.64,6
2026-05-31 22:00:00,Shivamogga,Theft,22,6,5,2.87,3
2026-05-31 22:00:00,Mysuru,Assault,22,6,26,4.75,9
2026-05-31 23:00:00,Udupi,Assault,23,6,9,8.75,7
2026-05-31 23:00:00,Ballari,Fraud,23,6,11,9.48,4
2026-05-31 23:00:00,Udupi,Assault,23,6,30,7.48,9
2026-06-01 00:00:00,Kalaburagi,Fraud,0,0,33,6.47,6
2026-06-01 01:00:00,Ballari,Assault,1,0,27,8.5,7
2026-06-01 02:00:00,Davanagere,Assault,2,0,30,5.25,6
2026-06-01 02:00:00,Bengaluru Urban,Fraud,2,0,15,2.24,6
2026-06-01 02:00:00,Mysuru,Cybercrime,2,0,38,1.6,5
2026-06-01 02:00:00,Ballari,Assault,2,0,21,2.48,4
2026-06-01 03:00:00,Udupi,Fraud,3,0,30,7.64,7
2026-06-01 04:00:00,Mangaluru,Burglary,4,0,18,1.93,7
2026-06-01 05:00:00,Belagavi,Fraud,5,0,25,1.71,4
2026-06-01 06:00:00,Belagavi,Cybercrime,6,0,15,5.96,5
2026-06-01 06:00:00,Mangaluru,Fraud,6,0,33,4.14,5
2026-06-01 07:00:00,Mysuru,Cybercrime,7,0,28,4.72,6
2026-06-01 09:00:00,Udupi,Assault,9,0,30,2.29,6
2026-06-01 10:00:00,Udupi,Assault,10,0,18,8.08,7
2026-06-01 10:00:00,Belagavi,Fraud,10,0,25,8.87,8
2026-06-01 11:00:00,Kalaburagi,Cybercrime,11,0,24,2.3,7
2026-06-01 12:00:00,Belagavi,Burglary,12,0,36,3.0,5
2026-06-01 12:00:00,Belagavi,Cybercrime,12,0,11,4.34,7
2026-06-01 12:00:00,Bengaluru Urban,Fraud,12,0,43,9.16,13
2026-06-01 13:00:00,Mysuru,Assault,13,0,43,4.21,8
2026-06-01 13:00:00,Shivamogga,Assault,13,0,22,6.51,6
2026-06-01 13:00:00,Belagavi,Fraud,13,0,31,6.42,6
2026-06-01 13:00:00,Udupi,Fraud,13,0,3,3.37,3
2026-06-01 14:00:00,Bengaluru Urban,Cybercrime,14,0,29,7.05,12
2026-06-01 15:00:00,Bengaluru Urban,Burglary,15,0,12,7.23,7
2026-06-01 15:00:00,Belagavi,Assault,15,0,38,7.21,7
2026-06-01 16:00:00,Shivamogga,Burglary,16,0,15,2.98,5
2026-06-01 17:00:00,Bengaluru Urban,Burglary,17,0,38,9.39,11
2026-06-01 17:00:00,Kalaburagi,Burglary,17,0,8,1.51,3
2026-06-01 18:00:00,Mangaluru,Burglary,18,0,20,7.38,6
2026-06-01 18:00:00,Bengaluru Urban,Cybercrime,18,0,32,6.11,9
2026-06-01 18:00:00,Shivamogga,Assault,18,0,42,5.02,8
2026-06-01 18:00:00,Kalaburagi,Theft,18,0,40,5.3,7
2026-06-01 18:00:00,Bengaluru Urban,Assault,18,0,16,2.5,6
2026-06-01 19:00:00,Hubballi-Dharwad,Burglary,19,0,21,2.97,5
2026-06-01 21:00:00,Mangaluru,Cybercrime,21,0,15,5.74,4
2026-06-01 23:00:00,Belagavi,Assault,23,0,15,3.92,5
2026-06-01 23:00:00,Ballari,Theft,23,0,3,1.38,1
2026-06-01 23:00:00,Kalaburagi,Burglary,23,0,29,7.16,6
2026-06-01 23:00:00,Kalaburagi,Assault,23,0,23,2.62,6
2026-06-02 00:00:00,Mangaluru,Fraud,0,1,30,7.86,8
2026-06-02 00:00:00,Davanagere,Cybercrime,0,1,12,6.94,5
2026-06-02 00:00:00,Belagavi,Theft,0,1,41,2.0,10
2026-06-02 00:00:00,Udupi,Cybercrime,0,1,33,6.56,7
2026-06-02 01:00:00,Mysuru,Fraud,1,1,22,3.83,5
2026-06-02 01:00:00,Mysuru,Fraud,1,1,3,5.07,2
2026-06-02 01:00:00,Belagavi,Burglary,1,1,32,6.11,9
2026-06-02 02:00:00,Kalaburagi,Assault,2,1,11,3.69,3
2026-06-02 02:00:00,Mangaluru,Assault,2,1,42,4.67,8
2026-06-02 03:00:00,Mysuru,Cybercrime,3,1,23,4.97,4
2026-06-02 04:00:00,Hubballi-Dharwad,Cybercrime,4,1,38,5.89,8
2026-06-02 05:00:00,Mangaluru,Fraud,5,1,38,9.2,9
2026-06-02 05:00:00,Bengaluru Urban,Theft,5,1,21,2.54,10
2026-06-02 06:00:00,Mangaluru,Cybercrime,6,1,10,1.66,2
2026-06-02 06:00:00,Udupi,Fraud,6,1,7,3.49,2
2026-06-02 06:00:00,Ballari,Theft,6,1,43,2.74,7
2026-06-02 07:00:00,Mysuru,Fraud,7,1,39,4.47,6
2026-06-02 07:00:00,Davanagere,Burglary,7,1,33,4.05,6
2026-06-02 07:00:00,Ballari,Assault,7,1,28,7.31,5
2026-06-02 08:00:00,Mangaluru,Assault,8,1,3,3.7,4
2026-06-02 09:00:00,Davanagere,Fraud,9,1,30,4.41,5
2026-06-02 10:00:00,Belagavi,Cybercrime,10,1,30,2.77,9
2026-06-02 10:00:00,Davanagere,Fraud,10,1,43,1.78,6
2026-06-02 10:00:00,Shivamogga,Burglary,10,1,34,4.82,7
2026-06-02 10:00:00,Kalaburagi,Burglary,10,1,26,8.6,7
2026-06-02 11:00:00,Kalaburagi,Fraud,11,1,3,2.54,2
2026-06-02 11:00:00,Kalaburagi,Cybercrime,11,1,28,1.54,6
2026-06-02 11:00:00,Mangaluru,Cybercrime,11,1,24,6.74,8
2026-06-02 11:00:00,Mysuru,Assault,11,1,43,9.26,11
2026-06-02 11:00:00,Udupi,Burglary,11,1,41,8.66,8
2026-06-02 13:00:00,Mysuru,Fraud,13,1,4,9.03,5
2026-06-02 13:00:00,Ballari,Cybercrime,13,1,27,5.44,8
2026-06-02 13:00:00,Belagavi,Assault,13,1,37,8.68,8
2026-06-02 14:00:00,Kalaburagi,Assault,14,1,28,5.84,6
2026-06-02 14:00:00,Hubballi-Dharwad,Assault,14,1,36,4.75,8
2026-06-02 14:00:00,Davanagere,Theft,14,1,13,3.39,3
2026-06-02 15:00:00,Kalaburagi,Assault,15,1,7,8.43,5
2026-06-02 16:00:00,Davanagere,Theft,16,1,18,6.82,5
2026-06-02 16:00:00,Hubballi-Dharwad,Theft,16,1,44,5.0,8
2026-06-02 17:00:00,Belagavi,Assault,17,1,27,2.01,4
2026-06-02 17:00:00,Udupi,Burglary,17,1,30,4.77,6
2026-06-02 17:00:00,Kalaburagi,Theft,17,1,32,3.99,6
2026-06-02 18:00:00,Davanagere,Burglary,18,1,7,5.15,2
2026-06-02 18:00:00,Belagavi,Cybercrime,18,1,42,8.89,9
2026-06-02 19:00:00,Hubballi-Dharwad,Burglary,19,1,27,1.35,5
2026-06-02 19:00:00,Mangaluru,Cybercrime,19,1,34,9.47,8
2026-06-02 20:00:00,Hubballi-Dharwad,Cybercrime,20,1,28,9.19,8
2026-06-02 20:00:00,Hubballi-Dharwad,Assault,20,1,34,6.15,10
2026-06-02 21:00:00,Davanagere,Burglary,21,1,39,7.25,9
2026-06-02 21:00:00,Shivamogga,Cybercrime,21,1,16,4.31,5
2026-06-02 21:00:00,Bengaluru Urban,Theft,21,1,35,1.88,8
2026-06-02 22:00:00,Hubballi-Dharwad,Theft,22,1,18,4.65,4
2026-06-02 22:00:00,Ballari,Cybercrime,22,1,21,3.06,5
2026-06-02 23:00:00,Ballari,Theft,23,1,17,3.92,4
2026-06-02 23:00:00,Belagavi,Assault,23,1,6,3.95,5
2026-06-03 00:00:00,Bengaluru Urban,Assault,0,2,29,3.45,10
2026-06-03 00:00:00,Kalaburagi,Burglary,0,2,23,1.8,8
2026-06-03 00:00:00,Ballari,Cybercrime,0,2,6,9.05,4
2026-06-03 01:00:00,Bengaluru Urban,Cybercrime,1,2,12,7.87,8
2026-06-03 01:00:00,Hubballi-Dharwad,Theft,1,2,38,5.39,12
2026-06-03 01:00:00,Udupi,Cybercrime,1,2,36,6.5,6
2026-06-03 02:00:00,Mangaluru,Fraud,2,2,22,2.44,4
2026-06-03 02:00:00,Udupi,Assault,2,2,11,8.21,3
2026-06-03 02:00:00,Mysuru,Burglary,2,2,13,6.62,8
2026-06-03 03:00:00,Davanagere,Assault,3,2,36,8.96,7
2026-06-03 03:00:00,Mysuru,Fraud,3,2,41,5.44,8
2026-06-03 03:00:00,Ballari,Cybercrime,3,2,36,3.22,6
2026-06-03 03:00:00,Shivamogga,Assault,3,2,28,9.13,7
2026-06-03 03:00:00,Shivamogga,Burglary,3,2,28,5.98,8
2026-06-03 03:00:00,Belagavi,Cybercrime,3,2,26,5.34,5
2026-06-03 03:00:00,Udupi,Burglary,3,2,29,7.84,10
2026-06-03 04:00:00,Udupi,Assault,4,2,7,4.66,3
2026-06-03 04:00:00,Bengaluru Urban,Cybercrime,4,2,17,3.38,7
2026-06-03 04:00:00,Shivamogga,Theft,4,2,40,9.14,12
2026-06-03 04:00:00,Mangaluru,Burglary,4,2,25,3.77,9
2026-06-03 05:00:00,Udupi,Fraud,5,2,8,8.06,3
2026-06-03 05:00:00,Bengaluru Urban,Cybercrime,5,2,8,1.57,4
2026-06-03 05:00:00,Ballari,Fraud,5,2,6,5.91,4
2026-06-03 06:00:00,Kalaburagi,Fraud,6,2,5,4.23,3
2026-06-03 07:00:00,Ballari,Cybercrime,7,2,40,5.56,8
2026-06-03 07:00:00,Mysuru,Fraud,7,2,44,4.16,6
2026-06-03 07:00:00,Mysuru,Assault,7,2,15,2.37,3
2026-06-03 07:00:00,Kalaburagi,Burglary,7,2,34,1.6,4
2026-06-03 09:00:00,Mangaluru,Fraud,9,2,20,2.36,5
2026-06-03 09:00:00,Shivamogga,Burglary,9,2,30,1.66,5
2026-06-03 09:00:00,Davanagere,Fraud,9,2,26,3.33,4
2026-06-03 09:00:00,Udupi,Fraud,9,2,4,6.52,4
2026-06-03 10:00:00,Kalaburagi,Cybercrime,10,2,36,1.75,8
2026-06-03 10:00:00,Kalaburagi,Theft,10,2,2,4.08,4
2026-06-03 11:00:00,Shivamogga,Assault,11,2,18,8.0,5
2026-06-03 11:00:00,Mangaluru,Cybercrime,11,2,8,7.75,7
2026-06-03 11:00:00,Mysuru,Assault,11,2,20,1.89,5
2026-06-03 12:00:00,Shivamogga,Cybercrime,12,2,31,2.77,7
2026-06-03 12:00:00,Ballari,Cybercrime,12,2,22,4.3,7
2026-06-03 14:00:00,Bengaluru Urban,Cybercrime,14,2,7,3.52,8
2026-06-03 14:00:00,Bengaluru Urban,Theft,14,2,17,4.23,9
2026-06-03 14:00:00,Shivamogga,Theft,14,2,32,4.25,6
2026-06-03 15:00:00,Udupi,Assault,15,2,4,6.75,4
2026-06-03 16:00:00,Bengaluru Urban,Assault,16,2,15,5.22,9
2026-06-03 17:00:00,Belagavi,Cybercrime,17,2,22,8.52,6
2026-06-03 17:00:00,Mangaluru,Theft,17,2,2,2.9,2
2026-06-03 19:00:00,Bengaluru Urban,Assault,19,2,37,2.6,11
2026-06-03 19:00:00,Ballari,Assault,19,2,34,5.42,8
2026-06-03 20:00:00,Ballari,Burglary,20,2,2,3.03,2
2026-06-03 20:00:00,Belagavi,Burglary,20,2,12,8.71,5
2026-06-03 20:00:00,Davanagere,Theft,20,2,41,2.9,8
2026-06-03 20:00:00,Shivamogga,Cybercrime,20,2,4,9.5,4
2026-06-03 20:00:00,Bengaluru Urban,Cybercrime,20,2,29,2.93,9
2026-06-03 21:00:00,Hubballi-Dharwad,Theft,21,2,44,4.55,8
2026-06-03 21:00:00,Shivamogga,Burglary,21,2,41,7.82,9
2026-06-03 21:00:00,Mysuru,Assault,21,2,21,8.61,9
2026-06-03 22:00:00,Davanagere,Theft,22,2,33,6.78,8
2026-06-03 22:00:00,Ballari,Fraud,22,2,17,1.21,4
2026-06-03 22:00:00,Shivamogga,Theft,22,2,44,7.04,8
2026-06-03 23:00:00,Belagavi,Assault,23,2,26,3.06,8
2026-06-04 00:00:00,Udupi,Cybercrime,0,3,37,8.61,8
2026-06-04 00:00:00,Udupi,Burglary,0,3,39,9.28,11
2026-06-04 00:00:00,Ballari,Theft,0,3,3,5.37,6
2026-06-04 00:00:00,Udupi,Fraud,0,3,14,4.6,4
2026-06-04 01:00:00,Belagavi,Assault,1,3,30,9.42,8
2026-06-04 01:00:00,Belagavi,Burglary,1,3,19,8.05,10
2026-06-04 02:00:00,Shivamogga,Cybercrime,2,3,26,7.45,7
2026-06-04 02:00:00,Ballari,Cybercrime,2,3,33,1.83,7
2026-06-04 04:00:00,Shivamogga,Burglary,4,3,17,1.28,5
2026-06-04 04:00:00,Udupi,Theft,4,3,39,3.54,8
2026-06-04 04:00:00,Davanagere,Theft,4,3,14,3.43,5
2026-06-04 05:00:00,Ballari,Fraud,5,3,35,7.08,9
2026-06-04 05:00:00,Mysuru,Fraud,5,3,42,7.62,8
2026-06-04 06:00:00,Davanagere,Cybercrime,6,3,2,9.22,4
2026-06-04 07:00:00,Belagavi,Burglary,7,3,18,8.52,6
2026-06-04 07:00:00,Mysuru,Burglary,7,3,39,6.34,8
2026-06-04 08:00:00,Davanagere,Burglary,8,3,20,2.27,4
2026-06-04 08:00:00,Bengaluru Urban,Burglary,8,3,2,8.23,6
2026-06-04 09:00:00,Shivamogga,Burglary,9,3,23,7.1,6
2026-06-04 09:00:00,Belagavi,Cybercrime,9,3,27,7.35,6
2026-06-04 10:00:00,Mangaluru,Burglary,10,3,41,8.75,9
2026-06-04 10:00:00,Kalaburagi,Fraud,10,3,42,8.75,10
2026-06-04 10:00:00,Udupi,Theft,10,3,13,6.43,5
2026-06-04 11:00:00,Bengaluru Urban,Cybercrime,11,3,41,7.56,14
2026-06-04 11:00:00,Shivamogga,Fraud,11,3,21,5.37,5
2026-06-04 13:00:00,Mangaluru,Burglary,13,3,26,6.95,7
2026-06-04 13:00:00,Udupi,Burglary,13,3,15,6.5,5
2026-06-04 13:00:00,Shivamogga,Cybercrime,13,3,7,7.48,7
2026-06-04 13:00:00,Davanagere,Theft,13,3,33,8.6,7
2026-06-04 14:00:00,Bengaluru Urban,Cybercrime,14,3,20,9.02,12
2026-06-04 14:00:00,Mangaluru,Fraud,14,3,3,6.06,2
2026-06-04 15:00:00,Bengaluru Urban,Theft,15,3,18,9.28,9
2026-06-04 15:00:00,Ballari,Assault,15,3,36,6.88,7
2026-06-04 15:00:00,Davanagere,Cybercrime,15,3,37,6.06,9
2026-06-04 15:00:00,Bengaluru Urban,Assault,15,3,21,5.37,8
2026-06-04 16:00:00,Mangaluru,Assault,16,3,34,8.6,7
2026-06-04 16:00:00,Udupi,Theft,16,3,19,6.41,6
2026-06-04 16:00:00,Udupi,Assault,16,3,31,8.14,7
2026-06-04 17:00:00,Belagavi,Burglary,17,3,28,6.51,6
2026-06-04 17:00:00,Belagavi,Cybercrime,17,3,2,8.83,4
2026-06-04 18:00:00,Belagavi,Cybercrime,18,3,41,2.03,8
2026-06-04 18:00:00,Udupi,Fraud,18,3,4,6.52,3
2026-06-04 19:00:00,Shivamogga,Theft,19,3,44,6.7,8
2026-06-04 20:00:00,Ballari,Burglary,20,3,12,9.19,5
2026-06-04 20:00:00,Kalaburagi,Cybercrime,20,3,28,4.67,5
2026-06-04 20:00:00,Belagavi,Fraud,20,3,40,1.34,6
2026-06-04 20:00:00,Davanagere,Fraud,20,3,19,5.98,5
2026-06-04 21:00:00,Udupi,Assault,21,3,41,4.42,9
2026-06-04 21:00:00,Ballari,Cybercrime,21,3,15,9.19,6
2026-06-04 21:00:00,Belagavi,Theft,21,3,4,6.84,3
2026-06-04 22:00:00,Mangaluru,Fraud,22,3,12,6.99,5
2026-06-04 22:00:00,Hubballi-Dharwad,Cybercrime,22,3,12,2.26,2
2026-06-04 22:00:00,Bengaluru Urban,Theft,22,3,36,5.93,10
2026-06-04 23:00:00,Hubballi-Dharwad,Assault,23,3,16,6.56,7
2026-06-05 00:00:00,Kalaburagi,Assault,0,4,44,5.41,9
2026-06-05 01:00:00,Kalaburagi,Assault,1,4,19,2.48,4
2026-06-05 02:00:00,Hubballi-Dharwad,Fraud,2,4,43,7.85,9
2026-06-05 02:00:00,Hubballi-Dharwad,Fraud,2,4,5,5.66,2
2026-06-05 02:00:00,Belagavi,Theft,2,4,8,1.6,5
2026-06-05 02:00:00,Mangaluru,Assault,2,4,23,6.49,6
2026-06-05 03:00:00,Udupi,Theft,3,4,17,2.11,6
2026-06-05 03:00:00,Belagavi,Fraud,3,4,33,6.45,6
2026-06-05 03:00:00,Mysuru,Cybercrime,3,4,18,8.12,7
2026-06-05 03:00:00,Hubballi-Dharwad,Cybercrime,3,4,35,6.29,7
2026-06-05 03:00:00,Kalaburagi,Theft,3,4,8,5.02,8
2026-06-05 03:00:00,Hubballi-Dharwad,Fraud,3,4,35,2.21,5
2026-06-05 03:00:00,Shivamogga,Burglary,3,4,33,2.97,8
2026-06-05 04:00:00,Davanagere,Assault,4,4,3,6.66,4
2026-06-05 04:00:00,Udupi,Fraud,4,4,25,3.51,5
2026-06-05 04:00:00,Shivamogga,Burglary,4,4,23,8.43,7
2026-06-05 05:00:00,Udupi,Assault,5,4,8,1.74,3
2026-06-05 06:00:00,Bengaluru Urban,Assault,6,4,12,4.19,7
2026-06-05 06:00:00,Bengaluru Urban,Assault,6,4,26,9.46,11
2026-06-05 06:00:00,Shivamogga,Theft,6,4,27,1.53,3
2026-06-05 07:00:00,Ballari,Burglary,7,4,23,3.5,4
2026-06-05 07:00:00,Kalaburagi,Theft,7,4,20,5.75,5
2026-06-05 09:00:00,Davanagere,Burglary,9,4,10,2.77,4
2026-06-05 10:00:00,Mangaluru,Fraud,10,4,6,4.74,3
2026-06-05 10:00:00,Belagavi,Cybercrime,10,4,12,4.13,6
2026-06-05 10:00:00,Kalaburagi,Assault,10,4,15,3.3,3
2026-06-05 10:00:00,Shivamogga,Theft,10,4,6,6.88,4
2026-06-05 11:00:00,Udupi,Burglary,11,4,19,8.48,6
2026-06-05 12:00:00,Udupi,Burglary,12,4,21,5.02,5
2026-06-05 13:00:00,Bengaluru Urban,Assault,13,4,40,7.98,11
2026-06-05 13:00:00,Belagavi,Fraud,13,4,43,3.55,7
2026-06-05 14:00:00,Kalaburagi,Assault,14,4,14,4.69,5
2026-06-05 15:00:00,Ballari,Cybercrime,15,4,12,2.66,7
2026-06-05 15:00:00,Davanagere,Fraud,15,4,13,2.91,4
2026-06-05 16:00:00,Davanagere,Theft,16,4,19,3.5,4
2026-06-05 16:00:00,Hubballi-Dharwad,Assault,16,4,28,5.55,7
2026-06-05 17:00:00,Ballari,Theft,17,4,38,9.34,9
2026-06-05 17:00:00,Udupi,Assault,17,4,3,2.25,3
2026-06-05 18:00:00,Hubballi-Dharwad,Burglary,18,4,3,9.02,5
2026-06-05 18:00:00,Shivamogga,Cybercrime,18,4,18,1.65,4
2026-06-05 18:00:00,Ballari,Burglary,18,4,28,2.95,7
2026-06-05 18:00:00,Bengaluru Urban,Fraud,18,4,30,1.82,9
2026-06-05 18:00:00,Shivamogga,Fraud,18,4,40,5.92,7
2026-06-05 18:00:00,Davanagere,Assault,18,4,27,2.64,4
2026-06-05 18:00:00,Ballari,Burglary,18,4,4,5.4,4
2026-06-05 19:00:00,Mysuru,Fraud,19,4,42,3.42,6
2026-06-05 19:00:00,Shivamogga,Fraud,19,4,16,7.03,5
2026-06-05 19:00:00,Mangaluru,Fraud,19,4,23,3.66,5
2026-06-05 20:00:00,Udupi,Cybercrime,20,4,21,6.61,7
2026-06-05 20:00:00,Davanagere,Theft,20,4,23,3.22,3
2026-06-05 20:00:00,Kalaburagi,Cybercrime,20,4,20,6.37,4
2026-06-05 20:00:00,Hubballi-Dharwad,Burglary,20,4,8,2.29,4
2026-06-05 21:00:00,Belagavi,Burglary,21,4,12,2.41,2
2026-06-05 21:00:00,Kalaburagi,Cybercrime,21,4,37,5.82,7
2026-06-05 22:00:00,Kalaburagi,Fraud,22,4,22,8.72,7
2026-06-05 22:00:00,Ballari,Fraud,22,4,25,4.41,5
2026-06-05 22:00:00,Kalaburagi,Fraud,22,4,23,3.48,4
2026-06-05 23:00:00,Bengaluru Urban,Cybercrime,23,4,27,4.45,9
2026-06-05 23:00:00,Hubballi-Dharwad,Assault,23,4,5,3.04,5
2026-06-06 01:00:00,Kalaburagi,Theft,1,5,6,8.25,6
2026-06-06 01:00:00,Shivamogga,Cybercrime,1,5,35,6.43,7
2026-06-06 01:00:00,Mysuru,Assault,1,5,44,5.8,10
2026-06-06 02:00:00,Bengaluru Urban,Theft,2,5,44,9.01,15
2026-06-06 03:00:00,Belagavi,Theft,3,5,35,4.41,10
2026-06-06 03:00:00,Shivamogga,Theft,3,5,12,5.57,9
2026-06-06 03:00:00,Mysuru,Cybercrime,3,5,4,7.79,4
2026-06-06 04:00:00,Mangaluru,Fraud,4,5,22,8.57,6
2026-06-06 04:00:00,Mysuru,Cybercrime,4,5,37,5.2,6
2026-06-06 04:00:00,Mysuru,Assault,4,5,20,4.21,4
2026-06-06 04:00:00,Ballari,Theft,4,5,23,5.66,7
2026-06-06 04:00:00,Mysuru,Assault,4,5,12,7.67,3
2026-06-06 04:00:00,Davanagere,Assault,4,5,27,1.93,6
2026-06-06 05:00:00,Shivamogga,Cybercrime,5,5,39,8.16,8
2026-06-06 05:00:00,Udupi,Burglary,5,5,19,2.85,7
2026-06-06 05:00:00,Mangaluru,Burglary,5,5,40,8.7,13
2026-06-06 05:00:00,Mangaluru,Assault,5,5,24,2.17,3
2026-06-06 06:00:00,Kalaburagi,Theft,6,5,4,2.52,3
2026-06-06 06:00:00,Bengaluru Urban,Cybercrime,6,5,19,4.9,7
2026-06-06 07:00:00,Mangaluru,Fraud,7,5,30,3.6,5
2026-06-06 07:00:00,Mysuru,Assault,7,5,40,5.67,7
2026-06-06 08:00:00,Ballari,Cybercrime,8,5,11,2.21,3
2026-06-06 08:00:00,Bengaluru Urban,Burglary,8,5,33,6.98,10
2026-06-06 08:00:00,Davanagere,Cybercrime,8,5,24,2.22,4
2026-06-06 09:00:00,Belagavi,Burglary,9,5,29,7.63,7
2026-06-06 09:00:00,Hubballi-Dharwad,Assault,9,5,21,9.33,6
2026-06-06 09:00:00,Bengaluru Urban,Assault,9,5,29,2.65,9
2026-06-06 10:00:00,Hubballi-Dharwad,Cybercrime,10,5,39,6.49,10
2026-06-06 10:00:00,Shivamogga,Theft,10,5,7,9.25,5
2026-06-06 12:00:00,Belagavi,Fraud,12,5,28,2.47,5
2026-06-06 12:00:00,Davanagere,Cybercrime,12,5,10,4.99,7
2026-06-06 12:00:00,Mysuru,Theft,12,5,44,7.45,9
2026-06-06 12:00:00,Ballari,Cybercrime,12,5,37,5.36,9
2026-06-06 13:00:00,Shivamogga,Cybercrime,13,5,39,7.8,10
2026-06-06 14:00:00,Bengaluru Urban,Theft,14,5,27,2.5,8
2026-06-06 14:00:00,Hubballi-Dharwad,Theft,14,5,30,8.04,7
2026-06-06 14:00:00,Udupi,Theft,14,5,11,5.13,4
2026-06-06 15:00:00,Mangaluru,Theft,15,5,5,4.4,3
2026-06-06 17:00:00,Davanagere,Cybercrime,17,5,35,6.41,6
2026-06-06 17:00:00,Shivamogga,Theft,17,5,10,4.76,4
2026-06-06 17:00:00,Mysuru,Cybercrime,17,5,22,8.62,7
2026-06-06 18:00:00,Shivamogga,Theft,18,5,25,8.11,7
2026-06-06 19:00:00,Hubballi-Dharwad,Theft,19,5,9,3.86,2
2026-06-06 19:00:00,Hubballi-Dharwad,Theft,19,5,10,6.01,3
2026-06-06 20:00:00,Hubballi-Dharwad,Fraud,20,5,20,4.7,5
2026-06-06 20:00:00,Mangaluru,Cybercrime,20,5,11,2.54,4
2026-06-06 20:00:00,Mysuru,Burglary,20,5,3,7.19,4
2026-06-06 20:00:00,Kalaburagi,Theft,20,5,31,1.54,4
2026-06-06 21:00:00,Shivamogga,Assault,21,5,42,3.35,8
2026-06-06 21:00:00,Hubballi-Dharwad,Cybercrime,21,5,9,4.22,3
2026-06-06 21:00:00,Kalaburagi,Assault,21,5,25,1.52,6
2026-06-06 22:00:00,Davanagere,Burglary,22,5,3,8.28,4
2026-06-06 23:00:00,Mysuru,Fraud,23,5,20,3.74,5
2026-06-07 00:00:00,Shivamogga,Fraud,0,6,39,6.24,6
2026-06-07 01:00:00,Hubballi-Dharwad,Theft,1,6,2,5.89,7
2026-06-07 01:00:00,Ballari,Assault,1,6,30,5.89,6
2026-06-07 01:00:00,Mysuru,Cybercrime,1,6,14,2.63,4
2026-06-07 02:00:00,Mysuru,Theft,2,6,35,4.47,9
2026-06-07 02:00:00,Mysuru,Burglary,2,6,35,7.22,10
2026-06-07 02:00:00,Mangaluru,Assault,2,6,21,1.47,4
2026-06-07 03:00:00,Mysuru,Assault,3,6,22,4.28,6
2026-06-07 03:00:00,Udupi,Fraud,3,6,3,2.86,1
2026-06-07 04:00:00,Shivamogga,Cybercrime,4,6,11,6.6,4
2026-06-07 05:00:00,Hubballi-Dharwad,Fraud,5,6,41,3.92,8
2026-06-07 05:00:00,Shivamogga,Cybercrime,5,6,30,5.98,6
2026-06-07 05:00:00,Udupi,Cybercrime,5,6,31,4.28,7
2026-06-07 06:00:00,Belagavi,Fraud,6,6,43,8.25,8
2026-06-07 06:00:00,Udupi,Theft,6,6,10,6.33,5
2026-06-07 07:00:00,Hubballi-Dharwad,Assault,7,6,18,1.8,3
2026-06-07 07:00:00,Kalaburagi,Burglary,7,6,41,4.5,8
2026-06-07 07:00:00,Davanagere,Theft,7,6,29,6.78,7
2026-06-07 08:00:00,Davanagere,Fraud,8,6,26,3.83,5
2026-06-07 08:00:00,Davanagere,Burglary,8,6,26,1.53,4
2026-06-07 09:00:00,Hubballi-Dharwad,Fraud,9,6,43,9.18,9
2026-06-07 09:00:00,Mangaluru,Assault,9,6,30,9.04,8
2026-06-07 10:00:00,Udupi,Theft,10,6,25,4.58,6
2026-06-07 10:00:00,Mysuru,Cybercrime,10,6,41,5.01,10
2026-06-07 10:00:00,Mysuru,Assault,10,6,6,2.04,1
2026-06-07 10:00:00,Shivamogga,Assault,10,6,19,2.91,5
2026-06-07 11:00:00,Hubballi-Dharwad,Fraud,11,6,34,1.96,5
2026-06-07 11:00:00,Hubballi-Dharwad,Burglary,11,6,41,1.75,8
2026-06-07 11:00:00,Kalaburagi,Theft,11,6,41,4.63,6
2026-06-07 11:00:00,Belagavi,Fraud,11,6,43,3.68,7
2026-06-07 11:00:00,Mysuru,Theft,11,6,44,4.67,7
2026-06-07 12:00:00,Hubballi-Dharwad,Burglary,12,6,10,8.5,5
2026-06-07 13:00:00,Shivamogga,Theft,13,6,39,5.6,8
2026-06-07 13:00:00,Udupi,Cybercrime,13,6,25,6.22,9
2026-06-07 13:00:00,Ballari,Theft,13,6,16,4.72,3
2026-06-07 13:00:00,Ballari,Fraud,13,6,22,9.49,6
2026-06-07 13:00:00,Hubballi-Dharwad,Assault,13,6,44,5.3,7
2026-06-07 14:00:00,Kalaburagi,Theft,14,6,32,8.04,9
2026-06-07 14:00:00,Udupi,Cybercrime,14,6,41,2.06,9
2026-06-07 15:00:00,Davanagere,Fraud,15,6,18,3.91,5
2026-06-07 16:00:00,Udupi,Fraud,16,6,31,8.1,8
2026-06-07 16:00:00,Belagavi,Theft,16,6,13,2.65,3
2026-06-07 17:00:00,Davanagere,Theft,17,6,33,7.42,8
2026-06-07 17:00:00,Hubballi-Dharwad,Burglary,17,6,42,2.95,7
2026-06-07 18:00:00,Davanagere,Theft,18,6,6,1.5,1
2026-06-07 19:00:00,Bengaluru Urban,Cybercrime,19,6,15,7.72,8
2026-06-07 19:00:00,Shivamogga,Fraud,19,6,3,2.01,3
2026-06-07 19:00:00,Bengaluru Urban,Fraud,19,6,9,8.93,8
2026-06-07 19:00:00,Udupi,Assault,19,6,43,1.46,8
2026-06-07 19:00:00,Davanagere,Assault,19,6,27,4.22,9
2026-06-07 21:00:00,Belagavi,Assault,21,6,33,3.35,7
2026-06-07 22:00:00,Udupi,Burglary,22,6,26,2.41,4
2026-06-07 23:00:00,Belagavi,Theft,23,6,26,5.11,5
2026-06-07 23:00:00,Bengaluru Urban,Assault,23,6,26,8.39,11
2026-06-07 23:00:00,Bengaluru Urban,Assault,23,6,9,7.85,9
2026-06-08 00:00:00,Belagavi,Theft,0,0,26,8.01,8
2026-06-08 00:00:00,Davanagere,Cybercrime,0,0,39,9.26,9
2026-06-08 01:00:00,Hubballi-Dharwad,Burglary,1,0,39,6.25,12
2026-06-08 01:00:00,Ballari,Theft,1,0,23,8.97,9
2026-06-08 02:00:00,Mysuru,Fraud,2,0,21,2.97,4
2026-06-08 02:00:00,Davanagere,Fraud,2,0,14,4.24,4
2026-06-08 02:00:00,Udupi,Burglary,2,0,30,1.47,8
2026-06-08 03:00:00,Shivamogga,Assault,3,0,27,3.04,6
2026-06-08 04:00:00,Hubballi-Dharwad,Burglary,4,0,41,2.34,9
2026-06-08 05:00:00,Davanagere,Assault,5,0,17,5.0,5
2026-06-08 05:00:00,Udupi,Cybercrime,5,0,8,8.36,4
2026-06-08 05:00:00,Mangaluru,Theft,5,0,24,6.04,7
2026-06-08 05:00:00,Mangaluru,Fraud,5,0,35,7.65,8
2026-06-08 05:00:00,Belagavi,Fraud,5,0,25,6.63,6
2026-06-08 07:00:00,Shivamogga,Theft,7,0,11,7.37,4
2026-06-08 07:00:00,Shivamogga,Cybercrime,7,0,9,4.64,2
2026-06-08 08:00:00,Udupi,Burglary,8,0,41,9.33,8
2026-06-08 08:00:00,Mysuru,Assault,8,0,13,4.53,5
2026-06-08 08:00:00,Mysuru,Burglary,8,0,16,2.72,4
2026-06-08 09:00:00,Mysuru,Burglary,9,0,41,7.72,8
2026-06-08 10:00:00,Mysuru,Burglary,10,0,5,7.89,3
2026-06-08 11:00:00,Hubballi-Dharwad,Cybercrime,11,0,6,1.59,5
2026-06-08 11:00:00,Ballari,Cybercrime,11,0,9,3.22,5
2026-06-08 11:00:00,Bengaluru Urban,Assault,11,0,29,7.87,9
2026-06-08 12:00:00,Hubballi-Dharwad,Cybercrime,12,0,42,7.17,10
2026-06-08 12:00:00,Kalaburagi,Theft,12,0,23,2.52,4
2026-06-08 13:00:00,Davanagere,Assault,13,0,35,8.99,9
2026-06-08 13:00:00,Davanagere,Assault,13,0,43,4.45,9
2026-06-08 14:00:00,Shivamogga,Cybercrime,14,0,21,2.52,6
2026-06-08 15:00:00,Belagavi,Theft,15,0,24,8.32,5
2026-06-08 16:00:00,Udupi,Theft,16,0,4,3.19,3
2026-06-08 16:00:00,Udupi,Theft,16,0,18,8.52,6
2026-06-08 16:00:00,Bengaluru Urban,Assault,16,0,7,2.4,6
2026-06-08 16:00:00,Hubballi-Dharwad,Burglary,16,0,25,7.54,7
2026-06-08 17:00:00,Shivamogga,Fraud,17,0,6,6.35,3
2026-06-08 17:00:00,Mangaluru,Fraud,17,0,22,3.31,5
2026-06-08 17:00:00,Kalaburagi,Theft,17,0,32,8.74,8
2026-06-08 17:00:00,Udupi,Burglary,17,0,29,6.3,5
2026-06-08 18:00:00,Davanagere,Fraud,18,0,44,7.65,10
2026-06-08 18:00:00,Mangaluru,Assault,18,0,37,8.9,8
2026-06-08 18:00:00,Shivamogga,Theft,18,0,35,8.99,7
2026-06-08 19:00:00,Kalaburagi,Fraud,19,0,39,3.13,7
2026-06-08 19:00:00,Kalaburagi,Burglary,19,0,26,3.87,5
2026-06-08 19:00:00,Hubballi-Dharwad,Burglary,19,0,20,1.89,5
2026-06-08 19:00:00,Belagavi,Cybercrime,19,0,20,7.22,5
2026-06-08 20:00:00,Belagavi,Theft,20,0,44,9.4,10
2026-06-08 20:00:00,Udupi,Cybercrime,20,0,23,3.61,4
2026-06-08 20:00:00,Davanagere,Theft,20,0,23,3.07,3
2026-06-08 20:00:00,Davanagere,Theft,20,0,4,9.36,5
2026-06-08 21:00:00,Davanagere,Burglary,21,0,40,4.67,8
2026-06-08 21:00:00,Davanagere,Assault,21,0,26,3.23,7
2026-06-08 22:00:00,Shivamogga,Fraud,22,0,29,2.14,5
2026-06-08 22:00:00,Belagavi,Cybercrime,22,0,33,5.38,7
2026-06-08 23:00:00,Mangaluru,Cybercrime,23,0,36,5.84,7
2026-06-08 23:00:00,Ballari,Cybercrime,23,0,9,7.72,5
2026-06-08 23:00:00,Hubballi-Dharwad,Theft,23,0,42,3.58,5
2026-06-08 23:00:00,Kalaburagi,Burglary,23,0,30,7.6,7
2026-06-08 23:00:00,Ballari,Cybercrime,23,0,10,3.68,3
2026-06-09 00:00:00,Hubballi-Dharwad,Fraud,0,1,14,4.82,2
2026-06-09 00:00:00,Kalaburagi,Fraud,0,1,17,1.76,5
2026-06-09 01:00:00,Mangaluru,Cybercrime,1,1,5,6.9,3
2026-06-09 01:00:00,Mangaluru,Theft,1,1,33,7.48,10
2026-06-09 01:00:00,Mysuru,Fraud,1,1,18,8.65,6
2026-06-09 02:00:00,Kalaburagi,Fraud,2,1,8,7.22,3
2026-06-09 03:00:00,Ballari,Theft,3,1,9,3.37,6
2026-06-09 04:00:00,Mysuru,Cybercrime,4,1,19,4.24,4
2026-06-09 04:00:00,Mangaluru,Fraud,4,1,10,8.4,6
2026-06-09 05:00:00,Bengaluru Urban,Fraud,5,1,29,8.72,11
2026-06-09 05:00:00,Ballari,Fraud,5,1,32,1.89,5
2026-06-09 06:00:00,Kalaburagi,Burglary,6,1,4,4.18,3
2026-06-09 07:00:00,Shivamogga,Fraud,7,1,24,6.58,5
2026-06-09 07:00:00,Bengaluru Urban,Assault,7,1,37,9.33,12
2026-06-09 07:00:00,Mysuru,Assault,7,1,32,3.21,5
2026-06-09 07:00:00,Ballari,Cybercrime,7,1,2,8.52,3
2026-06-09 08:00:00,Mangaluru,Fraud,8,1,38,7.65,7
2026-06-09 09:00:00,Davanagere,Cybercrime,9,1,23,6.6,5
2026-06-09 09:00:00,Ballari,Assault,9,1,40,2.32,6
2026-06-09 09:00:00,Ballari,Assault,9,1,4,5.34,3
2026-06-09 10:00:00,Shivamogga,Cybercrime,10,1,19,3.03,7
2026-06-09 11:00:00,Hubballi-Dharwad,Cybercrime,11,1,8,9.44,8
2026-06-09 11:00:00,Mangaluru,Cybercrime,11,1,38,2.92,7
2026-06-09 12:00:00,Mysuru,Assault,12,1,4,7.98,4
2026-06-09 12:00:00,Udupi,Cybercrime,12,1,22,9.15,9
2026-06-09 13:00:00,Belagavi,Assault,13,1,40,5.93,8
2026-06-09 13:00:00,Bengaluru Urban,Fraud,13,1,8,6.32,8
2026-06-09 13:00:00,Belagavi,Assault,13,1,5,6.06,3
2026-06-09 13:00:00,Kalaburagi,Burglary,13,1,6,7.79,4
2026-06-09 13:00:00,Kalaburagi,Fraud,13,1,41,1.51,9
2026-06-09 14:00:00,Hubballi-Dharwad,Cybercrime,14,1,2,9.06,7
2026-06-09 16:00:00,Mangaluru,Fraud,16,1,11,2.86,4
2026-06-09 16:00:00,Davanagere,Theft,16,1,31,5.08,7
2026-06-09 17:00:00,Mysuru,Fraud,17,1,22,8.89,7
2026-06-09 17:00:00,Udupi,Fraud,17,1,4,9.35,4
2026-06-09 18:00:00,Kalaburagi,Assault,18,1,3,8.93,3
2026-06-09 18:00:00,Ballari,Burglary,18,1,29,9.33,8
2026-06-09 20:00:00,Hubballi-Dharwad,Assault,20,1,42,5.96,9
2026-06-09 20:00:00,Mysuru,Burglary,20,1,8,3.13,3
2026-06-09 20:00:00,Belagavi,Fraud,20,1,10,5.63,4
2026-06-09 21:00:00,Belagavi,Fraud,21,1,25,5.28,6
2026-06-09 22:00:00,Belagavi,Assault,22,1,14,1.55,6
2026-06-09 22:00:00,Shivamogga,Cybercrime,22,1,20,3.48,5
2026-06-09 23:00:00,Udupi,Fraud,23,1,24,8.66,7
2026-06-09 23:00:00,Hubballi-Dharwad,Burglary,23,1,33,7.99,9
2026-06-09 23:00:00,Mysuru,Cybercrime,23,1,8,4.29,4
2026-06-09 23:00:00,Shivamogga,Theft,23,1,16,5.85,5
2026-06-10 00:00:00,Udupi,Cybercrime,0,2,14,6.65,5
2026-06-10 01:00:00,Bengaluru Urban,Fraud,1,2,33,4.46,9
2026-06-10 01:00:00,Mysuru,Burglary,1,2,30,7.69,10
2026-06-10 01:00:00,Mangaluru,Burglary,1,2,13,7.66,8
2026-06-10 01:00:00,Bengaluru Urban,Cybercrime,1,2,19,1.35,7
2026-06-10 01:00:00,Udupi,Cybercrime,1,2,11,2.93,4
2026-06-10 01:00:00,Mangaluru,Theft,1,2,37,9.08,11
2026-06-10 02:00:00,Ballari,Fraud,2,2,27,6.9,6
2026-06-10 03:00:00,Hubballi-Dharwad,Burglary,3,2,27,6.3,9
2026-06-10 03:00:00,Shivamogga,Burglary,3,2,18,4.86,8
2026-06-10 04:00:00,Udupi,Assault,4,2,28,2.24,6
2026-06-10 04:00:00,Hubballi-Dharwad,Assault,4,2,12,6.1,5
2026-06-10 04:00:00,Mysuru,Fraud,4,2,38,6.37,7
2026-06-10 05:00:00,Mysuru,Fraud,5,2,36,5.61,6
2026-06-10 05:00:00,Kalaburagi,Cybercrime,5,2,9,8.18,4
2026-06-10 05:00:00,Ballari,Assault,5,2,20,3.28,4
2026-06-10 06:00:00,Ballari,Theft,6,2,26,9.0,6
2026-06-10 07:00:00,Kalaburagi,Fraud,7,2,38,6.19,8
2026-06-10 07:00:00,Shivamogga,Fraud,7,2,36,4.01,7
2026-06-10 08:00:00,Bengaluru Urban,Fraud,8,2,21,8.89,9
2026-06-10 08:00:00,Belagavi,Assault,8,2,9,3.24,3
2026-06-10 09:00:00,Kalaburagi,Fraud,9,2,27,4.44,6
2026-06-10 09:00:00,Davanagere,Theft,9,2,18,5.52,5
2026-06-10 10:00:00,Mysuru,Fraud,10,2,32,6.97,7
2026-06-10 11:00:00,Udupi,Fraud,11,2,14,7.19,5
2026-06-10 11:00:00,Mangaluru,Theft,11,2,2,7.07,4
2026-06-10 12:00:00,Mangaluru,Cybercrime,12,2,2,2.76,5
2026-06-10 12:00:00,Bengaluru Urban,Cybercrime,12,2,44,7.29,13
2026-06-10 12:00:00,Udupi,Fraud,12,2,31,8.0,7
2026-06-10 13:00:00,Davanagere,Fraud,13,2,7,3.99,4
2026-06-10 14:00:00,Mysuru,Cybercrime,14,2,7,7.02,6
2026-06-10 14:00:00,Hubballi-Dharwad,Fraud,14,2,14,2.91,3
2026-06-10 14:00:00,Belagavi,Assault,14,2,40,5.88,7
2026-06-10 14:00:00,Mysuru,Fraud,14,2,5,3.57,3
2026-06-10 15:00:00,Mysuru,Assault,15,2,39,4.58,6
2026-06-10 16:00:00,Shivamogga,Fraud,16,2,20,5.78,5
2026-06-10 16:00:00,Kalaburagi,Burglary,16,2,36,8.25,8
2026-06-10 17:00:00,Udupi,Burglary,17,2,38,1.89,6
2026-06-10 18:00:00,Davanagere,Assault,18,2,14,4.01,4
2026-06-10 18:00:00,Belagavi,Theft,18,2,10,2.2,3
2026-06-10 18:00:00,Hubballi-Dharwad,Theft,18,2,19,6.97,5
2026-06-10 18:00:00,Udupi,Cybercrime,18,2,27,7.35,6
2026-06-10 20:00:00,Belagavi,Fraud,20,2,30,9.25,7
2026-06-10 21:00:00,Hubballi-Dharwad,Assault,21,2,31,5.14,7
2026-06-10 21:00:00,Udupi,Cybercrime,21,2,38,1.45,6
2026-06-10 21:00:00,Mysuru,Cybercrime,21,2,15,5.02,5
2026-06-10 22:00:00,Bengaluru Urban,Assault,22,2,3,1.49,6
2026-06-10 23:00:00,Mangaluru,Burglary,23,2,22,8.38,6
2026-06-10 23:00:00,Davanagere,Theft,23,2,31,8.3,9
2026-06-10 23:00:00,Belagavi,Burglary,23,2,43,8.86,9
2026-06-11 00:00:00,Mangaluru,Cybercrime,0,3,20,6.45,5
2026-06-11 00:00:00,Davanagere,Burglary,0,3,41,6.42,11
2026-06-11 01:00:00,Udupi,Cybercrime,1,3,4,5.27,3
2026-06-11 01:00:00,Davanagere,Assault,1,3,24,1.5,4
2026-06-11 01:00:00,Mangaluru,Cybercrime,1,3,13,9.27,6
2026-06-11 04:00:00,Davanagere,Theft,4,3,38,3.2,8
2026-06-11 04:00:00,Mangaluru,Cybercrime,4,3,25,6.09,5
2026-06-11 04:00:00,Shivamogga,Assault,4,3,22,8.83,7
2026-06-11 04:00:00,Mysuru,Fraud,4,3,13,6.94,4
2026-06-11 04:00:00,Davanagere,Cybercrime,4,3,3,8.57,3
2026-06-11 05:00:00,Bengaluru Urban,Burglary,5,3,25,3.88,9
2026-06-11 05:00:00,Hubballi-Dharwad,Assault,5,3,14,9.28,6
2026-06-11 05:00:00,Udupi,Cybercrime,5,3,16,8.9,5
2026-06-11 05:00:00,Ballari,Assault,5,3,41,4.5,8
2026-06-11 05:00:00,Davanagere,Burglary,5,3,20,7.72,9
2026-06-11 06:00:00,Mangaluru,Assault,6,3,15,4.34,5
2026-06-11 06:00:00,Ballari,Assault,6,3,34,2.33,6
2026-06-11 06:00:00,Bengaluru Urban,Burglary,6,3,31,3.69,8
2026-06-11 07:00:00,Hubballi-Dharwad,Cybercrime,7,3,34,1.65,6
2026-06-11 07:00:00,Bengaluru Urban,Fraud,7,3,15,8.79,9
2026-06-11 07:00:00,Belagavi,Burglary,7,3,20,9.2,6
2026-06-11 08:00:00,Belagavi,Cybercrime,8,3,32,1.79,6
2026-06-11 08:00:00,Bengaluru Urban,Fraud,8,3,15,3.51,7
2026-06-11 08:00:00,Mangaluru,Fraud,8,3,11,5.55,6
2026-06-11 08:00:00,Mangaluru,Fraud,8,3,15,4.14,3
2026-06-11 09:00:00,Bengaluru Urban,Assault,9,3,2,3.72,4
2026-06-11 10:00:00,Kalaburagi,Burglary,10,3,10,7.5,4
2026-06-11 11:00:00,Belagavi,Burglary,11,3,13,9.36,6
2026-06-11 11:00:00,Hubballi-Dharwad,Theft,11,3,31,4.41,5
2026-06-11 11:00:00,Ballari,Cybercrime,11,3,19,1.92,7
2026-06-11 11:00:00,Ballari,Assault,11,3,11,4.36,4
2026-06-11 12:00:00,Kalaburagi,Burglary,12,3,17,6.1,4
2026-06-11 12:00:00,Mangaluru,Cybercrime,12,3,33,5.37,10
2026-06-11 13:00:00,Hubballi-Dharwad,Fraud,13,3,25,5.02,6
2026-06-11 13:00:00,Kalaburagi,Assault,13,3,11,7.47,5
2026-06-11 13:00:00,Mangaluru,Fraud,13,3,42,7.05,8
2026-06-11 13:00:00,Bengaluru Urban,Burglary,13,3,22,6.2,8
2026-06-11 14:00:00,Mysuru,Cybercrime,14,3,35,3.46,8
2026-06-11 14:00:00,Ballari,Assault,14,3,20,4.23,5
2026-06-11 14:00:00,Bengaluru Urban,Theft,14,3,42,3.02,11
2026-06-11 16:00:00,Shivamogga,Fraud,16,3,16,2.9,4
2026-06-11 16:00:00,Ballari,Theft,16,3,41,7.93,8
2026-06-11 16:00:00,Kalaburagi,Fraud,16,3,3,9.1,4
2026-06-11 17:00:00,Hubballi-Dharwad,Fraud,17,3,6,5.32,3
2026-06-11 17:00:00,Bengaluru Urban,Cybercrime,17,3,22,5.45,8
2026-06-11 17:00:00,Mysuru,Fraud,17,3,5,6.35,2
2026-06-11 17:00:00,Kalaburagi,Cybercrime,17,3,25,2.4,6
2026-06-11 18:00:00,Ballari,Assault,18,3,42,9.05,8
2026-06-11 18:00:00,Belagavi,Theft,18,3,10,4.22,5
2026-06-11 19:00:00,Hubballi-Dharwad,Assault,19,3,32,1.67,7
2026-06-11 20:00:00,Davanagere,Cybercrime,20,3,21,9.15,6
2026-06-11 20:00:00,Mysuru,Cybercrime,20,3,18,2.92,4
2026-06-11 20:00:00,Udupi,Burglary,20,3,40,4.58,7
2026-06-11 21:00:00,Mysuru,Cybercrime,21,3,21,9.04,6
2026-06-11 21:00:00,Mangaluru,Assault,21,3,34,3.02,9
2026-06-11 21:00:00,Udupi,Cybercrime,21,3,30,4.23,7
2026-06-11 22:00:00,Belagavi,Burglary,22,3,3,6.2,3
2026-06-11 22:00:00,Bengaluru Urban,Fraud,22,3,30,4.39,9
2026-06-11 23:00:00,Belagavi,Assault,23,3,31,9.46,11
2026-06-11 23:00:00,Kalaburagi,Fraud,23,3,38,1.22,6
2026-06-11 23:00:00,Hubballi-Dharwad,Cybercrime,23,3,33,5.38,6
2026-06-12 00:00:00,Shivamogga,Burglary,0,4,19,7.42,9
2026-06-12 00:00:00,Udupi,Cybercrime,0,4,44,3.42,6
2026-06-12 00:00:00,Mysuru,Burglary,0,4,8,6.73,6
2026-06-12 00:00:00,Belagavi,Cybercrime,0,4,25,4.73,5
2026-06-12 00:00:00,Hubballi-Dharwad,Burglary,0,4,16,2.18,5
2026-06-12 01:00:00,Davanagere,Burglary,1,4,15,8.19,8
2026-06-12 01:00:00,Mangaluru,Assault,1,4,19,1.35,5
2026-06-12 01:00:00,Bengaluru Urban,Burglary,1,4,18,6.99,10
2026-06-12 01:00:00,Mysuru,Cybercrime,1,4,15,7.11,6
2026-06-12 02:00:00,Udupi,Fraud,2,4,27,9.26,7
2026-06-12 02:00:00,Mysuru,Theft,2,4,4,1.67,3
2026-06-12 02:00:00,Kalaburagi,Burglary,2,4,4,9.18,7
2026-06-12 02:00:00,Mangaluru,Assault,2,4,23,8.3,6
2026-06-12 03:00:00,Kalaburagi,Fraud,3,4,43,5.25,8
2026-06-12 03:00:00,Hubballi-Dharwad,Fraud,3,4,22,3.98,5
2026-06-12 04:00:00,Ballari,Assault,4,4,37,6.64,9
2026-06-12 04:00:00,Ballari,Theft,4,4,5,3.82,5
2026-06-12 04:00:00,Davanagere,Cybercrime,4,4,18,4.32,5
2026-06-12 04:00:00,Davanagere,Fraud,4,4,44,8.23,8
2026-06-12 04:00:00,Hubballi-Dharwad,Fraud,4,4,11,8.56,4
2026-06-12 04:00:00,Hubballi-Dharwad,Cybercrime,4,4,27,4.47,5
2026-06-12 05:00:00,Ballari,Theft,5,4,37,6.83,9
2026-06-12 06:00:00,Davanagere,Theft,6,4,21,1.8,3
2026-06-12 06:00:00,Udupi,Cybercrime,6,4,11,1.82,2
2026-06-12 06:00:00,Bengaluru Urban,Burglary,6,4,43,8.66,13
2026-06-12 06:00:00,Kalaburagi,Theft,6,4,9,8.04,5
2026-06-12 06:00:00,Udupi,Theft,6,4,32,2.02,4
2026-06-12 06:00:00,Kalaburagi,Burglary,6,4,19,8.96,5
2026-06-12 07:00:00,Mysuru,Cybercrime,7,4,3,6.68,3
2026-06-12 07:00:00,Mysuru,Burglary,7,4,20,5.23,5
2026-06-12 07:00:00,Udupi,Burglary,7,4,6,9.48,5
2026-06-12 07:00:00,Hubballi-Dharwad,Fraud,7,4,5,4.4,4
2026-06-12 08:00:00,Kalaburagi,Theft,8,4,37,6.48,7
2026-06-12 09:00:00,Mysuru,Assault,9,4,24,4.37,5
2026-06-12 09:00:00,Shivamogga,Theft,9,4,38,3.35,8
2026-06-12 10:00:00,Kalaburagi,Cybercrime,10,4,5,3.44,6
2026-06-12 10:00:00,Ballari,Assault,10,4,34,6.71,7
2026-06-12 12:00:00,Udupi,Fraud,12,4,16,6.59,5
2026-06-12 13:00:00,Hubballi-Dharwad,Burglary,13,4,37,9.2,8
2026-06-12 13:00:00,Kalaburagi,Burglary,13,4,10,5.1,4
2026-06-12 13:00:00,Belagavi,Fraud,13,4,28,6.67,5
2026-06-12 13:00:00,Udupi,Assault,13,4,22,3.71,4
2026-06-12 13:00:00,Mysuru,Cybercrime,13,4,21,2.31,6
2026-06-12 13:00:00,Shivamogga,Theft,13,4,12,6.14,3
2026-06-12 14:00:00,Bengaluru Urban,Cybercrime,14,4,13,6.15,11
2026-06-12 14:00:00,Shivamogga,Theft,14,4,12,1.35,3
2026-06-12 15:00:00,Hubballi-Dharwad,Burglary,15,4,41,2.67,8
2026-06-12 15:00:00,Belagavi,Cybercrime,15,4,35,4.24,9
2026-06-12 16:00:00,Mangaluru,Cybercrime,16,4,35,6.18,9
2026-06-12 16:00:00,Mangaluru,Theft,16,4,23,7.11,7
2026-06-12 16:00:00,Mysuru,Fraud,16,4,23,5.47,6
2026-06-12 16:00:00,Shivamogga,Cybercrime,16,4,35,8.12,11
2026-06-12 18:00:00,Belagavi,Burglary,18,4,12,1.47,2
2026-06-12 19:00:00,Ballari,Cybercrime,19,4,43,5.32,7
2026-06-12 19:00:00,Bengaluru Urban,Theft,19,4,34,8.1,11
2026-06-12 19:00:00,Bengaluru Urban,Cybercrime,19,4,5,7.75,7
2026-06-12 20:00:00,Kalaburagi,Theft,20,4,8,4.64,1
2026-06-12 20:00:00,Ballari,Theft,20,4,33,9.34,8
2026-06-12 21:00:00,Mangaluru,Theft,21,4,31,4.64,6
2026-06-12 21:00:00,Davanagere,Assault,21,4,12,5.31,6
2026-06-12 22:00:00,Mangaluru,Cybercrime,22,4,16,3.24,5
2026-06-12 23:00:00,Mangaluru,Burglary,23,4,24,6.16,6
2026-06-13 00:00:00,Belagavi,Fraud,0,5,15,9.48,6
2026-06-13 01:00:00,Shivamogga,Cybercrime,1,5,29,3.3,6
2026-06-13 01:00:00,Mysuru,Fraud,1,5,36,3.99,6
2026-06-13 01:00:00,Belagavi,Assault,1,5,30,7.77,6
2026-06-13 02:00:00,Mangaluru,Burglary,2,5,22,6.79,9
2026-06-13 02:00:00,Belagavi,Assault,2,5,35,2.83,6
2026-06-13 03:00:00,Mysuru,Burglary,3,5,42,1.67,8
2026-06-13 03:00:00,Mangaluru,Assault,3,5,8,2.17,2
2026-06-13 03:00:00,Ballari,Theft,3,5,8,3.65,7
2026-06-13 05:00:00,Udupi,Theft,5,5,26,4.7,9
2026-06-13 05:00:00,Kalaburagi,Theft,5,5,28,8.29,9
2026-06-13 05:00:00,Ballari,Assault,5,5,39,6.8,7
2026-06-13 05:00:00,Hubballi-Dharwad,Assault,5,5,20,5.5,4
2026-06-13 05:00:00,Davanagere,Burglary,5,5,24,9.41,10
2026-06-13 06:00:00,Mangaluru,Burglary,6,5,33,6.07,6
2026-06-13 07:00:00,Belagavi,Cybercrime,7,5,37,1.95,6
2026-06-13 07:00:00,Davanagere,Assault,7,5,9,2.88,2
2026-06-13 07:00:00,Hubballi-Dharwad,Fraud,7,5,6,6.33,3
2026-06-13 08:00:00,Mysuru,Theft,8,5,27,5.14,6
2026-06-13 08:00:00,Bengaluru Urban,Burglary,8,5,29,2.48,8
2026-06-13 09:00:00,Hubballi-Dharwad,Burglary,9,5,23,1.91,4
2026-06-13 09:00:00,Udupi,Fraud,9,5,12,4.75,4
2026-06-13 13:00:00,Kalaburagi,Fraud,13,5,36,4.71,4
2026-06-13 13:00:00,Belagavi,Fraud,13,5,3,7.07,3
2026-06-13 13:00:00,Ballari,Fraud,13,5,8,6.61,3
2026-06-13 13:00:00,Belagavi,Assault,13,5,27,6.59,7
2026-06-13 15:00:00,Davanagere,Fraud,15,5,6,7.85,2
2026-06-13 15:00:00,Kalaburagi,Assault,15,5,11,5.68,5
2026-06-13 15:00:00,Belagavi,Assault,15,5,31,4.06,6
2026-06-13 15:00:00,Udupi,Theft,15,5,35,5.8,8
2026-06-13 16:00:00,Kalaburagi,Assault,16,5,25,8.9,6
2026-06-13 16:00:00,Shivamogga,Cybercrime,16,5,27,8.34,11
2026-06-13 16:00:00,Bengaluru Urban,Theft,16,5,39,6.02,11
2026-06-13 17:00:00,Kalaburagi,Burglary,17,5,36,2.89,7
2026-06-13 17:00:00,Udupi,Fraud,17,5,41,2.15,7
2026-06-13 18:00:00,Bengaluru Urban,Fraud,18,5,11,1.29,6
2026-06-13 18:00:00,Bengaluru Urban,Assault,18,5,17,6.67,9
2026-06-13 19:00:00,Ballari,Cybercrime,19,5,24,7.65,6
2026-06-13 20:00:00,Ballari,Cybercrime,20,5,5,6.39,4
2026-06-13 20:00:00,Udupi,Theft,20,5,42,6.96,9
2026-06-13 20:00:00,Belagavi,Burglary,20,5,24,7.71,5
2026-06-13 20:00:00,Belagavi,Assault,20,5,20,8.93,8
2026-06-13 21:00:00,Shivamogga,Cybercrime,21,5,2,4.15,2
2026-06-13 21:00:00,Mangaluru,Fraud,21,5,20,2.52,3
2026-06-13 21:00:00,Shivamogga,Fraud,21,5,21,5.31,6
2026-06-13 22:00:00,Mysuru,Assault,22,5,37,4.99,9
2026-06-13 22:00:00,Kalaburagi,Cybercrime,22,5,25,8.58,8
2026-06-13 22:00:00,Kalaburagi,Fraud,22,5,37,7.33,8
2026-06-13 23:00:00,Ballari,Fraud,23,5,14,9.13,5
2026-06-14 00:00:00,Belagavi,Assault,0,6,26,6.73,6
2026-06-14 00:00:00,Kalaburagi,Theft,0,6,2,8.4,6
2026-06-14 00:00:00,Udupi,Fraud,0,6,9,5.37,3
2026-06-14 01:00:00,Shivamogga,Cybercrime,1,6,30,9.1,8
2026-06-14 01:00:00,Hubballi-Dharwad,Cybercrime,1,6,13,1.35,3
2026-06-14 01:00:00,Ballari,Assault,1,6,22,3.85,5
2026-06-14 01:00:00,Shivamogga,Assault,1,6,23,7.85,6
2026-06-14 02:00:00,Kalaburagi,Fraud,2,6,16,5.3,4
2026-06-14 03:00:00,Mysuru,Theft,3,6,8,8.82,8
2026-06-14 03:00:00,Mysuru,Fraud,3,6,5,8.67,6
2026-06-14 03:00:00,Hubballi-Dharwad,Fraud,3,6,19,8.85,6
2026-06-14 04:00:00,Mysuru,Theft,4,6,5,5.74,6
2026-06-14 04:00:00,Kalaburagi,Fraud,4,6,18,8.54,6
2026-06-14 04:00:00,Belagavi,Burglary,4,6,4,3.98,5
2026-06-14 05:00:00,Ballari,Burglary,5,6,2,2.35,5
2026-06-14 05:00:00,Hubballi-Dharwad,Cybercrime,5,6,2,7.45,3
2026-06-14 05:00:00,Ballari,Assault,5,6,31,7.81,7
2026-06-14 05:00:00,Udupi,Fraud,5,6,21,4.47,6
2026-06-14 06:00:00,Mysuru,Assault,6,6,17,2.16,3
2026-06-14 06:00:00,Udupi,Fraud,6,6,33,7.47,8
2026-06-14 06:00:00,Bengaluru Urban,Cybercrime,6,6,12,8.68,7
2026-06-14 06:00:00,Bengaluru Urban,Assault,6,6,5,2.37,6
2026-06-14 06:00:00,Udupi,Cybercrime,6,6,31,5.33,6
2026-06-14 07:00:00,Belagavi,Assault,7,6,26,9.13,7
2026-06-14 07:00:00,Hubballi-Dharwad,Cybercrime,7,6,35,8.72,9
2026-06-14 08:00:00,Davanagere,Assault,8,6,5,1.99,1
2026-06-14 08:00:00,Mangaluru,Assault,8,6,35,1.43,5
2026-06-14 09:00:00,Hubballi-Dharwad,Theft,9,6,39,8.51,10
2026-06-14 09:00:00,Shivamogga,Assault,9,6,18,3.76,3
2026-06-14 10:00:00,Kalaburagi,Assault,10,6,30,8.58,7
2026-06-14 10:00:00,Hubballi-Dharwad,Assault,10,6,33,8.47,7
2026-06-14 11:00:00,Hubballi-Dharwad,Burglary,11,6,25,1.93,4
2026-06-14 11:00:00,Mysuru,Theft,11,6,27,6.59,5
2026-06-14 11:00:00,Mysuru,Assault,11,6,43,7.79,9
2026-06-14 11:00:00,Shivamogga,Burglary,11,6,10,2.48,6
2026-06-14 12:00:00,Hubballi-Dharwad,Theft,12,6,24,4.64,5
2026-06-14 12:00:00,Bengaluru Urban,Theft,12,6,6,9.14,7
2026-06-14 12:00:00,Mysuru,Cybercrime,12,6,38,7.05,10
2026-06-14 14:00:00,Shivamogga,Assault,14,6,39,8.32,8
2026-06-14 14:00:00,Mysuru,Assault,14,6,42,7.67,9
2026-06-14 15:00:00,Belagavi,Cybercrime,15,6,32,7.9,10
2026-06-14 15:00:00,Davanagere,Fraud,15,6,22,6.03,5
2026-06-14 15:00:00,Shivamogga,Theft,15,6,42,1.81,7
2026-06-14 15:00:00,Mysuru,Assault,15,6,18,8.95,7
2026-06-14 16:00:00,Bengaluru Urban,Theft,16,6,25,1.58,7
2026-06-14 16:00:00,Bengaluru Urban,Cybercrime,16,6,8,5.08,9
2026-06-14 16:00:00,Ballari,Theft,16,6,5,6.82,4
2026-06-14 17:00:00,Kalaburagi,Cybercrime,17,6,6,4.0,4
2026-06-14 18:00:00,Shivamogga,Burglary,18,6,7,6.17,3
2026-06-14 18:00:00,Davanagere,Theft,18,6,19,8.61,5
2026-06-14 18:00:00,Udupi,Theft,18,6,35,7.77,7
2026-06-14 19:00:00,Mangaluru,Cybercrime,19,6,15,5.31,4
2026-06-14 20:00:00,Hubballi-Dharwad,Burglary,20,6,23,5.4,4
2026-06-14 20:00:00,Mysuru,Burglary,20,6,35,2.08,6
2026-06-14 21:00:00,Belagavi,Assault,21,6,29,6.59,9
2026-06-14 21:00:00,Kalaburagi,Theft,21,6,43,2.13,7
2026-06-14 21:00:00,Bengaluru Urban,Fraud,21,6,26,4.04,8
2026-06-14 21:00:00,Hubballi-Dharwad,Theft,21,6,13,6.04,4
2026-06-14 21:00:00,Hubballi-Dharwad,Assault,21,6,6,5.5,7
2026-06-14 22:00:00,Davanagere,Fraud,22,6,19,6.5,5
2026-06-14 22:00:00,Mangaluru,Cybercrime,22,6,17,8.54,4
2026-06-14 22:00:00,Bengaluru Urban,Fraud,22,6,22,7.22,9
2026-06-14 22:00:00,Mangaluru,Fraud,22,6,6,5.45,4
2026-06-14 23:00:00,Mysuru,Cybercrime,23,6,3,5.28,3
2026-06-14 23:00:00,Mangaluru,Fraud,23,6,22,6.33,5
2026-06-14 23:00:00,Mysuru,Assault,23,6,2,2.67,4
2026-06-15 00:00:00,Hubballi-Dharwad,Cybercrime,0,0,6,3.92,2
2026-06-15 00:00:00,Ballari,Theft,0,0,29,2.48,7
2026-06-15 00:00:00,Mysuru,Burglary,0,0,6,7.44,6
2026-06-15 01:00:00,Bengaluru Urban,Theft,1,0,14,6.88,11
2026-06-15 01:00:00,Udupi,Burglary,1,0,13,8.92,8
2026-06-15 02:00:00,Hubballi-Dharwad,Cybercrime,2,0,12,7.12,5
2026-06-15 03:00:00,Mangaluru,Burglary,3,0,31,9.28,10
2026-06-15 03:00:00,Kalaburagi,Assault,3,0,25,7.39,5
2026-06-15 04:00:00,Hubballi-Dharwad,Cybercrime,4,0,24,6.87,6
2026-06-15 04:00:00,Hubballi-Dharwad,Assault,4,0,8,5.72,4
2026-06-15 04:00:00,Mysuru,Theft,4,0,17,3.63,7
2026-06-15 04:00:00,Mangaluru,Burglary,4,0,18,3.82,6
2026-06-15 05:00:00,Ballari,Theft,5,0,42,4.24,11
2026-06-15 05:00:00,Udupi,Fraud,5,0,34,2.51,5
2026-06-15 05:00:00,Bengaluru Urban,Cybercrime,5,0,41,4.02,10
2026-06-15 06:00:00,Mangaluru,Assault,6,0,23,4.02,5
2026-06-15 06:00:00,Udupi,Fraud,6,0,32,2.17,5
2026-06-15 06:00:00,Mangaluru,Burglary,6,0,32,5.34,8
2026-06-15 07:00:00,Mangaluru,Cybercrime,7,0,36,8.86,10
2026-06-15 07:00:00,Davanagere,Assault,7,0,28,8.19,7
2026-06-15 07:00:00,Ballari,Assault,7,0,24,9.05,8
2026-06-15 08:00:00,Ballari,Assault,8,0,32,4.57,7
2026-06-15 08:00:00,Mysuru,Fraud,8,0,35,7.48,6
2026-06-15 09:00:00,Belagavi,Burglary,9,0,24,3.74,7
2026-06-15 09:00:00,Bengaluru Urban,Fraud,9,0,11,4.99,6
2026-06-15 09:00:00,Mangaluru,Cybercrime,9,0,6,8.07,3
2026-06-15 09:00:00,Mysuru,Theft,9,0,22,7.49,6
2026-06-15 10:00:00,Hubballi-Dharwad,Burglary,10,0,32,4.91,7
2026-06-15 10:00:00,Belagavi,Burglary,10,0,3,6.63,5
2026-06-15 10:00:00,Ballari,Theft,10,0,42,4.35,7
2026-06-15 11:00:00,Udupi,Cybercrime,11,0,34,2.8,8
2026-06-15 12:00:00,Bengaluru Urban,Assault,12,0,11,2.1,6
2026-06-15 12:00:00,Shivamogga,Burglary,12,0,19,2.67,5
2026-06-15 12:00:00,Shivamogga,Cybercrime,12,0,7,9.19,6
2026-06-15 13:00:00,Hubballi-Dharwad,Burglary,13,0,15,7.86,5
2026-06-15 13:00:00,Hubballi-Dharwad,Theft,13,0,20,3.92,5
2026-06-15 13:00:00,Hubballi-Dharwad,Fraud,13,0,19,4.68,5
2026-06-15 13:00:00,Hubballi-Dharwad,Theft,13,0,26,8.32,6
2026-06-15 14:00:00,Hubballi-Dharwad,Cybercrime,14,0,4,3.92,5
2026-06-15 14:00:00,Bengaluru Urban,Theft,14,0,34,8.68,11
2026-06-15 14:00:00,Udupi,Fraud,14,0,43,5.11,7
2026-06-15 14:00:00,Mysuru,Cybercrime,14,0,29,1.45,8
2026-06-15 14:00:00,Kalaburagi,Theft,14,0,22,3.49,3
2026-06-15 16:00:00,Ballari,Theft,16,0,42,3.85,7
2026-06-15 18:00:00,Mysuru,Assault,18,0,19,2.11,4
2026-06-15 18:00:00,Belagavi,Assault,18,0,16,2.65,4
2026-06-15 19:00:00,Ballari,Fraud,19,0,36,3.41,7
2026-06-15 19:00:00,Ballari,Burglary,19,0,40,5.68,7
2026-06-15 19:00:00,Mangaluru,Cybercrime,19,0,8,6.81,4
2026-06-15 19:00:00,Shivamogga,Theft,19,0,33,7.92,7
2026-06-15 19:00:00,Mysuru,Theft,19,0,28,7.62,7
2026-06-15 20:00:00,Kalaburagi,Theft,20,0,21,3.05,5
2026-06-15 21:00:00,Hubballi-Dharwad,Fraud,21,0,22,1.77,4
2026-06-15 21:00:00,Kalaburagi,Cybercrime,21,0,23,8.5,6
2026-06-15 21:00:00,Shivamogga,Assault,21,0,44,5.25,11
2026-06-15 21:00:00,Mangaluru,Assault,21,0,24,4.99,6
2026-06-15 21:00:00,Hubballi-Dharwad,Fraud,21,0,17,8.66,6
2026-06-15 22:00:00,Udupi,Burglary,22,0,20,2.99,4
2026-06-15 22:00:00,Bengaluru Urban,Assault,22,0,6,7.83,9
2026-06-15 22:00:00,Belagavi,Theft,22,0,3,6.47,4
2026-06-15 22:00:00,Mysuru,Theft,22,0,35,6.56,6
2026-06-15 23:00:00,Kalaburagi,Fraud,23,0,21,2.77,2
2026-06-15 23:00:00,Shivamogga,Theft,23,0,43,3.73,7
2026-06-15 23:00:00,Hubballi-Dharwad,Assault,23,0,40,7.11,11
2026-06-16 00:00:00,Mysuru,Burglary,0,1,40,7.9,12
2026-06-16 00:00:00,Ballari,Fraud,0,1,35,3.08,6
2026-06-16 00:00:00,Belagavi,Assault,0,1,39,3.06,6
2026-06-16 00:00:00,Belagavi,Fraud,0,1,23,4.16,5
2026-06-16 00:00:00,Bengaluru Urban,Fraud,0,1,10,4.33,5
2026-06-16 01:00:00,Mysuru,Burglary,1,1,42,2.68,10
2026-06-16 01:00:00,Udupi,Theft,1,1,30,4.79,9
2026-06-16 01:00:00,Shivamogga,Assault,1,1,40,6.36,9
2026-06-16 01:00:00,Udupi,Burglary,1,1,43,3.91,9
2026-06-16 02:00:00,Bengaluru Urban,Cybercrime,2,1,17,2.85,6
2026-06-16 02:00:00,Belagavi,Theft,2,1,17,4.23,6
2026-06-16 02:00:00,Mangaluru,Fraud,2,1,11,2.64,3
2026-06-16 02:00:00,Davanagere,Assault,2,1,34,6.01,7
2026-06-16 02:00:00,Ballari,Theft,2,1,43,7.76,11
2026-06-16 02:00:00,Hubballi-Dharwad,Theft,2,1,19,5.18,7
2026-06-16 02:00:00,Bengaluru Urban,Assault,2,1,34,4.89,9
2026-06-16 03:00:00,Mysuru,Assault,3,1,10,1.7,2
2026-06-16 04:00:00,Mangaluru,Cybercrime,4,1,43,7.64,7
2026-06-16 04:00:00,Bengaluru Urban,Fraud,4,1,20,8.56,9
2026-06-16 04:00:00,Mangaluru,Cybercrime,4,1,13,1.82,3
2026-06-16 04:00:00,Belagavi,Theft,4,1,31,6.51,11
2026-06-16 05:00:00,Shivamogga,Burglary,5,1,6,9.13,8
2026-06-16 06:00:00,Bengaluru Urban,Assault,6,1,24,4.42,8
2026-06-16 06:00:00,Davanagere,Assault,6,1,42,6.32,7
2026-06-16 06:00:00,Davanagere,Theft,6,1,27,7.54,7
2026-06-16 06:00:00,Davanagere,Assault,6,1,27,4.11,5
2026-06-16 07:00:00,Ballari,Fraud,7,1,23,5.77,6
2026-06-16 07:00:00,Mysuru,Fraud,7,1,26,4.21,4
2026-06-16 07:00:00,Hubballi-Dharwad,Assault,7,1,7,1.96,3
2026-06-16 08:00:00,Mangaluru,Cybercrime,8,1,23,5.59,5
2026-06-16 09:00:00,Bengaluru Urban,Fraud,9,1,20,3.3,9
2026-06-16 09:00:00,Davanagere,Cybercrime,9,1,38,7.44,8
2026-06-16 09:00:00,Mangaluru,Fraud,9,1,30,7.35,7
2026-06-16 10:00:00,Davanagere,Assault,10,1,4,4.61,3
2026-06-16 10:00:00,Bengaluru Urban,Fraud,10,1,32,6.2,10
2026-06-16 10:00:00,Hubballi-Dharwad,Theft,10,1,41,9.05,10
2026-06-16 11:00:00,Mangaluru,Cybercrime,11,1,2,7.58,6
2026-06-16 11:00:00,Ballari,Assault,11,1,7,5.67,4
2026-06-16 12:00:00,Mangaluru,Theft,12,1,19,7.88,5
2026-06-16 12:00:00,Hubballi-Dharwad,Assault,12,1,23,4.17,4
2026-06-16 13:00:00,Davanagere,Assault,13,1,38,6.54,7
2026-06-16 13:00:00,Kalaburagi,Theft,13,1,3,4.91,2
2026-06-16 14:00:00,Davanagere,Assault,14,1,3,1.81,3
2026-06-16 16:00:00,Udupi,Theft,16,1,23,8.14,6
2026-06-16 19:00:00,Bengaluru Urban,Theft,19,1,31,8.65,10
2026-06-16 20:00:00,Davanagere,Burglary,20,1,20,6.08,5
2026-06-16 21:00:00,Mysuru,Burglary,21,1,22,3.11,4
2026-06-16 21:00:00,Mangaluru,Assault,21,1,15,9.37,6
2026-06-16 21:00:00,Davanagere,Burglary,21,1,32,2.45,6
2026-06-16 22:00:00,Belagavi,Theft,22,1,35,4.48,7
2026-06-16 22:00:00,Hubballi-Dharwad,Theft,22,1,11,8.24,5
2026-06-16 23:00:00,Belagavi,Assault,23,1,7,1.35,4
2026-06-16 23:00:00,Bengaluru Urban,Burglary,23,1,35,2.92,10
2026-06-16 23:00:00,Bengaluru Urban,Fraud,23,1,16,1.26,5
2026-06-16 23:00:00,Bengaluru Urban,Cybercrime,23,1,30,6.79,10
2026-06-16 23:00:00,Davanagere,Burglary,23,1,3,5.63,4
2026-06-16 23:00:00,Hubballi-Dharwad,Cybercrime,23,1,37,1.55,4
2026-06-17 00:00:00,Ballari,Fraud,0,2,31,4.76,7
2026-06-17 00:00:00,Davanagere,Fraud,0,2,5,7.31,5
2026-06-17 00:00:00,Davanagere,Theft,0,2,28,5.53,9
2026-06-17 01:00:00,Ballari,Burglary,1,2,23,2.08,8
2026-06-17 01:00:00,Shivamogga,Assault,1,2,27,1.29,5
2026-06-17 02:00:00,Ballari,Burglary,2,2,36,4.4,9
2026-06-17 02:00:00,Kalaburagi,Cybercrime,2,2,38,5.1,7
2026-06-17 02:00:00,Ballari,Theft,2,2,13,2.07,6
2026-06-17 03:00:00,Belagavi,Burglary,3,2,24,8.34,8
2026-06-17 03:00:00,Hubballi-Dharwad,Burglary,3,2,12,4.04,7
2026-06-17 04:00:00,Bengaluru Urban,Assault,4,2,8,6.56,8
2026-06-17 05:00:00,Ballari,Fraud,5,2,20,1.82,3
2026-06-17 06:00:00,Bengaluru Urban,Cybercrime,6,2,43,1.38,10
2026-06-17 06:00:00,Mangaluru,Theft,6,2,8,1.69,1
2026-06-17 07:00:00,Mysuru,Fraud,7,2,43,1.96,6
2026-06-17 07:00:00,Davanagere,Assault,7,2,25,2.05,5
2026-06-17 07:00:00,Davanagere,Theft,7,2,21,5.07,4
2026-06-17 08:00:00,Belagavi,Cybercrime,8,2,41,1.48,8
2026-06-17 08:00:00,Bengaluru Urban,Burglary,8,2,22,5.6,9
2026-06-17 08:00:00,Hubballi-Dharwad,Burglary,8,2,26,6.15,8
2026-06-17 09:00:00,Belagavi,Theft,9,2,23,1.97,4
2026-06-17 09:00:00,Hubballi-Dharwad,Assault,9,2,18,1.97,3
2026-06-17 09:00:00,Ballari,Burglary,9,2,16,2.08,3
2026-06-17 09:00:00,Mysuru,Cybercrime,9,2,37,4.14,8
2026-06-17 10:00:00,Mangaluru,Burglary,10,2,5,1.5,3
2026-06-17 10:00:00,Bengaluru Urban,Fraud,10,2,22,8.98,8
2026-06-17 10:00:00,Ballari,Assault,10,2,15,8.05,6
2026-06-17 10:00:00,Ballari,Assault,10,2,9,4.71,4
2026-06-17 11:00:00,Udupi,Theft,11,2,40,2.12,7
2026-06-17 11:00:00,Kalaburagi,Assault,11,2,19,8.73,5
2026-06-17 11:00:00,Udupi,Cybercrime,11,2,6,2.24,4
2026-06-17 11:00:00,Shivamogga,Theft,11,2,9,5.03,4
2026-06-17 12:00:00,Mysuru,Cybercrime,12,2,29,4.07,7
2026-06-17 12:00:00,Mysuru,Cybercrime,12,2,4,5.89,7
2026-06-17 13:00:00,Mangaluru,Assault,13,2,31,3.92,6
2026-06-17 13:00:00,Hubballi-Dharwad,Assault,13,2,6,3.46,3
2026-06-17 13:00:00,Ballari,Assault,13,2,33,3.68,7
2026-06-17 13:00:00,Davanagere,Cybercrime,13,2,42,3.14,9
2026-06-17 14:00:00,Shivamogga,Cybercrime,14,2,2,3.82,5
2026-06-17 14:00:00,Davanagere,Cybercrime,14,2,22,8.97,10
2026-06-17 15:00:00,Hubballi-Dharwad,Theft,15,2,24,5.57,6
2026-06-17 15:00:00,Shivamogga,Assault,15,2,29,3.12,6
2026-06-17 16:00:00,Davanagere,Fraud,16,2,29,5.44,6
2026-06-17 16:00:00,Mysuru,Assault,16,2,38,5.66,7
2026-06-17 16:00:00,Kalaburagi,Fraud,16,2,27,2.76,5
2026-06-17 17:00:00,Kalaburagi,Cybercrime,17,2,21,3.48,5
2026-06-17 18:00:00,Kalaburagi,Fraud,18,2,40,1.42,6
2026-06-17 18:00:00,Belagavi,Burglary,18,2,33,3.66,6
2026-06-17 19:00:00,Belagavi,Cybercrime,19,2,8,4.86,4
2026-06-17 19:00:00,Udupi,Assault,19,2,16,1.6,6
2026-06-17 19:00:00,Bengaluru Urban,Fraud,19,2,10,1.49,7
2026-06-17 19:00:00,Mysuru,Fraud,19,2,41,2.74,7
2026-06-17 19:00:00,Shivamogga,Theft,19,2,23,6.59,6
2026-06-17 19:00:00,Kalaburagi,Cybercrime,19,2,11,7.07,5
2026-06-17 20:00:00,Belagavi,Theft,20,2,32,6.73,6
2026-06-17 20:00:00,Shivamogga,Assault,20,2,42,6.89,9
2026-06-17 20:00:00,Belagavi,Cybercrime,20,2,16,5.84,3
2026-06-17 21:00:00,Udupi,Burglary,21,2,35,8.25,8
2026-06-17 21:00:00,Hubballi-Dharwad,Cybercrime,21,2,15,3.6,4
2026-06-17 22:00:00,Mysuru,Fraud,22,2,19,6.58,5
2026-06-17 22:00:00,Belagavi,Assault,22,2,9,5.44,5
2026-06-17 22:00:00,Kalaburagi,Assault,22,2,33,2.75,8
2026-06-17 22:00:00,Belagavi,Fraud,22,2,41,5.31,7
2026-06-17 22:00:00,Udupi,Cybercrime,22,2,29,5.19,7
2026-06-18 00:00:00,Mysuru,Theft,0,3,9,7.41,7
2026-06-18 01:00:00,Ballari,Cybercrime,1,3,10,3.94,4
2026-06-18 01:00:00,Mysuru,Theft,1,3,34,4.58,10
2026-06-18 01:00:00,Udupi,Cybercrime,1,3,31,4.5,5
2026-06-18 01:00:00,Shivamogga,Assault,1,3,30,7.57,7
2026-06-18 03:00:00,Mysuru,Burglary,3,3,17,6.95,8
2026-06-18 04:00:00,Mysuru,Fraud,4,3,15,2.3,3
2026-06-18 04:00:00,Belagavi,Assault,4,3,5,5.93,4
2026-06-18 06:00:00,Hubballi-Dharwad,Cybercrime,6,3,9,2.06,2
2026-06-18 06:00:00,Hubballi-Dharwad,Theft,6,3,36,4.22,6
2026-06-18 06:00:00,Belagavi,Fraud,6,3,18,6.02,5
2026-06-18 06:00:00,Hubballi-Dharwad,Assault,6,3,9,1.99,2
2026-06-18 06:00:00,Hubballi-Dharwad,Fraud,6,3,14,8.46,7
2026-06-18 07:00:00,Udupi,Cybercrime,7,3,27,2.1,7
2026-06-18 07:00:00,Davanagere,Cybercrime,7,3,19,1.7,4
2026-06-18 08:00:00,Hubballi-Dharwad,Cybercrime,8,3,17,6.73,4
2026-06-18 08:00:00,Davanagere,Assault,8,3,15,4.85,5
2026-06-18 08:00:00,Udupi,Cybercrime,8,3,39,2.3,7
2026-06-18 08:00:00,Udupi,Cybercrime,8,3,18,8.01,4
2026-06-18 09:00:00,Udupi,Assault,9,3,20,8.34,6
2026-06-18 10:00:00,Shivamogga,Theft,10,3,7,5.68,5
2026-06-18 10:00:00,Mysuru,Theft,10,3,10,9.05,5
2026-06-18 10:00:00,Shivamogga,Burglary,10,3,43,7.95,9
2026-06-18 11:00:00,Bengaluru Urban,Burglary,11,3,43,2.41,9
2026-06-18 12:00:00,Belagavi,Cybercrime,12,3,41,7.23,10
2026-06-18 12:00:00,Kalaburagi,Assault,12,3,24,8.67,8
2026-06-18 12:00:00,Bengaluru Urban,Assault,12,3,41,8.91,13
2026-06-18 13:00:00,Davanagere,Theft,13,3,42,7.57,8
2026-06-18 14:00:00,Bengaluru Urban,Fraud,14,3,34,8.61,11
2026-06-18 14:00:00,Shivamogga,Fraud,14,3,36,7.2,7
2026-06-18 15:00:00,Ballari,Burglary,15,3,35,7.11,8
2026-06-18 15:00:00,Shivamogga,Assault,15,3,15,1.89,4
2026-06-18 16:00:00,Belagavi,Assault,16,3,29,9.37,7
2026-06-18 17:00:00,Bengaluru Urban,Cybercrime,17,3,9,8.38,8
2026-06-18 17:00:00,Udupi,Cybercrime,17,3,9,5.28,3
2026-06-18 17:00:00,Davanagere,Theft,17,3,7,4.71,4
2026-06-18 18:00:00,Belagavi,Cybercrime,18,3,44,3.13,8
2026-06-18 18:00:00,Ballari,Burglary,18,3,18,2.98,3
2026-06-18 18:00:00,Bengaluru Urban,Fraud,18,3,26,7.24,9
2026-06-18 19:00:00,Kalaburagi,Cybercrime,19,3,4,4.62,3
2026-06-18 20:00:00,Shivamogga,Theft,20,3,23,6.44,5
2026-06-18 20:00:00,Shivamogga,Assault,20,3,11,3.57,5
2026-06-18 20:00:00,Belagavi,Theft,20,3,29,6.53,6
2026-06-18 20:00:00,Mangaluru,Theft,20,3,12,6.3,4
2026-06-18 21:00:00,Hubballi-Dharwad,Theft,21,3,31,8.62,7
2026-06-18 21:00:00,Ballari,Assault,21,3,27,5.2,9
2026-06-18 21:00:00,Udupi,Burglary,21,3,44,9.07,9
2026-06-18 21:00:00,Mysuru,Burglary,21,3,14,5.32,6
2026-06-18 21:00:00,Bengaluru Urban,Assault,21,3,15,6.66,10
2026-06-18 22:00:00,Bengaluru Urban,Cybercrime,22,3,18,6.19,8
2026-06-18 22:00:00,Belagavi,Fraud,22,3,17,3.03,5
2026-06-18 22:00:00,Udupi,Cybercrime,22,3,34,6.0,7
2026-06-18 23:00:00,Udupi,Theft,23,3,3,1.84,1
2026-06-18 23:00:00,Belagavi,Cybercrime,23,3,33,6.67,7
2026-06-18 23:00:00,Belagavi,Fraud,23,3,38,5.1,7
2026-06-18 23:00:00,Kalaburagi,Fraud,23,3,41,3.53,6
2026-06-19 00:00:00,Bengaluru Urban,Cybercrime,0,4,30,2.54,8
2026-06-19 01:00:00,Bengaluru Urban,Theft,1,4,10,7.03,9
2026-06-19 02:00:00,Belagavi,Assault,2,4,23,4.82,6
2026-06-19 02:00:00,Davanagere,Assault,2,4,39,6.48,9
2026-06-19 02:00:00,Bengaluru Urban,Assault,2,4,30,7.06,10
2026-06-19 03:00:00,Bengaluru Urban,Assault,3,4,37,7.89,12
2026-06-19 04:00:00,Shivamogga,Assault,4,4,44,1.72,7
2026-06-19 05:00:00,Davanagere,Theft,5,4,32,6.95,11
2026-06-19 05:00:00,Bengaluru Urban,Assault,5,4,3,6.5,6
2026-06-19 07:00:00,Mangaluru,Burglary,7,4,42,2.29,7
2026-06-19 07:00:00,Belagavi,Assault,7,4,16,2.69,5
2026-06-19 07:00:00,Hubballi-Dharwad,Burglary,7,4,37,4.01,7
2026-06-19 07:00:00,Kalaburagi,Theft,7,4,32,5.35,6
2026-06-19 08:00:00,Bengaluru Urban,Burglary,8,4,41,2.04,9
2026-06-19 08:00:00,Kalaburagi,Burglary,8,4,33,7.14,8
2026-06-19 08:00:00,Mysuru,Assault,8,4,23,8.54,8
2026-06-19 09:00:00,Kalaburagi,Fraud,9,4,40,5.81,8
2026-06-19 09:00:00,Bengaluru Urban,Cybercrime,9,4,5,4.92,6
2026-06-19 10:00:00,Ballari,Cybercrime,10,4,23,6.27,8
2026-06-19 10:00:00,Shivamogga,Cybercrime,10,4,6,7.68,8
2026-06-19 11:00:00,Ballari,Theft,11,4,27,2.51,4
2026-06-19 11:00:00,Udupi,Cybercrime,11,4,10,3.45,5
2026-06-19 12:00:00,Udupi,Assault,12,4,36,6.87,7
2026-06-19 13:00:00,Ballari,Fraud,13,4,26,6.12,6
2026-06-19 13:00:00,Mysuru,Fraud,13,4,5,4.11,3
2026-06-19 13:00:00,Bengaluru Urban,Burglary,13,4,12,4.02,8
2026-06-19 13:00:00,Udupi,Fraud,13,4,12,9.42,5
2026-06-19 13:00:00,Mangaluru,Theft,13,4,17,7.92,5
2026-06-19 14:00:00,Kalaburagi,Assault,14,4,40,3.52,8
2026-06-19 14:00:00,Mysuru,Burglary,14,4,20,4.45,3
2026-06-19 14:00:00,Mangaluru,Cybercrime,14,4,29,1.73,7
2026-06-19 15:00:00,Davanagere,Theft,15,4,5,7.23,3
2026-06-19 15:00:00,Hubballi-Dharwad,Cybercrime,15,4,6,4.43,6
2026-06-19 15:00:00,Kalaburagi,Fraud,15,4,38,1.78,6
2026-06-19 16:00:00,Mysuru,Burglary,16,4,3,5.46,3
2026-06-19 16:00:00,Kalaburagi,Assault,16,4,10,6.55,3
2026-06-19 16:00:00,Davanagere,Fraud,16,4,39,5.33,6
2026-06-19 16:00:00,Udupi,Burglary,16,4,23,3.94,5
2026-06-19 16:00:00,Belagavi,Theft,16,4,43,7.56,9
2026-06-19 17:00:00,Udupi,Burglary,17,4,14,5.2,6
2026-06-19 18:00:00,Shivamogga,Assault,18,4,2,4.78,3
2026-06-19 18:00:00,Ballari,Theft,18,4,27,4.6,6
2026-06-19 19:00:00,Kalaburagi,Assault,19,4,37,5.99,9
2026-06-19 19:00:00,Udupi,Fraud,19,4,23,5.44,5
2026-06-19 20:00:00,Ballari,Burglary,20,4,11,3.97,3
2026-06-19 20:00:00,Bengaluru Urban,Cybercrime,20,4,13,3.09,6
2026-06-19 20:00:00,Hubballi-Dharwad,Theft,20,4,40,5.61,8
2026-06-19 20:00:00,Mysuru,Assault,20,4,10,3.0,5
2026-06-19 20:00:00,Belagavi,Fraud,20,4,31,4.67,5
2026-06-19 21:00:00,Davanagere,Theft,21,4,34,2.62,6
2026-06-19 21:00:00,Hubballi-Dharwad,Cybercrime,21,4,42,1.61,9
2026-06-19 21:00:00,Hubballi-Dharwad,Assault,21,4,4,9.06,6
2026-06-19 22:00:00,Kalaburagi,Fraud,22,4,34,3.72,7
2026-06-19 23:00:00,Ballari,Theft,23,4,35,8.94,8
2026-06-19 23:00:00,Hubballi-Dharwad,Burglary,23,4,9,2.52,2
2026-06-20 00:00:00,Bengaluru Urban,Assault,0,5,38,7.36,11
2026-06-20 00:00:00,Ballari,Burglary,0,5,28,9.25,10
2026-06-20 00:00:00,Belagavi,Assault,0,5,11,7.73,4
2026-06-20 00:00:00,Shivamogga,Fraud,0,5,42,7.85,7
2026-06-20 00:00:00,Udupi,Fraud,0,5,15,2.31,5
2026-06-20 00:00:00,Mangaluru,Fraud,0,5,40,3.3,8
2026-06-20 02:00:00,Udupi,Cybercrime,2,5,30,4.75,5
2026-06-20 03:00:00,Shivamogga,Theft,3,5,12,2.59,5
2026-06-20 03:00:00,Kalaburagi,Burglary,3,5,21,3.1,6
2026-06-20 03:00:00,Belagavi,Theft,3,5,24,3.83,8
2026-06-20 03:00:00,Shivamogga,Theft,3,5,44,4.56,12
2026-06-20 04:00:00,Udupi,Burglary,4,5,32,6.49,10
2026-06-20 04:00:00,Ballari,Theft,4,5,10,8.09,8
2026-06-20 05:00:00,Shivamogga,Theft,5,5,15,6.03,6
2026-06-20 05:00:00,Shivamogga,Cybercrime,5,5,29,3.34,6
2026-06-20 06:00:00,Davanagere,Cybercrime,6,5,40,1.25,6
2026-06-20 06:00:00,Shivamogga,Burglary,6,5,5,1.26,2
2026-06-20 06:00:00,Udupi,Burglary,6,5,4,6.17,3
2026-06-20 06:00:00,Bengaluru Urban,Assault,6,5,35,4.22,10
2026-06-20 07:00:00,Davanagere,Burglary,7,5,8,3.79,2
2026-06-20 07:00:00,Shivamogga,Assault,7,5,37,5.0,8
2026-06-20 07:00:00,Davanagere,Burglary,7,5,21,3.34,4
2026-06-20 08:00:00,Hubballi-Dharwad,Fraud,8,5,39,8.95,10
2026-06-20 08:00:00,Hubballi-Dharwad,Assault,8,5,31,5.08,7
2026-06-20 09:00:00,Belagavi,Cybercrime,9,5,6,6.31,4
2026-06-20 09:00:00,Shivamogga,Assault,9,5,10,6.36,4
2026-06-20 09:00:00,Shivamogga,Burglary,9,5,34,8.98,8
2026-06-20 10:00:00,Hubballi-Dharwad,Assault,10,5,17,6.98,6
2026-06-20 10:00:00,Kalaburagi,Theft,10,5,15,4.47,4
2026-06-20 12:00:00,Kalaburagi,Cybercrime,12,5,18,3.65,8
2026-06-20 12:00:00,Bengaluru Urban,Theft,12,5,19,8.11,9
2026-06-20 13:00:00,Davanagere,Fraud,13,5,18,2.27,4
2026-06-20 13:00:00,Udupi,Fraud,13,5,2,5.05,2
2026-06-20 14:00:00,Hubballi-Dharwad,Burglary,14,5,37,7.81,7
2026-06-20 14:00:00,Hubballi-Dharwad,Assault,14,5,40,2.09,7
2026-06-20 14:00:00,Mysuru,Theft,14,5,34,8.0,6
2026-06-20 15:00:00,Ballari,Burglary,15,5,35,4.65,8
2026-06-20 16:00:00,Kalaburagi,Cybercrime,16,5,35,4.96,9
2026-06-20 16:00:00,Bengaluru Urban,Fraud,16,5,22,5.44,8
2026-06-20 16:00:00,Belagavi,Burglary,16,5,44,3.97,7
2026-06-20 16:00:00,Ballari,Burglary,16,5,20,4.61,4
2026-06-20 19:00:00,Mangaluru,Cybercrime,19,5,33,7.3,9
2026-06-20 20:00:00,Kalaburagi,Theft,20,5,19,5.11,4
2026-06-20 20:00:00,Belagavi,Burglary,20,5,18,7.53,6
2026-06-20 21:00:00,Belagavi,Assault,21,5,5,5.07,5
2026-06-20 21:00:00,Hubballi-Dharwad,Fraud,21,5,14,2.49,2
2026-06-20 21:00:00,Mysuru,Assault,21,5,20,7.52,7
2026-06-20 22:00:00,Hubballi-Dharwad,Theft,22,5,33,1.43,6
2026-06-20 22:00:00,Hubballi-Dharwad,Fraud,22,5,25,9.44,7
2026-06-20 23:00:00,Bengaluru Urban,Assault,23,5,18,6.43,10
2026-06-20 23:00:00,Bengaluru Urban,Assault,23,5,18,5.95,10
2026-06-21 00:00:00,Shivamogga,Cybercrime,0,6,33,2.6,6
2026-06-21 00:00:00,Ballari,Fraud,0,6,32,5.91,7
2026-06-21 01:00:00,Kalaburagi,Cybercrime,1,6,7,9.02,5
2026-06-21 01:00:00,Kalaburagi,Burglary,1,6,26,4.33,5
2026-06-21 01:00:00,Davanagere,Assault,1,6,20,7.64,7
2026-06-21 01:00:00,Mangaluru,Theft,1,6,18,6.19,9
2026-06-21 01:00:00,Davanagere,Theft,1,6,39,2.99,11
2026-06-21 01:00:00,Mysuru,Theft,1,6,27,7.81,9
2026-06-21 01:00:00,Kalaburagi,Burglary,1,6,7,1.83,5
2026-06-21 02:00:00,Shivamogga,Assault,2,6,37,7.96,8
2026-06-21 02:00:00,Belagavi,Cybercrime,2,6,20,8.65,7
2026-06-21 02:00:00,Hubballi-Dharwad,Cybercrime,2,6,5,7.29,4
2026-06-21 02:00:00,Shivamogga,Fraud,2,6,29,6.58,5
2026-06-21 02:00:00,Belagavi,Cybercrime,2,6,32,6.92,6
2026-06-21 03:00:00,Bengaluru Urban,Burglary,3,6,21,7.13,11
2026-06-21 03:00:00,Bengaluru Urban,Cybercrime,3,6,4,2.9,4
2026-06-21 04:00:00,Mysuru,Fraud,4,6,39,6.53,8
2026-06-21 04:00:00,Belagavi,Theft,4,6,21,5.78,8
2026-06-21 05:00:00,Udupi,Assault,5,6,20,4.38,5
2026-06-21 05:00:00,Hubballi-Dharwad,Cybercrime,5,6,23,8.92,6
2026-06-21 05:00:00,Udupi,Assault,5,6,5,7.78,5
2026-06-21 06:00:00,Kalaburagi,Cybercrime,6,6,12,8.52,6
2026-06-21 06:00:00,Mangaluru,Assault,6,6,35,4.47,7
2026-06-21 06:00:00,Mysuru,Theft,6,6,39,1.47,5
2026-06-21 07:00:00,Shivamogga,Cybercrime,7,6,37,5.14,7
2026-06-21 07:00:00,Kalaburagi,Burglary,7,6,41,2.84,7
2026-06-21 07:00:00,Kalaburagi,Fraud,7,6,42,9.3,9
2026-06-21 08:00:00,Mangaluru,Assault,8,6,44,5.23,8
2026-06-21 08:00:00,Mysuru,Cybercrime,8,6,13,8.2,5
2026-06-21 09:00:00,Mysuru,Fraud,9,6,31,8.77,7
2026-06-21 09:00:00,Belagavi,Fraud,9,6,26,4.41,6
2026-06-21 10:00:00,Bengaluru Urban,Theft,10,6,4,8.01,7
2026-06-21 10:00:00,Mangaluru,Assault,10,6,21,2.02,5
2026-06-21 10:00:00,Bengaluru Urban,Assault,10,6,33,6.69,9
2026-06-21 10:00:00,Shivamogga,Cybercrime,10,6,17,9.01,8
2026-06-21 10:00:00,Mysuru,Theft,10,6,32,7.19,8
2026-06-21 11:00:00,Mangaluru,Burglary,11,6,16,6.3,5
2026-06-21 11:00:00,Bengaluru Urban,Burglary,11,6,27,2.02,7
2026-06-21 12:00:00,Hubballi-Dharwad,Cybercrime,12,6,17,6.28,7
2026-06-21 12:00:00,Bengaluru Urban,Theft,12,6,27,3.38,9
2026-06-21 12:00:00,Belagavi,Cybercrime,12,6,41,6.36,10
2026-06-21 12:00:00,Hubballi-Dharwad,Burglary,12,6,14,6.37,4
2026-06-21 12:00:00,Shivamogga,Fraud,12,6,24,7.55,6
2026-06-21 12:00:00,Bengaluru Urban,Theft,12,6,11,3.08,6
2026-06-21 12:00:00,Mangaluru,Theft,12,6,44,8.98,9
2026-06-21 14:00:00,Kalaburagi,Burglary,14,6,40,3.45,7
2026-06-21 14:00:00,Belagavi,Fraud,14,6,44,6.73,9
2026-06-21 15:00:00,Davanagere,Assault,15,6,29,8.76,8
2026-06-21 15:00:00,Mangaluru,Cybercrime,15,6,10,1.74,6
2026-06-21 16:00:00,Udupi,Theft,16,6,22,5.87,6
2026-06-21 16:00:00,Hubballi-Dharwad,Fraud,16,6,16,2.72,3
2026-06-21 16:00:00,Hubballi-Dharwad,Burglary,16,6,39,8.84,8
2026-06-21 16:00:00,Mangaluru,Theft,16,6,39,9.18,8
2026-06-21 17:00:00,Bengaluru Urban,Assault,17,6,5,2.62,5
2026-06-21 18:00:00,Mysuru,Burglary,18,6,32,2.32,5
2026-06-21 18:00:00,Udupi,Assault,18,6,37,7.19,8
2026-06-21 18:00:00,Kalaburagi,Assault,18,6,37,7.77,8
2026-06-21 19:00:00,Davanagere,Cybercrime,19,6,30,7.46,7
2026-06-21 20:00:00,Shivamogga,Theft,20,6,16,7.76,6
2026-06-21 21:00:00,Ballari,Fraud,21,6,27,5.74,5
2026-06-21 21:00:00,Udupi,Theft,21,6,40,4.1,8
2026-06-21 21:00:00,Mangaluru,Burglary,21,6,2,5.6,3
2026-06-21 21:00:00,Bengaluru Urban,Fraud,21,6,8,6.26,6
2026-06-21 22:00:00,Shivamogga,Burglary,22,6,37,1.58,6
2026-06-21 22:00:00,Mangaluru,Assault,22,6,26,2.2,7
2026-06-21 23:00:00,Udupi,Cybercrime,23,6,41,2.16,5
2026-06-21 23:00:00,Kalaburagi,Burglary,23,6,17,6.68,5
2026-06-21 23:00:00,Hubballi-Dharwad,Fraud,23,6,41,6.82,7
2026-06-21 23:00:00,Mangaluru,Burglary,23,6,19,2.08,3
2026-06-22 00:00:00,Davanagere,Cybercrime,0,0,25,8.56,7
2026-06-22 00:00:00,Hubballi-Dharwad,Theft,0,0,41,7.84,11
2026-06-22 00:00:00,Udupi,Theft,0,0,35,2.49,9
2026-06-22 00:00:00,Udupi,Theft,0,0,27,1.49,6
2026-06-22 01:00:00,Mangaluru,Theft,1,0,7,3.06,6
2026-06-22 01:00:00,Bengaluru Urban,Cybercrime,1,0,43,8.66,11
2026-06-22 01:00:00,Hubballi-Dharwad,Burglary,1,0,41,3.4,10
2026-06-22 02:00:00,Davanagere,Theft,2,0,33,1.84,8
2026-06-22 02:00:00,Mysuru,Fraud,2,0,23,9.09,5
2026-06-22 03:00:00,Bengaluru Urban,Cybercrime,3,0,34,7.53,11
2026-06-22 03:00:00,Ballari,Fraud,3,0,34,6.14,7
2026-06-22 03:00:00,Hubballi-Dharwad,Assault,3,0,21,7.26,5
2026-06-22 04:00:00,Mangaluru,Theft,4,0,9,2.45,6
2026-06-22 04:00:00,Mangaluru,Theft,4,0,39,7.35,11
2026-06-22 04:00:00,Hubballi-Dharwad,Fraud,4,0,9,5.45,4
2026-06-22 04:00:00,Bengaluru Urban,Fraud,4,0,24,7.46,10
2026-06-22 04:00:00,Kalaburagi,Burglary,4,0,11,9.42,8
2026-06-22 04:00:00,Davanagere,Cybercrime,4,0,37,8.31,9
2026-06-22 04:00:00,Mangaluru,Fraud,4,0,22,7.4,4
2026-06-22 05:00:00,Udupi,Fraud,5,0,20,3.63,3
2026-06-22 05:00:00,Mysuru,Theft,5,0,6,3.24,5
2026-06-22 05:00:00,Davanagere,Cybercrime,5,0,2,1.62,2
2026-06-22 06:00:00,Hubballi-Dharwad,Fraud,6,0,14,4.56,5
2026-06-22 06:00:00,Davanagere,Burglary,6,0,31,7.09,6
2026-06-22 06:00:00,Belagavi,Cybercrime,6,0,35,9.24,7
2026-06-22 06:00:00,Hubballi-Dharwad,Theft,6,0,25,8.1,6
2026-06-22 07:00:00,Hubballi-Dharwad,Burglary,7,0,5,8.11,5
2026-06-22 07:00:00,Udupi,Cybercrime,7,0,28,5.54,8
2026-06-22 07:00:00,Mangaluru,Assault,7,0,30,4.89,6
2026-06-22 07:00:00,Shivamogga,Burglary,7,0,20,7.18,5
2026-06-22 07:00:00,Davanagere,Fraud,7,0,12,1.92,2
2026-06-22 07:00:00,Kalaburagi,Burglary,7,0,25,3.17,5
2026-06-22 07:00:00,Mangaluru,Theft,7,0,37,2.64,7
2026-06-22 07:00:00,Kalaburagi,Burglary,7,0,12,6.65,3
2026-06-22 08:00:00,Bengaluru Urban,Assault,8,0,4,7.21,7
2026-06-22 08:00:00,Mysuru,Burglary,8,0,14,3.2,4
2026-06-22 08:00:00,Shivamogga,Burglary,8,0,9,8.58,6
2026-06-22 09:00:00,Udupi,Cybercrime,9,0,31,8.52,7
2026-06-22 11:00:00,Mysuru,Assault,11,0,13,6.0,5
2026-06-22 12:00:00,Bengaluru Urban,Theft,12,0,37,5.44,11
2026-06-22 12:00:00,Hubballi-Dharwad,Cybercrime,12,0,4,1.47,5
2026-06-22 13:00:00,Shivamogga,Fraud,13,0,21,9.17,7
2026-06-22 13:00:00,Kalaburagi,Assault,13,0,25,3.15,5
2026-06-22 14:00:00,Ballari,Assault,14,0,41,2.67,7
2026-06-22 15:00:00,Mysuru,Burglary,15,0,26,5.46,6
2026-06-22 16:00:00,Hubballi-Dharwad,Assault,16,0,14,5.53,3
2026-06-22 16:00:00,Shivamogga,Fraud,16,0,14,1.87,4
2026-06-22 16:00:00,Belagavi,Burglary,16,0,35,7.21,7
2026-06-22 17:00:00,Mysuru,Assault,17,0,27,8.75,7
2026-06-22 17:00:00,Belagavi,Cybercrime,17,0,19,5.01,5
2026-06-22 17:00:00,Ballari,Assault,17,0,37,4.72,6
2026-06-22 18:00:00,Ballari,Theft,18,0,23,8.76,6
2026-06-22 19:00:00,Bengaluru Urban,Burglary,19,0,17,6.52,8
2026-06-22 19:00:00,Kalaburagi,Assault,19,0,6,2.62,5
2026-06-22 20:00:00,Kalaburagi,Burglary,20,0,23,6.52,6
2026-06-22 20:00:00,Udupi,Burglary,20,0,15,6.88,4
2026-06-22 21:00:00,Ballari,Cybercrime,21,0,30,7.39,7
2026-06-22 21:00:00,Kalaburagi,Cybercrime,21,0,5,6.76,3
2026-06-22 21:00:00,Hubballi-Dharwad,Fraud,21,0,25,3.78,5
2026-06-22 21:00:00,Shivamogga,Assault,21,0,41,2.16,9
2026-06-22 22:00:00,Hubballi-Dharwad,Theft,22,0,34,7.99,5
2026-06-22 22:00:00,Mysuru,Assault,22,0,27,3.08,8
2026-06-22 22:00:00,Kalaburagi,Assault,22,0,33,3.46,8
2026-06-22 22:00:00,Shivamogga,Assault,22,0,29,2.43,8
2026-06-22 23:00:00,Mysuru,Burglary,23,0,11,3.13,5
2026-06-22 23:00:00,Bengaluru Urban,Burglary,23,0,6,9.18,8
2026-06-22 23:00:00,Davanagere,Assault,23,0,29,2.89,8
2026-06-23 00:00:00,Kalaburagi,Fraud,0,1,27,3.6,5
2026-06-23 00:00:00,Davanagere,Theft,0,1,22,3.88,8
2026-06-23 00:00:00,Hubballi-Dharwad,Cybercrime,0,1,13,4.95,5
2026-06-23 01:00:00,Ballari,Fraud,1,1,8,7.76,4
2026-06-23 01:00:00,Ballari,Assault,1,1,31,1.45,6
2026-06-23 01:00:00,Udupi,Assault,1,1,41,2.5,7
2026-06-23 02:00:00,Udupi,Fraud,2,1,40,4.51,7
2026-06-23 03:00:00,Mysuru,Theft,3,1,37,2.65,10
2026-06-23 04:00:00,Shivamogga,Assault,4,1,8,3.13,4
2026-06-23 05:00:00,Udupi,Burglary,5,1,21,7.67,7
2026-06-23 05:00:00,Kalaburagi,Burglary,5,1,37,4.84,10
2026-06-23 05:00:00,Belagavi,Assault,5,1,2,8.42,5
2026-06-23 06:00:00,Mangaluru,Cybercrime,6,1,32,6.96,8
2026-06-23 06:00:00,Mangaluru,Cybercrime,6,1,3,8.55,4
2026-06-23 06:00:00,Hubballi-Dharwad,Assault,6,1,9,1.55,3
2026-06-23 06:00:00,Hubballi-Dharwad,Theft,6,1,9,1.65,2
2026-06-23 07:00:00,Shivamogga,Burglary,7,1,35,6.5,8
2026-06-23 07:00:00,Kalaburagi,Assault,7,1,44,4.67,7
2026-06-23 07:00:00,Mangaluru,Cybercrime,7,1,24,1.26,5
2026-06-23 09:00:00,Mangaluru,Cybercrime,9,1,32,1.46,6
2026-06-23 09:00:00,Davanagere,Fraud,9,1,22,8.8,6
2026-06-23 09:00:00,Ballari,Fraud,9,1,6,2.32,2
2026-06-23 11:00:00,Mangaluru,Fraud,11,1,11,9.12,5
2026-06-23 11:00:00,Belagavi,Burglary,11,1,44,3.21,7
2026-06-23 11:00:00,Shivamogga,Theft,11,1,28,4.11,4
2026-06-23 12:00:00,Mangaluru,Burglary,12,1,8,2.26,1
2026-06-23 12:00:00,Davanagere,Cybercrime,12,1,9,2.27,5
2026-06-23 12:00:00,Mysuru,Cybercrime,12,1,35,2.49,8
2026-06-23 12:00:00,Belagavi,Assault,12,1,27,6.87,6
2026-06-23 13:00:00,Mangaluru,Fraud,13,1,16,3.41,4
2026-06-23 13:00:00,Shivamogga,Fraud,13,1,16,7.02,5
2026-06-23 13:00:00,Bengaluru Urban,Theft,13,1,11,3.87,7
2026-06-23 14:00:00,Hubballi-Dharwad,Fraud,14,1,17,5.11,4
2026-06-23 14:00:00,Davanagere,Cybercrime,14,1,42,3.89,11
2026-06-23 14:00:00,Ballari,Theft,14,1,9,8.87,4
2026-06-23 15:00:00,Hubballi-Dharwad,Fraud,15,1,32,5.94,7
2026-06-23 15:00:00,Belagavi,Cybercrime,15,1,31,4.46,7
2026-06-23 15:00:00,Bengaluru Urban,Cybercrime,15,1,44,3.79,14
2026-06-23 15:00:00,Shivamogga,Cybercrime,15,1,3,1.93,4
2026-06-23 15:00:00,Davanagere,Burglary,15,1,38,5.7,7
2026-06-23 17:00:00,Mysuru,Cybercrime,17,1,18,7.08,6
2026-06-23 19:00:00,Udupi,Fraud,19,1,44,7.95,8
2026-06-23 20:00:00,Bengaluru Urban,Burglary,20,1,43,1.88,10
2026-06-23 21:00:00,Mangaluru,Theft,21,1,40,9.15,8
2026-06-23 22:00:00,Udupi,Burglary,22,1,36,8.74,7
2026-06-23 23:00:00,Kalaburagi,Fraud,23,1,27,9.08,9
2026-06-23 23:00:00,Shivamogga,Theft,23,1,16,8.4,5
2026-06-23 23:00:00,Belagavi,Burglary,23,1,43,6.63,8
2026-06-24 00:00:00,Udupi,Assault,0,2,5,5.96,5
2026-06-24 01:00:00,Belagavi,Cybercrime,1,2,44,7.44,9
2026-06-24 02:00:00,Ballari,Theft,2,2,16,5.66,7
2026-06-24 02:00:00,Shivamogga,Theft,2,2,14,5.92,6
2026-06-24 02:00:00,Bengaluru Urban,Fraud,2,2,7,2.53,6
2026-06-24 03:00:00,Ballari,Theft,3,2,2,3.71,5
2026-06-24 03:00:00,Kalaburagi,Assault,3,2,43,7.82,9
2026-06-24 03:00:00,Belagavi,Assault,3,2,35,1.36,5
2026-06-24 04:00:00,Kalaburagi,Burglary,4,2,9,4.56,6
2026-06-24 04:00:00,Kalaburagi,Cybercrime,4,2,28,8.11,7
2026-06-24 04:00:00,Hubballi-Dharwad,Burglary,4,2,2,6.05,7
2026-06-24 04:00:00,Davanagere,Cybercrime,4,2,11,6.13,4
2026-06-24 05:00:00,Mangaluru,Theft,5,2,25,4.15,8
2026-06-24 06:00:00,Shivamogga,Fraud,6,2,29,2.52,5
2026-06-24 06:00:00,Davanagere,Fraud,6,2,18,3.9,4
2026-06-24 06:00:00,Mangaluru,Fraud,6,2,23,3.27,6
2026-06-24 06:00:00,Kalaburagi,Theft,6,2,26,7.26,6
2026-06-24 07:00:00,Bengaluru Urban,Fraud,7,2,24,6.89,9
2026-06-24 07:00:00,Mysuru,Theft,7,2,10,9.23,6
2026-06-24 07:00:00,Ballari,Burglary,7,2,32,5.46,7
2026-06-24 07:00:00,Bengaluru Urban,Cybercrime,7,2,35,4.98,11
2026-06-24 08:00:00,Kalaburagi,Cybercrime,8,2,28,9.21,5
2026-06-24 09:00:00,Ballari,Theft,9,2,9,8.72,3
2026-06-24 10:00:00,Ballari,Burglary,10,2,23,8.71,6
2026-06-24 10:00:00,Davanagere,Fraud,10,2,14,7.43,5
2026-06-24 11:00:00,Hubballi-Dharwad,Theft,11,2,19,8.35,6
2026-06-24 11:00:00,Mangaluru,Assault,11,2,21,4.57,5
2026-06-24 11:00:00,Bengaluru Urban,Cybercrime,11,2,33,5.26,13
2026-06-24 11:00:00,Belagavi,Cybercrime,11,2,42,6.84,11
2026-06-24 12:00:00,Shivamogga,Fraud,12,2,12,3.45,3
2026-06-24 12:00:00,Udupi,Cybercrime,12,2,9,2.63,5
2026-06-24 12:00:00,Mysuru,Fraud,12,2,20,8.02,5
2026-06-24 12:00:00,Belagavi,Fraud,12,2,42,3.62,8
2026-06-24 13:00:00,Bengaluru Urban,Fraud,13,2,21,7.02,8
2026-06-24 13:00:00,Kalaburagi,Fraud,13,2,13,8.25,3
2026-06-24 13:00:00,Shivamogga,Burglary,13,2,6,2.79,3
2026-06-24 14:00:00,Udupi,Assault,14,2,7,4.44,4
2026-06-24 14:00:00,Bengaluru Urban,Fraud,14,2,2,2.54,4
2026-06-24 14:00:00,Hubballi-Dharwad,Fraud,14,2,13,3.07,3
2026-06-24 15:00:00,Ballari,Cybercrime,15,2,33,5.75,10
2026-06-24 15:00:00,Kalaburagi,Cybercrime,15,2,41,8.45,11
2026-06-24 15:00:00,Mangaluru,Theft,15,2,26,6.35,6
2026-06-24 16:00:00,Shivamogga,Cybercrime,16,2,30,4.45,9
2026-06-24 16:00:00,Hubballi-Dharwad,Assault,16,2,7,7.68,4
2026-06-24 17:00:00,Udupi,Cybercrime,17,2,33,3.6,6
2026-06-24 17:00:00,Davanagere,Cybercrime,17,2,10,2.03,3
2026-06-24 18:00:00,Hubballi-Dharwad,Assault,18,2,31,4.82,6
2026-06-24 20:00:00,Bengaluru Urban,Fraud,20,2,36,4.59,10
2026-06-24 20:00:00,Shivamogga,Theft,20,2,37,5.03,6
2026-06-24 20:00:00,Ballari,Burglary,20,2,5,3.91,2
2026-06-24 20:00:00,Mysuru,Cybercrime,20,2,24,2.9,4
2026-06-24 20:00:00,Mysuru,Burglary,20,2,13,7.58,6
2026-06-24 21:00:00,Ballari,Assault,21,2,12,3.44,7
2026-06-24 21:00:00,Belagavi,Theft,21,2,2,4.42,4
2026-06-24 21:00:00,Ballari,Theft,21,2,3,5.7,3
2026-06-24 22:00:00,Mangaluru,Cybercrime,22,2,33,5.94,6
2026-06-24 22:00:00,Belagavi,Assault,22,2,32,6.05,8
2026-06-24 23:00:00,Davanagere,Cybercrime,23,2,32,6.26,7
2026-06-24 23:00:00,Mysuru,Fraud,23,2,38,8.55,9
2026-06-25 00:00:00,Mysuru,Theft,0,3,38,4.41,9
2026-06-25 00:00:00,Bengaluru Urban,Burglary,0,3,27,4.96,13
2026-06-25 00:00:00,Mangaluru,Assault,0,3,44,8.37,9
2026-06-25 01:00:00,Mysuru,Assault,1,3,40,3.53,7
2026-06-25 02:00:00,Belagavi,Burglary,2,3,36,8.22,12
2026-06-25 02:00:00,Belagavi,Cybercrime,2,3,11,4.02,2
2026-06-25 02:00:00,Bengaluru Urban,Theft,2,3,17,6.71,10
2026-06-25 02:00:00,Belagavi,Burglary,2,3,33,4.14,9
2026-06-25 03:00:00,Bengaluru Urban,Burglary,3,3,16,4.8,11
2026-06-25 04:00:00,Davanagere,Theft,4,3,5,1.82,5
2026-06-25 04:00:00,Udupi,Cybercrime,4,3,43,5.5,6
2026-06-25 05:00:00,Bengaluru Urban,Cybercrime,5,3,40,8.05,11
2026-06-25 06:00:00,Davanagere,Burglary,6,3,12,5.21,4
2026-06-25 06:00:00,Davanagere,Burglary,6,3,29,3.98,6
2026-06-25 06:00:00,Davanagere,Fraud,6,3,17,7.85,5
2026-06-25 06:00:00,Kalaburagi,Assault,6,3,21,5.79,6
2026-06-25 07:00:00,Udupi,Burglary,7,3,18,5.45,4
2026-06-25 07:00:00,Hubballi-Dharwad,Burglary,7,3,30,6.2,7
2026-06-25 08:00:00,Ballari,Assault,8,3,25,8.61,6
2026-06-25 09:00:00,Udupi,Theft,9,3,34,1.88,4
2026-06-25 09:00:00,Shivamogga,Burglary,9,3,32,8.43,8
2026-06-25 10:00:00,Bengaluru Urban,Assault,10,3,23,4.16,9
2026-06-25 10:00:00,Davanagere,Fraud,10,3,2,1.84,1
2026-06-25 11:00:00,Ballari,Fraud,11,3,17,6.23,5
2026-06-25 11:00:00,Ballari,Burglary,11,3,37,9.18,9
2026-06-25 12:00:00,Ballari,Assault,12,3,6,5.89,4
2026-06-25 12:00:00,Davanagere,Theft,12,3,11,4.71,5
2026-06-25 12:00:00,Mangaluru,Theft,12,3,37,5.1,6
2026-06-25 12:00:00,Ballari,Assault,12,3,2,7.09,4
2026-06-25 13:00:00,Belagavi,Theft,13,3,7,5.66,3
2026-06-25 13:00:00,Ballari,Cybercrime,13,3,44,6.56,10
2026-06-25 14:00:00,Ballari,Assault,14,3,36,8.18,9
2026-06-25 14:00:00,Belagavi,Assault,14,3,18,6.86,5
2026-06-25 15:00:00,Belagavi,Theft,15,3,21,1.67,4
2026-06-25 15:00:00,Belagavi,Cybercrime,15,3,17,3.47,6
2026-06-25 15:00:00,Ballari,Theft,15,3,42,3.52,6
2026-06-25 16:00:00,Bengaluru Urban,Burglary,16,3,39,1.67,10
2026-06-25 17:00:00,Mangaluru,Theft,17,3,43,3.33,8
2026-06-25 17:00:00,Kalaburagi,Theft,17,3,10,3.54,3
2026-06-25 18:00:00,Belagavi,Assault,18,3,44,3.55,9
2026-06-25 18:00:00,Udupi,Cybercrime,18,3,26,8.85,6
2026-06-25 19:00:00,Mangaluru,Theft,19,3,41,2.43,7
2026-06-25 19:00:00,Mangaluru,Burglary,19,3,10,4.99,3
2026-06-25 19:00:00,Mangaluru,Cybercrime,19,3,38,8.56,7
2026-06-25 20:00:00,Shivamogga,Theft,20,3,41,8.77,8
2026-06-25 21:00:00,Belagavi,Burglary,21,3,3,3.97,3
2026-06-25 21:00:00,Shivamogga,Fraud,21,3,10,4.74,4
2026-06-25 21:00:00,Mysuru,Theft,21,3,36,7.26,8
2026-06-25 22:00:00,Kalaburagi,Fraud,22,3,38,7.9,8
2026-06-25 22:00:00,Udupi,Cybercrime,22,3,28,6.81,6
2026-06-25 22:00:00,Hubballi-Dharwad,Burglary,22,3,25,9.46,6
2026-06-25 23:00:00,Kalaburagi,Cybercrime,23,3,44,3.23,9
2026-06-25 23:00:00,Kalaburagi,Cybercrime,23,3,7,6.33,5
2026-06-25 23:00:00,Mangaluru,Burglary,23,3,8,4.51,3
2026-06-25 23:00:00,Udupi,Cybercrime,23,3,30,2.08,5
2026-06-26 00:00:00,Mangaluru,Assault,0,4,11,5.65,3
2026-06-26 00:00:00,Mangaluru,Assault,0,4,8,9.06,4
2026-06-26 01:00:00,Hubballi-Dharwad,Cybercrime,1,4,15,9.3,5
2026-06-26 01:00:00,Belagavi,Burglary,1,4,3,7.87,7
2026-06-26 01:00:00,Mangaluru,Assault,1,4,2,1.89,1
2026-06-26 02:00:00,Mysuru,Fraud,2,4,31,1.24,7
2026-06-26 02:00:00,Bengaluru Urban,Cybercrime,2,4,7,6.27,6
2026-06-26 02:00:00,Udupi,Fraud,2,4,15,6.97,5
2026-06-26 03:00:00,Davanagere,Burglary,3,4,33,9.47,11
2026-06-26 03:00:00,Ballari,Burglary,3,4,26,8.4,10
2026-06-26 03:00:00,Hubballi-Dharwad,Burglary,3,4,43,9.42,11
2026-06-26 03:00:00,Mysuru,Burglary,3,4,17,3.01,7
2026-06-26 04:00:00,Kalaburagi,Burglary,4,4,11,7.65,9
2026-06-26 06:00:00,Ballari,Assault,6,4,5,2.83,2
2026-06-26 06:00:00,Kalaburagi,Cybercrime,6,4,5,1.76,1
2026-06-26 06:00:00,Shivamogga,Theft,6,4,15,8.53,5
2026-06-26 06:00:00,Hubballi-Dharwad,Theft,6,4,18,4.73,3
2026-06-26 07:00:00,Hubballi-Dharwad,Theft,7,4,10,4.59,3
2026-06-26 07:00:00,Shivamogga,Assault,7,4,23,7.4,5
2026-06-26 08:00:00,Kalaburagi,Burglary,8,4,44,5.25,8
2026-06-26 09:00:00,Shivamogga,Fraud,9,4,30,5.17,7
2026-06-26 12:00:00,Ballari,Burglary,12,4,32,4.96,6
2026-06-26 12:00:00,Shivamogga,Burglary,12,4,23,7.59,6
2026-06-26 12:00:00,Bengaluru Urban,Burglary,12,4,23,4.19,7
2026-06-26 12:00:00,Ballari,Assault,12,4,21,3.85,5
2026-06-26 12:00:00,Mangaluru,Fraud,12,4,40,4.3,9
2026-06-26 12:00:00,Kalaburagi,Theft,12,4,25,4.78,6
2026-06-26 13:00:00,Bengaluru Urban,Fraud,13,4,6,9.27,7
2026-06-26 13:00:00,Shivamogga,Assault,13,4,5,2.59,2
2026-06-26 14:00:00,Davanagere,Theft,14,4,4,2.78,4
2026-06-26 14:00:00,Ballari,Fraud,14,4,5,8.44,4
2026-06-26 14:00:00,Mangaluru,Fraud,14,4,10,3.08,3
2026-06-26 15:00:00,Bengaluru Urban,Fraud,15,4,39,8.14,12
2026-06-26 15:00:00,Ballari,Theft,15,4,5,7.8,3
2026-06-26 16:00:00,Bengaluru Urban,Theft,16,4,27,2.45,8
2026-06-26 17:00:00,Kalaburagi,Assault,17,4,20,8.89,5
2026-06-26 17:00:00,Hubballi-Dharwad,Cybercrime,17,4,3,2.52,2
2026-06-26 18:00:00,Hubballi-Dharwad,Cybercrime,18,4,26,3.04,5
2026-06-26 18:00:00,Shivamogga,Theft,18,4,36,7.66,8
2026-06-26 19:00:00,Udupi,Cybercrime,19,4,29,9.04,7
2026-06-26 19:00:00,Mysuru,Burglary,19,4,35,3.37,6
2026-06-26 19:00:00,Belagavi,Cybercrime,19,4,15,6.17,5
2026-06-26 19:00:00,Mangaluru,Cybercrime,19,4,19,6.82,4
2026-06-26 20:00:00,Ballari,Burglary,20,4,18,5.57,4
2026-06-26 20:00:00,Belagavi,Cybercrime,20,4,10,6.46,3
2026-06-26 20:00:00,Bengaluru Urban,Assault,20,4,20,7.11,9
2026-06-26 21:00:00,Mysuru,Cybercrime,21,4,11,7.28,6
2026-06-26 21:00:00,Belagavi,Cybercrime,21,4,4,9.01,4
2026-06-26 21:00:00,Davanagere,Assault,21,4,43,8.11,11
2026-06-26 22:00:00,Hubballi-Dharwad,Burglary,22,4,20,6.11,5
2026-06-26 22:00:00,Belagavi,Assault,22,4,36,1.53,7
2026-06-26 23:00:00,Kalaburagi,Cybercrime,23,4,10,7.99,5
2026-06-26 23:00:00,Davanagere,Cybercrime,23,4,20,5.79,5
2026-06-27 00:00:00,Udupi,Burglary,0,5,25,2.46,7
2026-06-27 00:00:00,Ballari,Fraud,0,5,30,5.57,7
2026-06-27 01:00:00,Hubballi-Dharwad,Theft,1,5,34,3.24,10
2026-06-27 01:00:00,Ballari,Fraud,1,5,35,6.34,6
2026-06-27 02:00:00,Hubballi-Dharwad,Cybercrime,2,5,31,2.38,4
2026-06-27 03:00:00,Shivamogga,Cybercrime,3,5,8,4.15,4
2026-06-27 03:00:00,Hubballi-Dharwad,Theft,3,5,43,6.61,11
2026-06-27 03:00:00,Mysuru,Fraud,3,5,35,1.85,6
2026-06-27 03:00:00,Udupi,Burglary,3,5,2,4.57,5
2026-06-27 04:00:00,Davanagere,Cybercrime,4,5,21,6.22,5
2026-06-27 04:00:00,Mysuru,Cybercrime,4,5,13,9.26,6
2026-06-27 04:00:00,Mangaluru,Assault,4,5,26,9.5,7
2026-06-27 05:00:00,Udupi,Burglary,5,5,11,6.83,7
2026-06-27 05:00:00,Belagavi,Fraud,5,5,14,8.71,6
2026-06-27 05:00:00,Hubballi-Dharwad,Assault,5,5,30,8.16,8
2026-06-27 05:00:00,Bengaluru Urban,Burglary,5,5,9,3.21,9
2026-06-27 06:00:00,Kalaburagi,Fraud,6,5,13,1.72,2
2026-06-27 06:00:00,Udupi,Fraud,6,5,26,5.56,5
2026-06-27 07:00:00,Udupi,Theft,7,5,38,4.84,7
2026-06-27 07:00:00,Mangaluru,Burglary,7,5,21,8.09,5
2026-06-27 08:00:00,Mysuru,Burglary,8,5,5,5.03,4
2026-06-27 08:00:00,Belagavi,Assault,8,5,37,2.81,7
2026-06-27 08:00:00,Ballari,Cybercrime,8,5,44,6.02,8
2026-06-27 10:00:00,Davanagere,Burglary,10,5,18,6.51,4
2026-06-27 10:00:00,Mangaluru,Fraud,10,5,27,4.9,5
2026-06-27 11:00:00,Ballari,Theft,11,5,35,6.28,8
2026-06-27 12:00:00,Davanagere,Assault,12,5,2,4.11,2
2026-06-27 12:00:00,Shivamogga,Assault,12,5,26,5.36,6
2026-06-27 12:00:00,Shivamogga,Fraud,12,5,34,1.41,5
2026-06-27 13:00:00,Ballari,Cybercrime,13,5,32,3.71,9
2026-06-27 13:00:00,Mangaluru,Fraud,13,5,30,9.01,8
2026-06-27 13:00:00,Hubballi-Dharwad,Fraud,13,5,10,9.46,4
2026-06-27 15:00:00,Mysuru,Cybercrime,15,5,29,2.93,7
2026-06-27 15:00:00,Kalaburagi,Cybercrime,15,5,42,2.24,10
2026-06-27 15:00:00,Bengaluru Urban,Cybercrime,15,5,35,4.33,12
2026-06-27 15:00:00,Davanagere,Burglary,15,5,16,6.97,5
2026-06-27 16:00:00,Udupi,Theft,16,5,7,3.56,2
2026-06-27 16:00:00,Belagavi,Cybercrime,16,5,13,7.14,7
2026-06-27 16:00:00,Mangaluru,Cybercrime,16,5,16,1.54,7
2026-06-27 16:00:00,Shivamogga,Burglary,16,5,37,6.27,7
2026-06-27 16:00:00,Shivamogga,Cybercrime,16,5,19,8.39,8
2026-06-27 16:00:00,Belagavi,Fraud,16,5,7,4.78,4
2026-06-27 17:00:00,Shivamogga,Assault,17,5,5,1.48,3
2026-06-27 18:00:00,Udupi,Burglary,18,5,43,7.2,8
2026-06-27 18:00:00,Udupi,Theft,18,5,34,6.71,8
2026-06-27 18:00:00,Ballari,Fraud,18,5,42,6.28,7
2026-06-27 18:00:00,Mysuru,Cybercrime,18,5,10,3.25,4
2026-06-27 18:00:00,Davanagere,Cybercrime,18,5,37,4.08,7
2026-06-27 18:00:00,Davanagere,Fraud,18,5,3,8.56,5
2026-06-27 18:00:00,Shivamogga,Assault,18,5,4,3.64,2
2026-06-27 19:00:00,Davanagere,Burglary,19,5,7,8.94,5
2026-06-27 20:00:00,Udupi,Theft,20,5,36,3.41,6
2026-06-27 20:00:00,Ballari,Burglary,20,5,29,4.21,6
2026-06-27 20:00:00,Davanagere,Assault,20,5,40,9.39,11
2026-06-27 20:00:00,Hubballi-Dharwad,Fraud,20,5,32,1.65,5
2026-06-27 20:00:00,Ballari,Assault,20,5,11,4.64,5
2026-06-27 21:00:00,Davanagere,Theft,21,5,6,4.93,3
2026-06-27 22:00:00,Udupi,Theft,22,5,19,7.26,6
2026-06-27 22:00:00,Hubballi-Dharwad,Fraud,22,5,35,3.74,7
2026-06-27 22:00:00,Bengaluru Urban,Cybercrime,22,5,32,7.99,11
2026-06-27 23:00:00,Ballari,Assault,23,5,3,3.31,2
2026-06-27 23:00:00,Belagavi,Assault,23,5,25,3.45,9
2026-06-27 23:00:00,Mangaluru,Burglary,23,5,10,7.5,4
2026-06-28 00:00:00,Bengaluru Urban,Fraud,0,6,15,6.92,10
2026-06-28 01:00:00,Bengaluru Urban,Assault,1,6,2,5.62,7
2026-06-28 01:00:00,Mangaluru,Burglary,1,6,41,6.9,9
2026-06-28 01:00:00,Bengaluru Urban,Fraud,1,6,4,1.78,5
2026-06-28 01:00:00,Shivamogga,Burglary,1,6,13,5.47,7
2026-06-28 01:00:00,Belagavi,Theft,1,6,4,2.68,6
2026-06-28 02:00:00,Belagavi,Assault,2,6,11,8.89,4
2026-06-28 02:00:00,Udupi,Fraud,2,6,43,6.94,10
2026-06-28 03:00:00,Ballari,Burglary,3,6,18,6.7,6
2026-06-28 04:00:00,Ballari,Assault,4,6,21,4.31,6
2026-06-28 05:00:00,Hubballi-Dharwad,Assault,5,6,41,5.69,6
2026-06-28 05:00:00,Kalaburagi,Burglary,5,6,21,2.02,7
2026-06-28 06:00:00,Shivamogga,Assault,6,6,3,1.31,3
2026-06-28 06:00:00,Belagavi,Cybercrime,6,6,5,8.38,6
2026-06-28 06:00:00,Belagavi,Cybercrime,6,6,9,7.03,3
2026-06-28 07:00:00,Ballari,Theft,7,6,32,6.08,7
2026-06-28 07:00:00,Mangaluru,Fraud,7,6,25,7.97,6
2026-06-28 08:00:00,Hubballi-Dharwad,Theft,8,6,40,3.36,7
2026-06-28 10:00:00,Mysuru,Fraud,10,6,39,6.54,9
2026-06-28 11:00:00,Bengaluru Urban,Assault,11,6,17,5.31,8
2026-06-28 12:00:00,Udupi,Burglary,12,6,4,5.83,3
2026-06-28 13:00:00,Davanagere,Burglary,13,6,26,8.41,7
2026-06-28 13:00:00,Mangaluru,Burglary,13,6,41,2.12,7
2026-06-28 14:00:00,Udupi,Theft,14,6,19,2.95,5
2026-06-28 14:00:00,Udupi,Cybercrime,14,6,39,3.27,11
2026-06-28 16:00:00,Mangaluru,Burglary,16,6,25,6.7,6
2026-06-28 16:00:00,Shivamogga,Fraud,16,6,43,8.82,10
2026-06-28 17:00:00,Shivamogga,Cybercrime,17,6,40,1.59,6
2026-06-28 17:00:00,Mangaluru,Cybercrime,17,6,42,8.5,9
2026-06-28 18:00:00,Shivamogga,Theft,18,6,40,5.44,8
2026-06-28 19:00:00,Mangaluru,Cybercrime,19,6,37,4.34,7
2026-06-28 19:00:00,Ballari,Theft,19,6,11,5.2,5
2026-06-28 19:00:00,Belagavi,Cybercrime,19,6,17,1.66,3
2026-06-28 19:00:00,Mangaluru,Theft,19,6,19,2.85,5
2026-06-28 20:00:00,Shivamogga,Cybercrime,20,6,7,4.38,3
2026-06-28 20:00:00,Udupi,Assault,20,6,27,4.59,8
2026-06-28 20:00:00,Kalaburagi,Theft,20,6,32,3.32,6
2026-06-28 21:00:00,Bengaluru Urban,Theft,21,6,22,3.76,7
2026-06-28 22:00:00,Davanagere,Theft,22,6,4,7.96,5
2026-06-28 22:00:00,Udupi,Theft,22,6,6,2.58,2
2026-06-28 22:00:00,Mysuru,Cybercrime,22,6,11,3.74,3
2026-06-28 23:00:00,Shivamogga,Burglary,23,6,9,3.54,1
2026-06-28 23:00:00,Shivamogga,Assault,23,6,14,5.04,6
2026-06-29 00:00:00,Shivamogga,Theft,0,0,35,8.19,9
2026-06-29 00:00:00,Bengaluru Urban,Assault,0,0,44,5.94,12
2026-06-29 00:00:00,Kalaburagi,Fraud,0,0,22,6.38,6
2026-06-29 00:00:00,Hubballi-Dharwad,Cybercrime,0,0,41,3.24,7
2026-06-29 01:00:00,Belagavi,Cybercrime,1,0,18,2.25,4
2026-06-29 01:00:00,Kalaburagi,Theft,1,0,43,4.01,9
2026-06-29 02:00:00,Davanagere,Theft,2,0,35,2.17,9
2026-06-29 03:00:00,Davanagere,Theft,3,0,11,1.91,6
2026-06-29 03:00:00,Mangaluru,Theft,3,0,6,7.22,8
2026-06-29 03:00:00,Davanagere,Burglary,3,0,5,7.2,7
2026-06-29 03:00:00,Kalaburagi,Cybercrime,3,0,35,7.45,8
2026-06-29 04:00:00,Kalaburagi,Theft,4,0,15,8.33,7
2026-06-29 04:00:00,Hubballi-Dharwad,Theft,4,0,24,2.26,6
2026-06-29 04:00:00,Shivamogga,Theft,4,0,11,2.57,5
2026-06-29 04:00:00,Davanagere,Burglary,4,0,13,3.54,7
2026-06-29 04:00:00,Ballari,Burglary,4,0,3,5.42,7
2026-06-29 05:00:00,Udupi,Burglary,5,0,31,5.94,8
2026-06-29 05:00:00,Ballari,Theft,5,0,24,8.1,10
2026-06-29 06:00:00,Shivamogga,Assault,6,0,12,2.66,2
2026-06-29 06:00:00,Belagavi,Fraud,6,0,25,2.86,6
2026-06-29 06:00:00,Belagavi,Fraud,6,0,42,5.71,8
2026-06-29 06:00:00,Mangaluru,Assault,6,0,9,1.21,4
2026-06-29 06:00:00,Mysuru,Assault,6,0,6,5.35,4
2026-06-29 07:00:00,Bengaluru Urban,Fraud,7,0,28,7.61,9
2026-06-29 07:00:00,Hubballi-Dharwad,Cybercrime,7,0,33,5.24,6
2026-06-29 08:00:00,Hubballi-Dharwad,Fraud,8,0,4,8.66,4
2026-06-29 08:00:00,Mysuru,Theft,8,0,14,4.75,5
2026-06-29 08:00:00,Mysuru,Cybercrime,8,0,12,1.74,4
2026-06-29 09:00:00,Udupi,Theft,9,0,3,9.06,4
2026-06-29 10:00:00,Udupi,Cybercrime,10,0,25,6.01,7
2026-06-29 11:00:00,Ballari,Assault,11,0,40,6.86,7
2026-06-29 11:00:00,Bengaluru Urban,Cybercrime,11,0,39,3.82,13
2026-06-29 12:00:00,Bengaluru Urban,Fraud,12,0,27,3.1,7
2026-06-29 12:00:00,Shivamogga,Cybercrime,12,0,17,7.1,8
2026-06-29 13:00:00,Belagavi,Burglary,13,0,19,2.56,4
2026-06-29 13:00:00,Kalaburagi,Burglary,13,0,10,6.01,3
2026-06-29 13:00:00,Bengaluru Urban,Cybercrime,13,0,19,6.09,10
2026-06-29 15:00:00,Udupi,Fraud,15,0,20,2.53,5
2026-06-29 15:00:00,Belagavi,Cybercrime,15,0,24,4.35,8
2026-06-29 15:00:00,Kalaburagi,Theft,15,0,18,1.94,2
2026-06-29 15:00:00,Shivamogga,Cybercrime,15,0,13,3.35,7
2026-06-29 15:00:00,Kalaburagi,Assault,15,0,38,1.5,5
2026-06-29 16:00:00,Mangaluru,Theft,16,0,39,4.04,5
2026-06-29 16:00:00,Mangaluru,Cybercrime,16,0,12,4.53,5
2026-06-29 16:00:00,Belagavi,Burglary,16,0,10,2.3,1
2026-06-29 17:00:00,Davanagere,Cybercrime,17,0,23,2.89,5
2026-06-29 17:00:00,Davanagere,Theft,17,0,41,9.48,8
2026-06-29 17:00:00,Bengaluru Urban,Burglary,17,0,39,6.5,11
2026-06-29 17:00:00,Belagavi,Burglary,17,0,11,6.09,5
2026-06-29 17:00:00,Belagavi,Cybercrime,17,0,22,6.11,6
2026-06-29 17:00:00,Ballari,Cybercrime,17,0,9,1.63,3
2026-06-29 18:00:00,Kalaburagi,Fraud,18,0,29,6.13,6
2026-06-29 18:00:00,Kalaburagi,Theft,18,0,26,8.08,6
2026-06-29 18:00:00,Davanagere,Fraud,18,0,20,3.48,6
2026-06-29 18:00:00,Bengaluru Urban,Fraud,18,0,24,9.01,10
2026-06-29 19:00:00,Kalaburagi,Theft,19,0,3,5.62,4
2026-06-29 19:00:00,Shivamogga,Cybercrime,19,0,17,5.11,5
2026-06-29 19:00:00,Ballari,Assault,19,0,42,3.45,9
2026-06-29 20:00:00,Hubballi-Dharwad,Burglary,20,0,4,7.81,4
2026-06-29 20:00:00,Hubballi-Dharwad,Theft,20,0,36,5.73,7
2026-06-29 21:00:00,Belagavi,Burglary,21,0,40,3.2,6
2026-06-29 21:00:00,Udupi,Theft,21,0,8,4.77,4
2026-06-29 22:00:00,Udupi,Cybercrime,22,0,27,8.13,7
2026-06-29 22:00:00,Shivamogga,Theft,22,0,16,8.55,6
2026-06-29 22:00:00,Bengaluru Urban,Fraud,22,0,26,2.01,7
2026-06-29 22:00:00,Davanagere,Fraud,22,0,25,4.62,5
2026-06-29 23:00:00,Shivamogga,Theft,23,0,30,2.32,6
2026-06-29 23:00:00,Udupi,Cybercrime,23,0,37,2.99,6
2026-06-29 23:00:00,Ballari,Cybercrime,23,0,29,4.9,6
2026-06-29 23:00:00,Ballari,Assault,23,0,16,2.03,5
2026-06-30 00:00:00,Davanagere,Cybercrime,0,1,25,2.59,7
2026-06-30 00:00:00,Belagavi,Cybercrime,0,1,15,9.28,6
2026-06-30 00:00:00,Davanagere,Theft,0,1,44,1.49,9
2026-06-30 00:00:00,Bengaluru Urban,Burglary,0,1,3,8.21,10
2026-06-30 01:00:00,Udupi,Theft,1,1,20,3.74,6
2026-06-30 02:00:00,Hubballi-Dharwad,Assault,2,1,25,1.45,5
2026-06-30 02:00:00,Udupi,Fraud,2,1,38,6.77,7
2026-06-30 03:00:00,Davanagere,Theft,3,1,13,3.06,7
2026-06-30 03:00:00,Mangaluru,Theft,3,1,34,7.13,9
2026-06-30 03:00:00,Belagavi,Assault,3,1,33,8.24,7
2026-06-30 04:00:00,Davanagere,Fraud,4,1,13,9.46,5
2026-06-30 04:00:00,Hubballi-Dharwad,Theft,4,1,17,7.95,9
2026-06-30 05:00:00,Kalaburagi,Fraud,5,1,10,8.4,5
2026-06-30 05:00:00,Shivamogga,Burglary,5,1,5,7.63,6
2026-06-30 05:00:00,Ballari,Theft,5,1,10,6.84,6
2026-06-30 05:00:00,Davanagere,Theft,5,1,38,4.44,11
2026-06-30 05:00:00,Belagavi,Burglary,5,1,30,8.92,12
2026-06-30 05:00:00,Davanagere,Theft,5,1,35,2.03,8
2026-06-30 06:00:00,Mangaluru,Fraud,6,1,17,6.02,6
2026-06-30 06:00:00,Mysuru,Cybercrime,6,1,26,4.51,6
2026-06-30 06:00:00,Hubballi-Dharwad,Fraud,6,1,26,9.49,5
2026-06-30 08:00:00,Hubballi-Dharwad,Cybercrime,8,1,43,6.18,8
2026-06-30 09:00:00,Hubballi-Dharwad,Assault,9,1,36,9.05,8
2026-06-30 11:00:00,Mysuru,Theft,11,1,13,3.93,4
2026-06-30 11:00:00,Bengaluru Urban,Assault,11,1,19,8.99,10
2026-06-30 11:00:00,Davanagere,Assault,11,1,42,2.67,7
2026-06-30 13:00:00,Shivamogga,Burglary,13,1,9,2.66,3
2026-06-30 14:00:00,Belagavi,Fraud,14,1,25,4.75,5
2026-06-30 14:00:00,Mangaluru,Fraud,14,1,44,5.67,8
2026-06-30 15:00:00,Kalaburagi,Fraud,15,1,28,6.17,5
2026-06-30 15:00:00,Udupi,Theft,15,1,19,5.17,5
2026-06-30 15:00:00,Bengaluru Urban,Assault,15,1,23,3.05,5
2026-06-30 15:00:00,Shivamogga,Fraud,15,1,5,5.79,2
2026-06-30 15:00:00,Mangaluru,Cybercrime,15,1,22,7.99,9
2026-06-30 15:00:00,Shivamogga,Theft,15,1,42,8.83,9
2026-06-30 16:00:00,Hubballi-Dharwad,Burglary,16,1,22,4.52,6
2026-06-30 17:00:00,Hubballi-Dharwad,Burglary,17,1,18,8.11,5
2026-06-30 17:00:00,Hubballi-Dharwad,Fraud,17,1,28,4.7,6
2026-06-30 17:00:00,Belagavi,Assault,17,1,19,6.67,5
2026-06-30 17:00:00,Mangaluru,Fraud,17,1,26,2.68,5
2026-06-30 18:00:00,Belagavi,Theft,18,1,13,7.88,4
2026-06-30 18:00:00,Belagavi,Burglary,18,1,21,3.45,5
2026-06-30 18:00:00,Mysuru,Assault,18,1,3,6.82,4
2026-06-30 21:00:00,Mangaluru,Theft,21,1,2,4.79,2
2026-06-30 21:00:00,Davanagere,Burglary,21,1,10,6.09,4
2026-06-30 21:00:00,Hubballi-Dharwad,Assault,21,1,3,8.9,5
2026-06-30 22:00:00,Bengaluru Urban,Fraud,22,1,18,2.76,8
2026-07-01 00:00:00,Udupi,Cybercrime,0,2,2,3.51,3
2026-07-01 00:00:00,Ballari,Fraud,0,2,17,1.92,3
2026-07-01 00:00:00,Hubballi-Dharwad,Theft,0,2,41,1.49,8
2026-07-01 01:00:00,Mangaluru,Theft,1,2,36,7.4,11
2026-07-01 01:00:00,Kalaburagi,Burglary,1,2,22,7.13,7
2026-07-01 01:00:00,Kalaburagi,Theft,1,2,14,8.64,8
2026-07-01 02:00:00,Davanagere,Burglary,2,2,10,6.43,7
2026-07-01 02:00:00,Davanagere,Assault,2,2,13,5.47,5
2026-07-01 03:00:00,Mangaluru,Theft,3,2,7,2.29,5
2026-07-01 04:00:00,Kalaburagi,Burglary,4,2,31,2.96,9
2026-07-01 05:00:00,Hubballi-Dharwad,Cybercrime,5,2,37,4.13,7
2026-07-01 05:00:00,Hubballi-Dharwad,Assault,5,2,18,7.63,4
2026-07-01 06:00:00,Mysuru,Fraud,6,2,21,8.1,6
2026-07-01 06:00:00,Mangaluru,Cybercrime,6,2,3,5.99,3
2026-07-01 06:00:00,Mysuru,Cybercrime,6,2,19,7.33,6
2026-07-01 07:00:00,Kalaburagi,Theft,7,2,28,7.28,6
2026-07-01 07:00:00,Mysuru,Fraud,7,2,35,8.2,9
2026-07-01 08:00:00,Davanagere,Theft,8,2,35,3.02,6
2026-07-01 09:00:00,Mysuru,Assault,9,2,30,2.76,6
2026-07-01 09:00:00,Davanagere,Assault,9,2,41,1.6,7
2026-07-01 10:00:00,Shivamogga,Assault,10,2,8,2.48,3
2026-07-01 10:00:00,Udupi,Assault,10,2,16,2.25,5
2026-07-01 10:00:00,Kalaburagi,Theft,10,2,27,2.83,4
2026-07-01 11:00:00,Mangaluru,Cybercrime,11,2,5,5.77,6
2026-07-01 12:00:00,Bengaluru Urban,Cybercrime,12,2,33,4.16,11
2026-07-01 13:00:00,Udupi,Burglary,13,2,4,2.19,1
2026-07-01 14:00:00,Kalaburagi,Fraud,14,2,5,7.37,5
2026-07-01 14:00:00,Kalaburagi,Cybercrime,14,2,28,1.66,8
2026-07-01 15:00:00,Ballari,Theft,15,2,25,3.65,6
2026-07-01 15:00:00,Shivamogga,Fraud,15,2,25,4.21,5
2026-07-01 15:00:00,Shivamogga,Assault,15,2,27,1.64,6
2026-07-01 16:00:00,Davanagere,Assault,16,2,9,6.35,6
2026-07-01 16:00:00,Mangaluru,Assault,16,2,20,1.29,3
2026-07-01 16:00:00,Kalaburagi,Theft,16,2,27,1.44,4
2026-07-01 17:00:00,Davanagere,Cybercrime,17,2,26,5.18,6
2026-07-01 18:00:00,Mangaluru,Assault,18,2,5,3.78,3
2026-07-01 18:00:00,Kalaburagi,Cybercrime,18,2,34,5.23,7
2026-07-01 19:00:00,Mangaluru,Burglary,19,2,15,2.98,4
2026-07-01 20:00:00,Mysuru,Burglary,20,2,43,3.88,9
2026-07-01 20:00:00,Udupi,Cybercrime,20,2,24,2.15,4
2026-07-01 21:00:00,Mysuru,Fraud,21,2,20,4.64,5
2026-07-01 21:00:00,Udupi,Cybercrime,21,2,29,6.35,7
2026-07-01 22:00:00,Shivamogga,Burglary,22,2,19,5.41,5
2026-07-01 23:00:00,Belagavi,Burglary,23,2,3,7.53,2
2026-07-01 23:00:00,Kalaburagi,Burglary,23,2,32,5.41,6
2026-07-01 23:00:00,Ballari,Assault,23,2,22,9.28,8
2026-07-01 23:00:00,Davanagere,Theft,23,2,7,4.37,3
2026-07-02 00:00:00,Hubballi-Dharwad,Fraud,0,3,11,7.17,5
2026-07-02 00:00:00,Bengaluru Urban,Burglary,0,3,4,4.8,9
2026-07-02 00:00:00,Davanagere,Fraud,0,3,9,3.04,3
2026-07-02 00:00:00,Belagavi,Cybercrime,0,3,5,2.65,2
2026-07-02 00:00:00,Mangaluru,Theft,0,3,11,1.35,5
2026-07-02 00:00:00,Belagavi,Assault,0,3,9,4.34,4
2026-07-02 00:00:00,Mangaluru,Assault,0,3,40,8.65,8
2026-07-02 01:00:00,Mangaluru,Cybercrime,1,3,42,6.13,9
2026-07-02 03:00:00,Mysuru,Fraud,3,3,37,2.78,7
2026-07-02 03:00:00,Mysuru,Cybercrime,3,3,37,9.09,8
2026-07-02 04:00:00,Bengaluru Urban,Fraud,4,3,31,2.97,8
2026-07-02 04:00:00,Mangaluru,Burglary,4,3,24,5.97,9
2026-07-02 04:00:00,Mysuru,Assault,4,3,16,9.23,6
2026-07-02 04:00:00,Hubballi-Dharwad,Burglary,4,3,43,5.04,11
2026-07-02 05:00:00,Hubballi-Dharwad,Assault,5,3,22,5.84,5
2026-07-02 05:00:00,Kalaburagi,Burglary,5,3,30,6.11,9
2026-07-02 05:00:00,Belagavi,Fraud,5,3,26,4.57,6
2026-07-02 06:00:00,Kalaburagi,Theft,6,3,41,1.96,7
2026-07-02 07:00:00,Hubballi-Dharwad,Theft,7,3,10,1.27,1
2026-07-02 07:00:00,Udupi,Assault,7,3,19,3.73,5
2026-07-02 07:00:00,Ballari,Cybercrime,7,3,23,2.48,6
2026-07-02 08:00:00,Davanagere,Fraud,8,3,2,9.29,4
2026-07-02 08:00:00,Ballari,Cybercrime,8,3,28,7.14,7
2026-07-02 09:00:00,Kalaburagi,Burglary,9,3,11,6.27,4
2026-07-02 09:00:00,Bengaluru Urban,Cybercrime,9,3,31,8.34,11
2026-07-02 09:00:00,Kalaburagi,Assault,9,3,30,6.94,8
2026-07-02 09:00:00,Ballari,Assault,9,3,7,9.35,6
2026-07-02 09:00:00,Mysuru,Fraud,9,3,9,9.19,5
2026-07-02 09:00:00,Kalaburagi,Theft,9,3,22,4.94,5
2026-07-02 10:00:00,Ballari,Theft,10,3,19,7.27,5
2026-07-02 10:00:00,Mysuru,Burglary,10,3,20,7.29,7
2026-07-02 11:00:00,Mangaluru,Burglary,11,3,11,4.1,2
2026-07-02 11:00:00,Udupi,Burglary,11,3,41,8.62,9
2026-07-02 11:00:00,Kalaburagi,Assault,11,3,14,6.6,4
2026-07-02 11:00:00,Bengaluru Urban,Fraud,11,3,6,3.91,5
2026-07-02 12:00:00,Davanagere,Cybercrime,12,3,15,4.74,5
2026-07-02 12:00:00,Davanagere,Cybercrime,12,3,40,3.78,10
2026-07-02 12:00:00,Hubballi-Dharwad,Burglary,12,3,4,4.42,2
2026-07-02 12:00:00,Davanagere,Theft,12,3,37,1.9,5
2026-07-02 14:00:00,Shivamogga,Cybercrime,14,3,26,1.77,7
2026-07-02 15:00:00,Mangaluru,Fraud,15,3,29,6.57,5
2026-07-02 15:00:00,Kalaburagi,Cybercrime,15,3,27,9.18,9
2026-07-02 16:00:00,Udupi,Fraud,16,3,17,2.08,4
2026-07-02 16:00:00,Ballari,Theft,16,3,26,8.58,6
2026-07-02 18:00:00,Kalaburagi,Burglary,18,3,43,6.05,9
2026-07-02 18:00:00,Belagavi,Burglary,18,3,23,9.01,7
2026-07-02 18:00:00,Kalaburagi,Cybercrime,18,3,40,2.64,9
2026-07-02 19:00:00,Hubballi-Dharwad,Cybercrime,19,3,39,8.4,8
2026-07-02 20:00:00,Davanagere,Assault,20,3,26,4.42,6
2026-07-02 21:00:00,Mangaluru,Assault,21,3,18,4.62,7
2026-07-02 21:00:00,Ballari,Cybercrime,21,3,8,1.78,1
2026-07-02 21:00:00,Shivamogga,Burglary,21,3,28,1.28,5
2026-07-02 22:00:00,Kalaburagi,Burglary,22,3,38,8.79,9
2026-07-02 22:00:00,Udupi,Cybercrime,22,3,21,5.94,5
2026-07-02 23:00:00,Bengaluru Urban,Burglary,23,3,38,8.77,11
2026-07-02 23:00:00,Shivamogga,Theft,23,3,21,8.51,6
2026-07-02 23:00:00,Hubballi-Dharwad,Fraud,23,3,15,7.13,5
2026-07-03 01:00:00,Kalaburagi,Theft,1,4,14,5.7,8
2026-07-03 01:00:00,Ballari,Fraud,1,4,8,7.37,4
2026-07-03 02:00:00,Bengaluru Urban,Cybercrime,2,4,21,6.83,9
2026-07-03 03:00:00,Mysuru,Cybercrime,3,4,15,4.99,4
2026-07-03 03:00:00,Hubballi-Dharwad,Assault,3,4,9,5.77,5
2026-07-03 04:00:00,Davanagere,Fraud,4,4,8,7.2,4
2026-07-03 05:00:00,Mangaluru,Fraud,5,4,29,1.56,6
2026-07-03 05:00:00,Shivamogga,Fraud,5,4,3,8.54,3
2026-07-03 06:00:00,Kalaburagi,Burglary,6,4,11,3.48,4
2026-07-03 06:00:00,Belagavi,Theft,6,4,40,7.21,9
2026-07-03 06:00:00,Mysuru,Assault,6,4,39,4.01,8
2026-07-03 06:00:00,Belagavi,Cybercrime,6,4,5,5.14,3
2026-07-03 07:00:00,Belagavi,Assault,7,4,7,7.29,4
2026-07-03 07:00:00,Bengaluru Urban,Assault,7,4,21,6.39,6
2026-07-03 07:00:00,Belagavi,Assault,7,4,22,8.09,6
2026-07-03 07:00:00,Belagavi,Burglary,7,4,37,6.25,8
2026-07-03 08:00:00,Hubballi-Dharwad,Burglary,8,4,37,1.39,5
2026-07-03 11:00:00,Hubballi-Dharwad,Cybercrime,11,4,38,1.29,9
2026-07-03 11:00:00,Davanagere,Cybercrime,11,4,36,5.09,9
2026-07-03 12:00:00,Hubballi-Dharwad,Cybercrime,12,4,3,3.43,7
2026-07-03 12:00:00,Udupi,Theft,12,4,16,9.44,5
2026-07-03 12:00:00,Ballari,Fraud,12,4,16,2.09,4
2026-07-03 14:00:00,Shivamogga,Theft,14,4,17,1.21,4
2026-07-03 14:00:00,Mangaluru,Assault,14,4,23,5.32,5
2026-07-03 14:00:00,Kalaburagi,Cybercrime,14,4,13,5.81,7
2026-07-03 14:00:00,Davanagere,Assault,14,4,17,7.39,6
2026-07-03 15:00:00,Mysuru,Theft,15,4,35,3.18,5
2026-07-03 15:00:00,Ballari,Burglary,15,4,14,3.64,4
2026-07-03 15:00:00,Ballari,Assault,15,4,7,8.48,4
2026-07-03 16:00:00,Ballari,Burglary,16,4,3,8.08,4
2026-07-03 17:00:00,Udupi,Assault,17,4,16,4.51,5
2026-07-03 18:00:00,Bengaluru Urban,Assault,18,4,8,8.33,7
2026-07-03 20:00:00,Mysuru,Assault,20,4,18,1.69,5
2026-07-03 20:00:00,Mangaluru,Theft,20,4,24,2.2,4
2026-07-03 21:00:00,Hubballi-Dharwad,Fraud,21,4,22,7.13,5
2026-07-03 21:00:00,Mangaluru,Burglary,21,4,23,8.32,7
2026-07-03 21:00:00,Kalaburagi,Fraud,21,4,13,3.33,4
2026-07-03 22:00:00,Hubballi-Dharwad,Assault,22,4,25,1.98,8
2026-07-03 22:00:00,Mysuru,Assault,22,4,13,7.27,7
2026-07-03 22:00:00,Mysuru,Fraud,22,4,30,6.67,6
2026-07-03 22:00:00,Davanagere,Cybercrime,22,4,26,2.81,4
2026-07-03 22:00:00,Shivamogga,Cybercrime,22,4,30,5.63,5
2026-07-03 22:00:00,Ballari,Assault,22,4,22,8.25,8
2026-07-03 22:00:00,Kalaburagi,Fraud,22,4,42,9.3,9
2026-07-03 23:00:00,Mangaluru,Cybercrime,23,4,17,8.39,5
2026-07-03 23:00:00,Davanagere,Cybercrime,23,4,28,4.83,6
2026-07-03 23:00:00,Belagavi,Theft,23,4,27,2.75,5
2026-07-04 00:00:00,Udupi,Assault,0,5,23,9.06,5
2026-07-04 00:00:00,Davanagere,Cybercrime,0,5,10,6.33,3
2026-07-04 01:00:00,Udupi,Fraud,1,5,12,3.55,2
2026-07-04 01:00:00,Belagavi,Burglary,1,5,11,1.9,5
2026-07-04 01:00:00,Kalaburagi,Assault,1,5,44,1.47,7
2026-07-04 01:00:00,Shivamogga,Fraud,1,5,30,4.66,6
2026-07-04 02:00:00,Mangaluru,Burglary,2,5,31,3.89,8
2026-07-04 03:00:00,Udupi,Cybercrime,3,5,4,8.55,4
2026-07-04 03:00:00,Hubballi-Dharwad,Assault,3,5,29,6.71,6
2026-07-04 03:00:00,Belagavi,Burglary,3,5,38,7.22,9
2026-07-04 03:00:00,Mangaluru,Fraud,3,5,42,1.58,6
2026-07-04 04:00:00,Mysuru,Assault,4,5,25,5.09,5
2026-07-04 04:00:00,Ballari,Cybercrime,4,5,7,4.99,3
2026-07-04 05:00:00,Belagavi,Fraud,5,5,28,6.87,8
2026-07-04 05:00:00,Mysuru,Fraud,5,5,33,3.01,5
2026-07-04 06:00:00,Bengaluru Urban,Assault,6,5,21,1.95,6
2026-07-04 07:00:00,Belagavi,Assault,7,5,10,2.47,2
2026-07-04 08:00:00,Davanagere,Assault,8,5,39,3.86,6
2026-07-04 08:00:00,Ballari,Burglary,8,5,3,3.53,3
2026-07-04 10:00:00,Bengaluru Urban,Fraud,10,5,28,7.76,9
2026-07-04 10:00:00,Belagavi,Fraud,10,5,17,6.7,5
2026-07-04 10:00:00,Bengaluru Urban,Fraud,10,5,27,4.01,8
2026-07-04 11:00:00,Shivamogga,Fraud,11,5,6,2.01,2
2026-07-04 11:00:00,Bengaluru Urban,Fraud,11,5,30,6.47,9
2026-07-04 12:00:00,Hubballi-Dharwad,Fraud,12,5,23,5.94,4
2026-07-04 13:00:00,Udupi,Fraud,13,5,28,2.08,6
2026-07-04 14:00:00,Ballari,Fraud,14,5,5,3.44,3
2026-07-04 14:00:00,Kalaburagi,Theft,14,5,28,2.3,6
2026-07-04 14:00:00,Belagavi,Theft,14,5,9,9.26,5
2026-07-04 14:00:00,Udupi,Burglary,14,5,3,6.13,4
2026-07-04 15:00:00,Mysuru,Cybercrime,15,5,18,9.09,10
2026-07-04 15:00:00,Mysuru,Cybercrime,15,5,26,8.91,9
2026-07-04 15:00:00,Bengaluru Urban,Cybercrime,15,5,40,1.69,12
2026-07-04 16:00:00,Ballari,Burglary,16,5,40,3.42,6
2026-07-04 16:00:00,Kalaburagi,Assault,16,5,31,5.69,6
2026-07-04 16:00:00,Kalaburagi,Cybercrime,16,5,13,6.62,8
2026-07-04 17:00:00,Hubballi-Dharwad,Cybercrime,17,5,21,2.17,3
2026-07-04 18:00:00,Hubballi-Dharwad,Cybercrime,18,5,42,8.53,8
2026-07-04 18:00:00,Davanagere,Burglary,18,5,30,7.48,8
2026-07-04 18:00:00,Ballari,Assault,18,5,27,5.88,6
2026-07-04 18:00:00,Belagavi,Assault,18,5,22,5.92,5
2026-07-04 18:00:00,Belagavi,Fraud,18,5,21,1.85,5
2026-07-04 18:00:00,Mysuru,Theft,18,5,9,8.87,4
2026-07-04 19:00:00,Belagavi,Assault,19,5,37,3.09,8
2026-07-04 19:00:00,Hubballi-Dharwad,Burglary,19,5,33,2.81,6
2026-07-04 19:00:00,Davanagere,Theft,19,5,20,9.07,6
2026-07-04 19:00:00,Belagavi,Fraud,19,5,23,2.82,6
2026-07-04 19:00:00,Mysuru,Assault,19,5,4,7.79,7
2026-07-04 19:00:00,Udupi,Fraud,19,5,24,3.03,5
2026-07-04 20:00:00,Shivamogga,Theft,20,5,33,2.12,6
2026-07-04 21:00:00,Bengaluru Urban,Burglary,21,5,25,6.44,8
2026-07-04 21:00:00,Shivamogga,Theft,21,5,30,4.34,5
2026-07-04 21:00:00,Mysuru,Fraud,21,5,7,5.58,5
2026-07-04 22:00:00,Hubballi-Dharwad,Burglary,22,5,34,5.73,8
2026-07-04 22:00:00,Ballari,Burglary,22,5,35,5.15,8
2026-07-04 23:00:00,Mysuru,Theft,23,5,41,5.9,8
2026-07-04 23:00:00,Mangaluru,Cybercrime,23,5,3,8.26,4
2026-07-04 23:00:00,Ballari,Theft,23,5,6,6.23,4
2026-07-04 23:00:00,Hubballi-Dharwad,Burglary,23,5,2,3.77,3
2026-07-05 00:00:00,Ballari,Cybercrime,0,6,11,8.98,5
2026-07-05 01:00:00,Mysuru,Cybercrime,1,6,18,2.5,3
2026-07-05 02:00:00,Kalaburagi,Cybercrime,2,6,3,5.12,3
2026-07-05 02:00:00,Bengaluru Urban,Burglary,2,6,32,9.22,13
2026-07-05 02:00:00,Mangaluru,Theft,2,6,44,7.6,12
2026-07-05 02:00:00,Mangaluru,Assault,2,6,2,5.96,5
2026-07-05 03:00:00,Davanagere,Fraud,3,6,12,3.5,4
2026-07-05 03:00:00,Belagavi,Theft,3,6,31,4.49,9
2026-07-05 03:00:00,Belagavi,Assault,3,6,28,9.3,6
2026-07-05 04:00:00,Ballari,Fraud,4,6,33,8.02,9
2026-07-05 04:00:00,Davanagere,Fraud,4,6,24,6.37,5
2026-07-05 04:00:00,Hubballi-Dharwad,Cybercrime,4,6,21,4.18,4
2026-07-05 04:00:00,Bengaluru Urban,Burglary,4,6,43,4.0,12
2026-07-05 04:00:00,Davanagere,Fraud,4,6,2,2.27,3
2026-07-05 05:00:00,Udupi,Cybercrime,5,6,26,4.67,6
2026-07-05 05:00:00,Kalaburagi,Theft,5,6,28,4.24,7
2026-07-05 05:00:00,Mysuru,Burglary,5,6,13,5.77,8
2026-07-05 05:00:00,Hubballi-Dharwad,Cybercrime,5,6,10,6.74,4
2026-07-05 06:00:00,Mysuru,Burglary,6,6,33,6.86,7
2026-07-05 06:00:00,Mysuru,Theft,6,6,40,9.19,7
2026-07-05 06:00:00,Udupi,Cybercrime,6,6,33,6.38,9
2026-07-05 06:00:00,Mangaluru,Cybercrime,6,6,11,8.9,6
2026-07-05 07:00:00,Udupi,Assault,7,6,31,1.88,4
2026-07-05 08:00:00,Mangaluru,Burglary,8,6,6,5.49,4
2026-07-05 08:00:00,Kalaburagi,Burglary,8,6,19,1.47,4
2026-07-05 08:00:00,Belagavi,Cybercrime,8,6,4,2.41,1
2026-07-05 10:00:00,Davanagere,Burglary,10,6,21,5.96,4
2026-07-05 11:00:00,Shivamogga,Burglary,11,6,16,8.93,6
2026-07-05 11:00:00,Belagavi,Burglary,11,6,26,7.4,5
2026-07-05 12:00:00,Ballari,Cybercrime,12,6,37,3.95,9
2026-07-05 12:00:00,Hubballi-Dharwad,Assault,12,6,3,2.3,2
2026-07-05 12:00:00,Bengaluru Urban,Burglary,12,6,10,5.67,7
2026-07-05 13:00:00,Davanagere,Burglary,13,6,6,4.59,2
2026-07-05 13:00:00,Davanagere,Theft,13,6,22,5.23,6
2026-07-05 14:00:00,Shivamogga,Theft,14,6,42,3.63,8
2026-07-05 14:00:00,Kalaburagi,Theft,14,6,3,6.32,3
2026-07-05 14:00:00,Shivamogga,Burglary,14,6,35,8.15,8
2026-07-05 15:00:00,Mangaluru,Fraud,15,6,30,3.14,8
2026-07-05 15:00:00,Mysuru,Burglary,15,6,25,8.0,5
2026-07-05 15:00:00,Udupi,Fraud,15,6,5,1.76,2
2026-07-05 15:00:00,Kalaburagi,Burglary,15,6,14,3.04,4
2026-07-05 15:00:00,Kalaburagi,Assault,15,6,41,1.44,6
2026-07-05 16:00:00,Mysuru,Theft,16,6,9,3.13,3
2026-07-05 16:00:00,Shivamogga,Fraud,16,6,32,9.2,9
2026-07-05 16:00:00,Udupi,Fraud,16,6,42,3.96,7
2026-07-05 17:00:00,Mysuru,Theft,17,6,38,9.38,7
2026-07-05 17:00:00,Mysuru,Burglary,17,6,24,4.98,6
2026-07-05 18:00:00,Mangaluru,Assault,18,6,25,8.8,7
2026-07-05 18:00:00,Shivamogga,Cybercrime,18,6,8,5.09,3
2026-07-05 19:00:00,Mangaluru,Cybercrime,19,6,23,1.59,4
2026-07-05 19:00:00,Mangaluru,Assault,19,6,11,8.42,8
2026-07-05 19:00:00,Ballari,Assault,19,6,43,9.21,12
2026-07-05 19:00:00,Bengaluru Urban,Burglary,19,6,21,4.0,8
2026-07-05 20:00:00,Mangaluru,Burglary,20,6,7,3.86,4
2026-07-05 20:00:00,Ballari,Fraud,20,6,38,7.71,9
2026-07-05 20:00:00,Belagavi,Burglary,20,6,35,6.84,7
2026-07-05 20:00:00,Mangaluru,Burglary,20,6,11,6.41,5
2026-07-05 21:00:00,Bengaluru Urban,Burglary,21,6,40,6.78,10
2026-07-05 21:00:00,Mysuru,Theft,21,6,38,7.04,7
2026-07-05 22:00:00,Ballari,Assault,22,6,39,5.6,10
2026-07-05 22:00:00,Bengaluru Urban,Burglary,22,6,37,3.77,10
2026-07-06 01:00:00,Udupi,Cybercrime,1,0,33,1.35,5
2026-07-06 01:00:00,Udupi,Burglary,1,0,36,2.79,8
2026-07-06 02:00:00,Mangaluru,Fraud,2,0,18,2.94,5
2026-07-06 02:00:00,Ballari,Theft,2,0,5,2.28,5
2026-07-06 03:00:00,Bengaluru Urban,Assault,3,0,24,3.82,8
2026-07-06 03:00:00,Udupi,Assault,3,0,23,8.79,7
2026-07-06 04:00:00,Ballari,Assault,4,0,35,2.07,6
2026-07-06 04:00:00,Udupi,Cybercrime,4,0,27,3.34,4
2026-07-06 05:00:00,Ballari,Theft,5,0,22,6.24,8
2026-07-06 05:00:00,Shivamogga,Fraud,5,0,12,6.91,4
2026-07-06 05:00:00,Hubballi-Dharwad,Fraud,5,0,38,6.26,7
2026-07-06 06:00:00,Belagavi,Burglary,6,0,11,1.83,3
2026-07-06 06:00:00,Ballari,Cybercrime,6,0,22,1.98,5
2026-07-06 07:00:00,Hubballi-Dharwad,Assault,7,0,32,3.53,6
2026-07-06 07:00:00,Hubballi-Dharwad,Fraud,7,0,13,6.81,5
2026-07-06 08:00:00,Bengaluru Urban,Cybercrime,8,0,6,9.12,7
2026-07-06 08:00:00,Davanagere,Theft,8,0,18,9.44,7
2026-07-06 08:00:00,Udupi,Burglary,8,0,39,6.38,8
2026-07-06 08:00:00,Ballari,Cybercrime,8,0,15,3.39,4
2026-07-06 08:00:00,Mangaluru,Cybercrime,8,0,7,3.31,2
2026-07-06 09:00:00,Davanagere,Burglary,9,0,7,6.33,4
2026-07-06 09:00:00,Udupi,Cybercrime,9,0,22,1.69,4
2026-07-06 09:00:00,Udupi,Burglary,9,0,25,3.66,5
2026-07-06 10:00:00,Kalaburagi,Fraud,10,0,18,3.77,5
2026-07-06 10:00:00,Shivamogga,Fraud,10,0,21,5.54,4
2026-07-06 10:00:00,Ballari,Cybercrime,10,0,24,2.31,7
2026-07-06 11:00:00,Mysuru,Burglary,11,0,21,8.07,7
2026-07-06 11:00:00,Davanagere,Theft,11,0,34,3.89,7
2026-07-06 11:00:00,Shivamogga,Fraud,11,0,39,9.48,9
2026-07-06 12:00:00,Mysuru,Assault,12,0,13,4.64,3
2026-07-06 12:00:00,Ballari,Theft,12,0,8,3.16,3
2026-07-06 12:00:00,Ballari,Theft,12,0,21,6.12,5
2026-07-06 12:00:00,Hubballi-Dharwad,Assault,12,0,10,7.44,4
2026-07-06 13:00:00,Hubballi-Dharwad,Fraud,13,0,44,2.97,6
2026-07-06 13:00:00,Kalaburagi,Burglary,13,0,26,5.91,7
2026-07-06 14:00:00,Udupi,Assault,14,0,40,3.77,7
2026-07-06 15:00:00,Mangaluru,Cybercrime,15,0,24,9.35,9
2026-07-06 15:00:00,Davanagere,Fraud,15,0,42,1.38,6
2026-07-06 15:00:00,Mysuru,Burglary,15,0,43,4.41,8
2026-07-06 15:00:00,Shivamogga,Theft,15,0,17,5.18,4
2026-07-06 15:00:00,Hubballi-Dharwad,Burglary,15,0,24,4.51,6
2026-07-06 16:00:00,Mangaluru,Fraud,16,0,23,7.89,7
2026-07-06 16:00:00,Shivamogga,Cybercrime,16,0,28,3.32,7
2026-07-06 17:00:00,Hubballi-Dharwad,Burglary,17,0,26,7.08,6
2026-07-06 17:00:00,Hubballi-Dharwad,Cybercrime,17,0,9,1.96,2
2026-07-06 18:00:00,Mangaluru,Theft,18,0,8,2.91,3
2026-07-06 18:00:00,Shivamogga,Cybercrime,18,0,34,5.51,8
2026-07-06 18:00:00,Kalaburagi,Burglary,18,0,18,4.87,5
2026-07-06 18:00:00,Hubballi-Dharwad,Burglary,18,0,15,7.67,5
2026-07-06 18:00:00,Kalaburagi,Burglary,18,0,42,7.34,7
2026-07-06 18:00:00,Kalaburagi,Burglary,18,0,36,1.63,6
2026-07-06 18:00:00,Shivamogga,Fraud,18,0,32,7.45,7
2026-07-06 18:00:00,Ballari,Theft,18,0,20,4.26,6
2026-07-06 19:00:00,Davanagere,Assault,19,0,44,6.47,11
2026-07-06 19:00:00,Kalaburagi,Cybercrime,19,0,35,4.04,6
2026-07-06 20:00:00,Shivamogga,Fraud,20,0,17,8.89,7
2026-07-06 20:00:00,Mangaluru,Theft,20,0,14,4.71,4
2026-07-06 20:00:00,Davanagere,Assault,20,0,20,5.22,7
2026-07-06 21:00:00,Davanagere,Assault,21,0,9,8.11,5
2026-07-06 21:00:00,Mysuru,Burglary,21,0,24,2.46,4
2026-07-06 22:00:00,Belagavi,Fraud,22,0,14,8.04,5
2026-07-06 22:00:00,Mangaluru,Theft,22,0,13,9.3,4
2026-07-06 22:00:00,Udupi,Theft,22,0,22,3.29,4
2026-07-06 22:00:00,Ballari,Cybercrime,22,0,39,3.6,7
2026-07-06 23:00:00,Hubballi-Dharwad,Cybercrime,23,0,8,2.12,3
2026-07-06 23:00:00,Hubballi-Dharwad,Assault,23,0,44,6.03,10
2026-07-07 01:00:00,Hubballi-Dharwad,Assault,1,1,4,4.49,2
2026-07-07 02:00:00,Mangaluru,Burglary,2,1,40,8.29,11
2026-07-07 03:00:00,Udupi,Fraud,3,1,38,4.6,5
2026-07-07 04:00:00,Kalaburagi,Fraud,4,1,19,8.81,6
2026-07-07 04:00:00,Davanagere,Burglary,4,1,30,3.09,9
2026-07-07 05:00:00,Ballari,Theft,5,1,31,2.75,8
2026-07-07 05:00:00,Davanagere,Cybercrime,5,1,8,6.23,3
2026-07-07 05:00:00,Kalaburagi,Fraud,5,1,15,2.17,3
2026-07-07 05:00:00,Belagavi,Burglary,5,1,9,8.25,7
2026-07-07 05:00:00,Hubballi-Dharwad,Theft,5,1,24,6.5,8
2026-07-07 05:00:00,Belagavi,Burglary,5,1,30,8.26,10
2026-07-07 05:00:00,Bengaluru Urban,Assault,5,1,25,8.26,11
2026-07-07 06:00:00,Bengaluru Urban,Assault,6,1,15,4.77,6
2026-07-07 06:00:00,Shivamogga,Assault,6,1,38,2.93,5
2026-07-07 07:00:00,Ballari,Theft,7,1,39,7.61,8
2026-07-07 07:00:00,Mangaluru,Assault,7,1,27,6.62,6
2026-07-07 08:00:00,Ballari,Fraud,8,1,15,2.26,2
2026-07-07 08:00:00,Mangaluru,Fraud,8,1,35,6.46,6
2026-07-07 08:00:00,Bengaluru Urban,Burglary,8,1,23,3.4,8
2026-07-07 08:00:00,Mangaluru,Cybercrime,8,1,4,1.99,2
2026-07-07 08:00:00,Mysuru,Cybercrime,8,1,33,2.89,7
2026-07-07 09:00:00,Udupi,Assault,9,1,4,3.58,3
2026-07-07 09:00:00,Davanagere,Burglary,9,1,33,2.21,6
2026-07-07 09:00:00,Hubballi-Dharwad,Theft,9,1,44,3.59,8
2026-07-07 09:00:00,Belagavi,Fraud,9,1,26,5.78,5
2026-07-07 09:00:00,Mysuru,Fraud,9,1,43,7.76,7
2026-07-07 10:00:00,Shivamogga,Theft,10,1,19,2.6,4
2026-07-07 10:00:00,Kalaburagi,Burglary,10,1,29,3.15,6
2026-07-07 10:00:00,Hubballi-Dharwad,Assault,10,1,3,8.93,5
2026-07-07 11:00:00,Udupi,Theft,11,1,33,4.07,6
2026-07-07 12:00:00,Mysuru,Cybercrime,12,1,32,6.68,10
2026-07-07 12:00:00,Ballari,Fraud,12,1,12,7.05,5
2026-07-07 13:00:00,Mangaluru,Cybercrime,13,1,18,8.15,8
2026-07-07 13:00:00,Hubballi-Dharwad,Fraud,13,1,22,6.61,6
2026-07-07 13:00:00,Mysuru,Burglary,13,1,19,2.2,4
2026-07-07 14:00:00,Belagavi,Burglary,14,1,10,6.58,5
2026-07-07 14:00:00,Bengaluru Urban,Cybercrime,14,1,5,4.69,7
2026-07-07 14:00:00,Belagavi,Fraud,14,1,8,9.44,4
2026-07-07 14:00:00,Mysuru,Burglary,14,1,11,7.93,4
2026-07-07 14:00:00,Belagavi,Cybercrime,14,1,38,3.71,9
2026-07-07 14:00:00,Ballari,Burglary,14,1,10,2.44,4
2026-07-07 15:00:00,Belagavi,Cybercrime,15,1,36,7.27,10
2026-07-07 15:00:00,Bengaluru Urban,Theft,15,1,37,5.42,10
2026-07-07 15:00:00,Kalaburagi,Fraud,15,1,43,4.13,7
2026-07-07 16:00:00,Mysuru,Fraud,16,1,37,7.48,8
2026-07-07 16:00:00,Bengaluru Urban,Assault,16,1,14,6.87,9
2026-07-07 17:00:00,Mysuru,Cybercrime,17,1,29,8.24,7
2026-07-07 17:00:00,Hubballi-Dharwad,Cybercrime,17,1,4,8.85,5
2026-07-07 17:00:00,Mangaluru,Fraud,17,1,23,3.99,6
2026-07-07 17:00:00,Mysuru,Assault,17,1,40,8.6,9
2026-07-07 17:00:00,Hubballi-Dharwad,Theft,17,1,44,2.95,7
2026-07-07 17:00:00,Udupi,Burglary,17,1,9,5.8,4
2026-07-07 18:00:00,Davanagere,Burglary,18,1,5,8.65,4
2026-07-07 18:00:00,Mysuru,Burglary,18,1,22,6.0,6
2026-07-07 18:00:00,Davanagere,Fraud,18,1,28,2.04,5
2026-07-07 19:00:00,Belagavi,Theft,19,1,23,9.4,5
2026-07-07 19:00:00,Mysuru,Cybercrime,19,1,17,7.14,5
2026-07-07 19:00:00,Bengaluru Urban,Cybercrime,19,1,37,8.05,11
2026-07-07 19:00:00,Davanagere,Assault,19,1,33,3.19,8
2026-07-07 20:00:00,Bengaluru Urban,Burglary,20,1,27,5.87,8
2026-07-07 20:00:00,Kalaburagi,Theft,20,1,29,3.09,5
2026-07-07 20:00:00,Kalaburagi,Fraud,20,1,10,7.82,5
2026-07-07 20:00:00,Belagavi,Theft,20,1,12,4.03,4
2026-07-07 20:00:00,Udupi,Fraud,20,1,8,6.54,3
2026-07-07 21:00:00,Mangaluru,Assault,21,1,32,5.51,9
2026-07-07 21:00:00,Kalaburagi,Assault,21,1,18,6.74,9
2026-07-07 21:00:00,Bengaluru Urban,Assault,21,1,41,7.58,13
2026-07-07 21:00:00,Mangaluru,Cybercrime,21,1,44,8.45,8
2026-07-07 22:00:00,Mangaluru,Cybercrime,22,1,31,1.57,5
2026-07-07 23:00:00,Shivamogga,Theft,23,1,29,6.32,7
2026-07-07 23:00:00,Ballari,Theft,23,1,21,8.57,6
2026-07-08 00:00:00,Davanagere,Assault,0,2,28,8.3,8
2026-07-08 00:00:00,Davanagere,Cybercrime,0,2,24,5.67,8
2026-07-08 00:00:00,Kalaburagi,Fraud,0,2,37,7.96,7
2026-07-08 02:00:00,Belagavi,Cybercrime,2,2,27,7.64,6
2026-07-08 02:00:00,Davanagere,Burglary,2,2,34,1.59,8
2026-07-08 02:00:00,Belagavi,Cybercrime,2,2,11,4.81,4
2026-07-08 02:00:00,Udupi,Theft,2,2,44,5.4,11
2026-07-08 02:00:00,Bengaluru Urban,Theft,2,2,17,6.74,11
2026-07-08 02:00:00,Shivamogga,Theft,2,2,13,3.7,6
2026-07-08 02:00:00,Ballari,Theft,2,2,35,6.6,9
2026-07-08 03:00:00,Mysuru,Burglary,3,2,5,2.97,4
2026-07-08 03:00:00,Davanagere,Fraud,3,2,14,4.71,3
2026-07-08 03:00:00,Ballari,Assault,3,2,28,4.16,5
2026-07-08 03:00:00,Udupi,Theft,3,2,33,4.69,10
2026-07-08 03:00:00,Bengaluru Urban,Theft,3,2,13,1.8,10
2026-07-08 04:00:00,Ballari,Theft,4,2,8,6.43,5
2026-07-08 04:00:00,Udupi,Theft,4,2,36,6.03,11
2026-07-08 04:00:00,Ballari,Theft,4,2,38,3.94,8
2026-07-08 04:00:00,Mysuru,Theft,4,2,14,2.84,5
2026-07-08 04:00:00,Mysuru,Cybercrime,4,2,25,9.47,7
2026-07-08 05:00:00,Mysuru,Theft,5,2,23,7.36,9
2026-07-08 05:00:00,Belagavi,Assault,5,2,44,8.82,8
2026-07-08 06:00:00,Mysuru,Theft,6,2,2,4.5,5
2026-07-08 08:00:00,Ballari,Fraud,8,2,10,3.48,3
2026-07-08 08:00:00,Shivamogga,Assault,8,2,9,4.88,5
2026-07-08 09:00:00,Hubballi-Dharwad,Theft,9,2,18,1.5,4
2026-07-08 09:00:00,Kalaburagi,Theft,9,2,36,2.63,7
2026-07-08 09:00:00,Mangaluru,Fraud,9,2,13,5.81,5
2026-07-08 09:00:00,Hubballi-Dharwad,Cybercrime,9,2,24,9.16,7
2026-07-08 09:00:00,Davanagere,Theft,9,2,44,3.59,7
2026-07-08 10:00:00,Shivamogga,Theft,10,2,23,3.95,4
2026-07-08 11:00:00,Ballari,Fraud,11,2,38,1.44,6
2026-07-08 11:00:00,Shivamogga,Burglary,11,2,18,9.48,7
2026-07-08 11:00:00,Kalaburagi,Burglary,11,2,30,6.94,6
2026-07-08 11:00:00,Kalaburagi,Assault,11,2,40,2.66,7
2026-07-08 11:00:00,Kalaburagi,Theft,11,2,10,8.18,6
2026-07-08 11:00:00,Bengaluru Urban,Theft,11,2,34,2.77,8
2026-07-08 11:00:00,Udupi,Burglary,11,2,19,8.6,7
2026-07-08 12:00:00,Mysuru,Burglary,12,2,43,8.87,8
2026-07-08 12:00:00,Mangaluru,Assault,12,2,15,4.36,5
2026-07-08 12:00:00,Udupi,Theft,12,2,35,8.45,6
2026-07-08 12:00:00,Udupi,Theft,12,2,6,1.68,4
2026-07-08 12:00:00,Bengaluru Urban,Assault,12,2,36,3.94,9
2026-07-08 13:00:00,Kalaburagi,Fraud,13,2,42,1.99,5
2026-07-08 13:00:00,Mysuru,Fraud,13,2,28,4.94,5
2026-07-08 13:00:00,Kalaburagi,Theft,13,2,16,7.15,5
2026-07-08 13:00:00,Mysuru,Theft,13,2,4,4.55,2
2026-07-08 14:00:00,Udupi,Burglary,14,2,42,8.32,7
2026-07-08 14:00:00,Belagavi,Cybercrime,14,2,40,2.95,9
2026-07-08 14:00:00,Udupi,Fraud,14,2,44,1.25,7
2026-07-08 14:00:00,Kalaburagi,Assault,14,2,42,9.0,9
2026-07-08 15:00:00,Mysuru,Cybercrime,15,2,14,8.85,7
2026-07-08 15:00:00,Hubballi-Dharwad,Burglary,15,2,3,2.22,2
2026-07-08 15:00:00,Mangaluru,Theft,15,2,44,7.8,7
2026-07-08 15:00:00,Davanagere,Theft,15,2,34,7.67,8
2026-07-08 15:00:00,Ballari,Fraud,15,2,18,8.66,6
2026-07-08 15:00:00,Hubballi-Dharwad,Burglary,15,2,38,8.62,8
2026-07-08 17:00:00,Kalaburagi,Burglary,17,2,20,4.02,6
2026-07-08 17:00:00,Davanagere,Fraud,17,2,20,2.21,3
2026-07-08 17:00:00,Mysuru,Theft,17,2,18,4.77,6
2026-07-08 18:00:00,Bengaluru Urban,Assault,18,2,11,4.1,6
2026-07-08 18:00:00,Mysuru,Fraud,18,2,19,3.96,4
2026-07-08 19:00:00,Kalaburagi,Burglary,19,2,32,2.19,6
2026-07-08 19:00:00,Mysuru,Burglary,19,2,29,8.61,6
2026-07-08 19:00:00,Ballari,Assault,19,2,44,5.04,9
2026-07-08 19:00:00,Shivamogga,Cybercrime,19,2,5,1.3,4
2026-07-08 20:00:00,Mysuru,Theft,20,2,23,7.23,7
2026-07-08 20:00:00,Mysuru,Cybercrime,20,2,44,4.31,8
2026-07-08 20:00:00,Hubballi-Dharwad,Cybercrime,20,2,40,1.48,6
2026-07-08 20:00:00,Mangaluru,Assault,20,2,21,7.64,8
2026-07-08 21:00:00,Bengaluru Urban,Burglary,21,2,15,4.08,6
2026-07-08 21:00:00,Udupi,Theft,21,2,17,3.53,4
2026-07-08 22:00:00,Shivamogga,Cybercrime,22,2,16,1.4,4
2026-07-08 22:00:00,Shivamogga,Cybercrime,22,2,29,3.71,6
2026-07-08 22:00:00,Kalaburagi,Burglary,22,2,26,5.07,5
2026-07-08 22:00:00,Belagavi,Burglary,22,2,21,1.9,3
2026-07-08 23:00:00,Udupi,Theft,23,2,32,3.32,6
2026-07-08 23:00:00,Mysuru,Fraud,23,2,17,8.09,7
2026-07-08 23:00:00,Shivamogga,Fraud,23,2,44,3.68,8
2026-07-08 23:00:00,Mangaluru,Fraud,23,2,38,7.62,9
2026-07-09 00:00:00,Mangaluru,Fraud,0,3,3,3.85,1
2026-07-09 00:00:00,Mangaluru,Assault,0,3,30,4.98,5
2026-07-09 01:00:00,Davanagere,Fraud,1,3,40,8.78,8
2026-07-09 01:00:00,Ballari,Assault,1,3,32,3.01,6
2026-07-09 01:00:00,Shivamogga,Fraud,1,3,26,7.62,7
2026-07-09 01:00:00,Ballari,Fraud,1,3,21,8.27,7
2026-07-09 02:00:00,Udupi,Fraud,2,3,17,7.52,4
2026-07-09 02:00:00,Mangaluru,Fraud,2,3,6,1.76,2
2026-07-09 02:00:00,Hubballi-Dharwad,Burglary,2,3,20,7.6,9
2026-07-09 02:00:00,Mangaluru,Burglary,2,3,33,5.82,8
2026-07-09 03:00:00,Bengaluru Urban,Cybercrime,3,3,19,9.04,9
2026-07-09 03:00:00,Bengaluru Urban,Burglary,3,3,32,7.42,14
2026-07-09 04:00:00,Udupi,Cybercrime,4,3,38,4.03,7
2026-07-09 04:00:00,Ballari,Burglary,4,3,43,4.88,11
2026-07-09 05:00:00,Davanagere,Burglary,5,3,41,2.73,10
2026-07-09 05:00:00,Belagavi,Burglary,5,3,23,1.73,7
2026-07-09 05:00:00,Kalaburagi,Theft,5,3,36,5.08,8
2026-07-09 05:00:00,Udupi,Theft,5,3,6,6.37,7
2026-07-09 06:00:00,Hubballi-Dharwad,Assault,6,3,40,3.94,6
2026-07-09 07:00:00,Mysuru,Burglary,7,3,38,2.02,6
2026-07-09 07:00:00,Mangaluru,Fraud,7,3,11,1.46,4
2026-07-09 08:00:00,Shivamogga,Cybercrime,8,3,27,7.05,7
2026-07-09 08:00:00,Hubballi-Dharwad,Burglary,8,3,17,8.0,5
2026-07-09 08:00:00,Bengaluru Urban,Theft,8,3,23,2.53,8
2026-07-09 09:00:00,Hubballi-Dharwad,Cybercrime,9,3,37,4.16,7
2026-07-09 09:00:00,Shivamogga,Fraud,9,3,32,3.13,6
2026-07-09 09:00:00,Mangaluru,Theft,9,3,44,3.68,5
2026-07-09 09:00:00,Kalaburagi,Burglary,9,3,20,1.3,3
2026-07-09 10:00:00,Ballari,Fraud,10,3,4,8.49,4
2026-07-09 10:00:00,Bengaluru Urban,Cybercrime,10,3,33,9.45,12
2026-07-09 10:00:00,Ballari,Cybercrime,10,3,32,4.35,7
2026-07-09 11:00:00,Belagavi,Theft,11,3,40,6.51,7
2026-07-09 11:00:00,Hubballi-Dharwad,Cybercrime,11,3,15,4.38,6
2026-07-09 12:00:00,Ballari,Assault,12,3,29,1.92,5
2026-07-09 12:00:00,Ballari,Burglary,12,3,44,8.56,8
2026-07-09 12:00:00,Bengaluru Urban,Theft,12,3,7,1.79,5
2026-07-09 12:00:00,Shivamogga,Theft,12,3,41,2.27,6
2026-07-09 13:00:00,Hubballi-Dharwad,Fraud,13,3,27,4.72,4
2026-07-09 13:00:00,Mysuru,Burglary,13,3,14,7.61,4
2026-07-09 14:00:00,Udupi,Theft,14,3,19,9.46,6
2026-07-09 14:00:00,Ballari,Fraud,14,3,39,1.98,5
2026-07-09 15:00:00,Ballari,Theft,15,3,8,2.8,3
2026-07-09 15:00:00,Belagavi,Fraud,15,3,13,6.8,5
2026-07-09 16:00:00,Udupi,Burglary,16,3,36,7.94,8
2026-07-09 17:00:00,Kalaburagi,Cybercrime,17,3,17,1.62,4
2026-07-09 17:00:00,Ballari,Burglary,17,3,27,4.28,6
2026-07-09 17:00:00,Kalaburagi,Burglary,17,3,12,5.22,5
2026-07-09 17:00:00,Bengaluru Urban,Theft,17,3,17,6.51,9
2026-07-09 17:00:00,Bengaluru Urban,Cybercrime,17,3,6,8.96,7
2026-07-09 18:00:00,Udupi,Cybercrime,18,3,38,9.02,9
2026-07-09 18:00:00,Shivamogga,Burglary,18,3,36,8.19,7
2026-07-09 19:00:00,Kalaburagi,Cybercrime,19,3,26,3.79,5
2026-07-09 19:00:00,Belagavi,Burglary,19,3,19,4.51,5
2026-07-09 19:00:00,Shivamogga,Cybercrime,19,3,19,8.93,6
2026-07-09 19:00:00,Udupi,Assault,19,3,6,5.23,5
2026-07-09 21:00:00,Shivamogga,Assault,21,3,31,8.72,10
2026-07-09 21:00:00,Mangaluru,Assault,21,3,4,6.15,6
2026-07-09 21:00:00,Hubballi-Dharwad,Theft,21,3,25,1.68,4
2026-07-09 21:00:00,Ballari,Fraud,21,3,33,7.61,8
2026-07-09 22:00:00,Kalaburagi,Assault,22,3,35,8.62,10
2026-07-09 22:00:00,Udupi,Assault,22,3,17,8.07,7
2026-07-09 22:00:00,Udupi,Assault,22,3,42,1.62,9
2026-07-09 23:00:00,Shivamogga,Fraud,23,3,30,2.82,7
2026-07-09 23:00:00,Bengaluru Urban,Theft,23,3,31,1.45,8
2026-07-09 23:00:00,Udupi,Assault,23,3,14,5.58,6
2026-07-10 00:00:00,Bengaluru Urban,Fraud,0,4,18,6.41,8
2026-07-10 00:00:00,Mysuru,Burglary,0,4,12,1.44,5
2026-07-10 00:00:00,Ballari,Assault,0,4,35,5.38,7
2026-07-10 01:00:00,Kalaburagi,Burglary,1,4,39,8.26,12
2026-07-10 01:00:00,Mysuru,Theft,1,4,23,4.88,9
2026-07-10 01:00:00,Hubballi-Dharwad,Burglary,1,4,25,7.08,8
2026-07-10 02:00:00,Kalaburagi,Theft,2,4,39,6.13,11
2026-07-10 02:00:00,Mysuru,Theft,2,4,19,2.44,7
2026-07-10 02:00:00,Hubballi-Dharwad,Burglary,2,4,12,4.97,7
2026-07-10 02:00:00,Mangaluru,Cybercrime,2,4,28,4.36,7
2026-07-10 03:00:00,Belagavi,Fraud,3,4,10,4.63,5
2026-07-10 03:00:00,Bengaluru Urban,Fraud,3,4,24,1.26,9
2026-07-10 05:00:00,Mangaluru,Theft,5,4,2,3.74,5
2026-07-10 05:00:00,Udupi,Cybercrime,5,4,33,4.06,5
2026-07-10 05:00:00,Belagavi,Cybercrime,5,4,3,1.91,2
2026-07-10 05:00:00,Ballari,Theft,5,4,36,8.42,10
2026-07-10 06:00:00,Mysuru,Theft,6,4,2,2.41,1
2026-07-10 06:00:00,Mangaluru,Theft,6,4,43,1.95,7
2026-07-10 06:00:00,Davanagere,Assault,6,4,11,1.87,4
2026-07-10 07:00:00,Belagavi,Cybercrime,7,4,4,7.72,4
2026-07-10 07:00:00,Ballari,Burglary,7,4,11,4.86,5
2026-07-10 07:00:00,Mysuru,Theft,7,4,4,7.61,4
2026-07-10 08:00:00,Udupi,Burglary,8,4,4,6.61,4
2026-07-10 09:00:00,Udupi,Assault,9,4,28,6.17,5
2026-07-10 09:00:00,Udupi,Theft,9,4,20,7.71,6
2026-07-10 09:00:00,Belagavi,Fraud,9,4,38,4.91,7
2026-07-10 10:00:00,Shivamogga,Assault,10,4,27,9.43,9
2026-07-10 10:00:00,Mangaluru,Theft,10,4,36,3.83,7
2026-07-10 11:00:00,Mysuru,Burglary,11,4,39,7.53,6
2026-07-10 11:00:00,Bengaluru Urban,Cybercrime,11,4,11,1.95,9
2026-07-10 11:00:00,Bengaluru Urban,Burglary,11,4,41,4.72,9
2026-07-10 11:00:00,Shivamogga,Assault,11,4,34,1.29,7
2026-07-10 11:00:00,Hubballi-Dharwad,Fraud,11,4,21,5.9,5
2026-07-10 12:00:00,Udupi,Theft,12,4,19,6.87,6
2026-07-10 12:00:00,Davanagere,Assault,12,4,39,4.63,6
2026-07-10 12:00:00,Udupi,Theft,12,4,38,5.37,6
2026-07-10 13:00:00,Udupi,Assault,13,4,23,6.92,5
2026-07-10 14:00:00,Bengaluru Urban,Assault,14,4,4,2.95,5
2026-07-10 14:00:00,Shivamogga,Burglary,14,4,44,2.69,8
2026-07-10 15:00:00,Mangaluru,Assault,15,4,32,9.15,8
2026-07-10 15:00:00,Bengaluru Urban,Cybercrime,15,4,43,5.17,14
2026-07-10 16:00:00,Bengaluru Urban,Fraud,16,4,18,3.64,7
2026-07-10 16:00:00,Kalaburagi,Theft,16,4,10,2.35,3
2026-07-10 16:00:00,Mangaluru,Burglary,16,4,38,8.72,8
2026-07-10 16:00:00,Udupi,Assault,16,4,19,1.25,3
2026-07-10 16:00:00,Kalaburagi,Cybercrime,16,4,3,4.36,4
2026-07-10 17:00:00,Belagavi,Cybercrime,17,4,17,8.22,5
2026-07-10 17:00:00,Belagavi,Burglary,17,4,40,2.92,7
2026-07-10 17:00:00,Belagavi,Theft,17,4,29,3.14,6
2026-07-10 18:00:00,Ballari,Burglary,18,4,40,2.59,7
2026-07-10 18:00:00,Mangaluru,Burglary,18,4,25,6.44,5
2026-07-10 18:00:00,Belagavi,Burglary,18,4,43,5.3,9
2026-07-10 19:00:00,Kalaburagi,Burglary,19,4,10,5.74,4
2026-07-10 19:00:00,Belagavi,Fraud,19,4,44,2.31,7
2026-07-10 19:00:00,Davanagere,Fraud,19,4,23,3.2,6
2026-07-10 20:00:00,Davanagere,Cybercrime,20,4,14,5.41,4
2026-07-10 20:00:00,Belagavi,Fraud,20,4,31,5.73,7
2026-07-10 20:00:00,Udupi,Burglary,20,4,33,9.01,9
2026-07-10 21:00:00,Mysuru,Assault,21,4,17,4.13,8
2026-07-10 21:00:00,Belagavi,Cybercrime,21,4,39,3.14,7
2026-07-10 21:00:00,Ballari,Theft,21,4,30,1.8,5
2026-07-10 22:00:00,Bengaluru Urban,Fraud,22,4,2,4.67,5
2026-07-10 22:00:00,Mysuru,Theft,22,4,9,6.2,3
2026-07-10 22:00:00,Mangaluru,Cybercrime,22,4,14,8.92,6
2026-07-10 23:00:00,Davanagere,Theft,23,4,5,8.46,5
2026-07-11 00:00:00,Belagavi,Burglary,0,5,34,2.55,8
2026-07-11 00:00:00,Shivamogga,Burglary,0,5,10,4.41,6
2026-07-11 00:00:00,Mysuru,Burglary,0,5,38,6.36,10
2026-07-11 01:00:00,Hubballi-Dharwad,Assault,1,5,16,2.37,4
2026-07-11 01:00:00,Kalaburagi,Burglary,1,5,30,3.33,8
2026-07-11 01:00:00,Udupi,Cybercrime,1,5,33,2.53,5
2026-07-11 02:00:00,Belagavi,Assault,2,5,4,6.99,3
2026-07-11 02:00:00,Kalaburagi,Fraud,2,5,31,2.97,5
2026-07-11 02:00:00,Shivamogga,Burglary,2,5,33,2.95,10
2026-07-11 03:00:00,Mysuru,Burglary,3,5,9,8.73,7
2026-07-11 03:00:00,Hubballi-Dharwad,Theft,3,5,7,8.66,7
2026-07-11 04:00:00,Davanagere,Assault,4,5,18,4.87,5
2026-07-11 04:00:00,Shivamogga,Burglary,4,5,29,7.2,11
2026-07-11 05:00:00,Kalaburagi,Burglary,5,5,8,5.96,7
2026-07-11 05:00:00,Kalaburagi,Cybercrime,5,5,6,7.71,4
2026-07-11 05:00:00,Bengaluru Urban,Burglary,5,5,8,1.69,10
2026-07-11 05:00:00,Udupi,Assault,5,5,25,2.27,3
2026-07-11 05:00:00,Bengaluru Urban,Cybercrime,5,5,32,8.96,10
2026-07-11 06:00:00,Belagavi,Theft,6,5,8,8.72,3
2026-07-11 06:00:00,Kalaburagi,Fraud,6,5,18,7.35,5
2026-07-11 07:00:00,Hubballi-Dharwad,Theft,7,5,8,6.01,4
2026-07-11 08:00:00,Shivamogga,Fraud,8,5,28,6.01,7
2026-07-11 09:00:00,Hubballi-Dharwad,Burglary,9,5,15,6.19,5
2026-07-11 11:00:00,Shivamogga,Burglary,11,5,8,8.58,5
2026-07-11 11:00:00,Shivamogga,Assault,11,5,22,1.26,4
2026-07-11 12:00:00,Mysuru,Assault,12,5,6,1.79,2
2026-07-11 13:00:00,Bengaluru Urban,Fraud,13,5,5,2.6,6
2026-07-11 13:00:00,Ballari,Fraud,13,5,14,8.85,5
2026-07-11 13:00:00,Bengaluru Urban,Burglary,13,5,11,4.64,6
2026-07-11 15:00:00,Udupi,Cybercrime,15,5,6,7.44,5
2026-07-11 15:00:00,Hubballi-Dharwad,Assault,15,5,35,4.48,7
2026-07-11 16:00:00,Kalaburagi,Theft,16,5,26,4.15,6
2026-07-11 16:00:00,Mangaluru,Theft,16,5,33,4.18,6
2026-07-11 16:00:00,Udupi,Theft,16,5,14,4.51,4
2026-07-11 18:00:00,Hubballi-Dharwad,Fraud,18,5,3,8.07,3
2026-07-11 18:00:00,Udupi,Burglary,18,5,41,7.01,9
2026-07-11 18:00:00,Hubballi-Dharwad,Assault,18,5,37,1.73,7
2026-07-11 19:00:00,Belagavi,Theft,19,5,5,1.26,2
2026-07-11 19:00:00,Mangaluru,Fraud,19,5,26,8.74,6
2026-07-11 19:00:00,Bengaluru Urban,Cybercrime,19,5,23,5.79,9
2026-07-11 19:00:00,Ballari,Burglary,19,5,43,6.12,6
2026-07-11 19:00:00,Mysuru,Theft,19,5,17,6.15,5
2026-07-11 19:00:00,Belagavi,Assault,19,5,23,1.32,7
2026-07-11 20:00:00,Mangaluru,Theft,20,5,42,3.55,6
2026-07-11 20:00:00,Davanagere,Burglary,20,5,9,8.72,4
2026-07-11 20:00:00,Shivamogga,Cybercrime,20,5,36,3.32,5
2026-07-11 22:00:00,Davanagere,Assault,22,5,9,1.61,5
2026-07-11 23:00:00,Davanagere,Assault,23,5,18,2.54,5
2026-07-11 23:00:00,Belagavi,Cybercrime,23,5,37,8.27,7
2026-07-11 23:00:00,Bengaluru Urban,Burglary,23,5,18,8.55,9
2026-07-12 00:00:00,Udupi,Cybercrime,0,6,41,7.01,7
2026-07-12 01:00:00,Mysuru,Fraud,1,6,11,7.92,4
2026-07-12 01:00:00,Shivamogga,Theft,1,6,16,6.71,9
2026-07-12 01:00:00,Davanagere,Theft,1,6,25,8.58,10
2026-07-12 01:00:00,Mysuru,Fraud,1,6,6,4.74,3
2026-07-12 01:00:00,Mangaluru,Cybercrime,1,6,23,6.77,7
2026-07-12 03:00:00,Udupi,Burglary,3,6,25,5.71,11
2026-07-12 03:00:00,Davanagere,Burglary,3,6,32,4.68,9
2026-07-12 04:00:00,Mysuru,Fraud,4,6,43,4.34,6
2026-07-12 04:00:00,Udupi,Theft,4,6,40,7.21,11
2026-07-12 04:00:00,Kalaburagi,Cybercrime,4,6,18,1.78,3
2026-07-12 05:00:00,Belagavi,Fraud,5,6,13,2.78,4
2026-07-12 05:00:00,Ballari,Cybercrime,5,6,24,8.28,7
2026-07-12 05:00:00,Udupi,Burglary,5,6,10,4.29,4
2026-07-12 05:00:00,Belagavi,Fraud,5,6,36,5.73,8
2026-07-12 05:00:00,Bengaluru Urban,Fraud,5,6,32,7.42,10
2026-07-12 05:00:00,Mangaluru,Cybercrime,5,6,18,2.07,3
2026-07-12 05:00:00,Bengaluru Urban,Assault,5,6,5,3.91,8
2026-07-12 06:00:00,Mangaluru,Burglary,6,6,25,3.96,4
2026-07-12 06:00:00,Belagavi,Fraud,6,6,43,7.04,8
2026-07-12 07:00:00,Udupi,Theft,7,6,17,3.19,3
2026-07-12 07:00:00,Hubballi-Dharwad,Assault,7,6,3,4.58,3
2026-07-12 08:00:00,Davanagere,Fraud,8,6,25,7.69,6
2026-07-12 08:00:00,Udupi,Fraud,8,6,31,6.24,7
2026-07-12 08:00:00,Kalaburagi,Fraud,8,6,2,9.5,4
2026-07-12 09:00:00,Udupi,Fraud,9,6,43,3.94,7
2026-07-12 09:00:00,Bengaluru Urban,Fraud,9,6,23,4.96,8
2026-07-12 10:00:00,Udupi,Burglary,10,6,17,7.59,6
2026-07-12 11:00:00,Udupi,Assault,11,6,28,3.71,5
2026-07-12 11:00:00,Udupi,Fraud,11,6,9,3.58,5
2026-07-12 11:00:00,Belagavi,Fraud,11,6,43,1.59,8
2026-07-12 11:00:00,Hubballi-Dharwad,Theft,11,6,22,9.21,5
2026-07-12 11:00:00,Kalaburagi,Cybercrime,11,6,30,6.96,11
2026-07-12 12:00:00,Belagavi,Burglary,12,6,3,5.39,4
2026-07-12 13:00:00,Kalaburagi,Burglary,13,6,16,6.29,5
2026-07-12 13:00:00,Kalaburagi,Cybercrime,13,6,33,7.69,9
2026-07-12 15:00:00,Mangaluru,Assault,15,6,10,5.95,5
2026-07-12 15:00:00,Shivamogga,Theft,15,6,3,2.17,2
2026-07-12 16:00:00,Udupi,Burglary,16,6,19,7.28,4
2026-07-12 16:00:00,Bengaluru Urban,Theft,16,6,13,6.96,9
2026-07-12 16:00:00,Belagavi,Cybercrime,16,6,24,6.12,10
2026-07-12 16:00:00,Mangaluru,Cybercrime,16,6,9,3.66,5
2026-07-12 17:00:00,Bengaluru Urban,Fraud,17,6,35,6.32,10
2026-07-12 17:00:00,Ballari,Theft,17,6,39,4.39,7
2026-07-12 17:00:00,Hubballi-Dharwad,Burglary,17,6,42,3.14,6
2026-07-12 18:00:00,Mysuru,Cybercrime,18,6,22,5.05,6
2026-07-12 20:00:00,Belagavi,Burglary,20,6,20,1.3,5
2026-07-12 20:00:00,Hubballi-Dharwad,Theft,20,6,15,8.7,5
2026-07-12 20:00:00,Davanagere,Assault,20,6,23,6.22,8
2026-07-12 20:00:00,Bengaluru Urban,Assault,20,6,8,7.07,9
2026-07-12 20:00:00,Belagavi,Fraud,20,6,34,1.28,5
2026-07-12 20:00:00,Ballari,Cybercrime,20,6,9,7.56,4
2026-07-12 20:00:00,Udupi,Assault,20,6,20,6.55,8
2026-07-12 21:00:00,Shivamogga,Fraud,21,6,17,8.42,6
2026-07-12 21:00:00,Davanagere,Assault,21,6,24,8.88,9
2026-07-12 21:00:00,Udupi,Fraud,21,6,35,2.58,7
2026-07-12 22:00:00,Shivamogga,Assault,22,6,40,7.47,11
2026-07-12 22:00:00,Davanagere,Assault,22,6,33,6.2,9
2026-07-12 22:00:00,Bengaluru Urban,Burglary,22,6,30,7.37,9
2026-07-12 22:00:00,Bengaluru Urban,Cybercrime,22,6,37,5.16,9
2026-07-12 23:00:00,Davanagere,Theft,23,6,29,8.68,5
2026-07-12 23:00:00,Hubballi-Dharwad,Burglary,23,6,12,4.09,2
2026-07-13 00:00:00,Bengaluru Urban,Cybercrime,0,0,34,2.62,8
2026-07-13 00:00:00,Udupi,Cybercrime,0,0,42,7.2,7
2026-07-13 01:00:00,Davanagere,Fraud,1,0,21,2.99,4
2026-07-13 01:00:00,Bengaluru Urban,Cybercrime,1,0,18,5.51,9
2026-07-13 02:00:00,Shivamogga,Fraud,2,0,35,2.74,7
2026-07-13 02:00:00,Hubballi-Dharwad,Cybercrime,2,0,40,6.17,8
2026-07-13 04:00:00,Hubballi-Dharwad,Fraud,4,0,21,2.48,4
2026-07-13 04:00:00,Hubballi-Dharwad,Burglary,4,0,33,4.98,9
2026-07-13 04:00:00,Udupi,Assault,4,0,33,2.77,7
2026-07-13 04:00:00,Shivamogga,Fraud,4,0,13,2.44,3
2026-07-13 04:00:00,Davanagere,Assault,4,0,37,8.43,8
2026-07-13 05:00:00,Davanagere,Theft,5,0,19,4.74,8
2026-07-13 05:00:00,Hubballi-Dharwad,Burglary,5,0,32,8.09,10
2026-07-13 05:00:00,Hubballi-Dharwad,Cybercrime,5,0,7,5.23,4
2026-07-13 05:00:00,Davanagere,Cybercrime,5,0,3,1.76,2
2026-07-13 06:00:00,Shivamogga,Assault,6,0,35,8.73,7
2026-07-13 06:00:00,Ballari,Theft,6,0,27,4.41,6
2026-07-13 06:00:00,Mysuru,Theft,6,0,40,3.17,7
2026-07-13 06:00:00,Kalaburagi,Assault,6,0,37,1.82,6
2026-07-13 07:00:00,Bengaluru Urban,Cybercrime,7,0,2,5.16,6
2026-07-13 07:00:00,Ballari,Assault,7,0,32,3.28,6
2026-07-13 08:00:00,Mangaluru,Theft,8,0,38,8.86,8
2026-07-13 09:00:00,Davanagere,Assault,9,0,39,3.15,7
2026-07-13 09:00:00,Ballari,Fraud,9,0,11,5.4,3
2026-07-13 10:00:00,Ballari,Fraud,10,0,16,6.34,5
2026-07-13 11:00:00,Davanagere,Theft,11,0,4,2.13,3
2026-07-13 11:00:00,Davanagere,Theft,11,0,38,2.38,4
2026-07-13 11:00:00,Mysuru,Cybercrime,11,0,10,9.27,8
2026-07-13 12:00:00,Ballari,Theft,12,0,36,6.78,8
2026-07-13 13:00:00,Davanagere,Assault,13,0,38,8.38,7
2026-07-13 14:00:00,Davanagere,Assault,14,0,14,8.66,6
2026-07-13 15:00:00,Kalaburagi,Cybercrime,15,0,11,7.75,6
2026-07-13 15:00:00,Belagavi,Theft,15,0,2,2.34,2
2026-07-13 15:00:00,Mangaluru,Cybercrime,15,0,19,4.81,6
2026-07-13 15:00:00,Udupi,Fraud,15,0,29,2.49,4
2026-07-13 16:00:00,Davanagere,Burglary,16,0,31,3.23,6
2026-07-13 17:00:00,Davanagere,Assault,17,0,29,5.54,5
2026-07-13 17:00:00,Mysuru,Burglary,17,0,29,7.75,7
2026-07-13 17:00:00,Shivamogga,Cybercrime,17,0,43,1.41,7
2026-07-13 17:00:00,Davanagere,Cybercrime,17,0,6,5.25,2
2026-07-13 17:00:00,Ballari,Assault,17,0,40,4.71,6
2026-07-13 17:00:00,Belagavi,Theft,17,0,13,6.83,5
2026-07-13 18:00:00,Mangaluru,Theft,18,0,37,3.37,6
2026-07-13 18:00:00,Mysuru,Fraud,18,0,31,1.5,5
2026-07-13 19:00:00,Mysuru,Fraud,19,0,28,4.54,6
2026-07-13 19:00:00,Mysuru,Fraud,19,0,2,5.62,3
2026-07-13 19:00:00,Udupi,Fraud,19,0,13,1.81,3
2026-07-13 20:00:00,Belagavi,Fraud,20,0,20,8.21,5
2026-07-13 20:00:00,Mysuru,Burglary,20,0,18,5.41,5
2026-07-13 22:00:00,Hubballi-Dharwad,Burglary,22,0,8,3.82,3
2026-07-13 22:00:00,Ballari,Cybercrime,22,0,22,1.44,4
2026-07-13 22:00:00,Belagavi,Theft,22,0,38,5.82,6
2026-07-13 22:00:00,Davanagere,Fraud,22,0,16,5.34,5
2026-07-13 22:00:00,Mysuru,Fraud,22,0,25,4.59,6
2026-07-13 22:00:00,Ballari,Cybercrime,22,0,43,4.92,7
2026-07-13 23:00:00,Mangaluru,Theft,23,0,37,3.27,7
2026-07-13 23:00:00,Kalaburagi,Fraud,23,0,43,7.42,8
2026-07-14 00:00:00,Shivamogga,Cybercrime,0,1,4,5.78,3
2026-07-14 00:00:00,Mangaluru,Fraud,0,1,28,1.31,2
2026-07-14 01:00:00,Mysuru,Assault,1,1,37,8.77,9
2026-07-14 01:00:00,Mysuru,Fraud,1,1,32,4.55,6
2026-07-14 02:00:00,Kalaburagi,Assault,2,1,19,7.93,5
2026-07-14 02:00:00,Belagavi,Assault,2,1,31,2.32,5
2026-07-14 02:00:00,Bengaluru Urban,Cybercrime,2,1,35,7.26,11
2026-07-14 03:00:00,Kalaburagi,Cybercrime,3,1,4,3.7,4
2026-07-14 03:00:00,Ballari,Burglary,3,1,32,3.11,8
2026-07-14 04:00:00,Ballari,Burglary,4,1,13,6.06,7
2026-07-14 05:00:00,Shivamogga,Assault,5,1,38,6.49,8
2026-07-14 05:00:00,Ballari,Cybercrime,5,1,42,6.02,7
2026-07-14 05:00:00,Mysuru,Burglary,5,1,5,9.3,8
2026-07-14 05:00:00,Mangaluru,Theft,5,1,33,7.06,12
2026-07-14 05:00:00,Shivamogga,Assault,5,1,32,5.28,6
2026-07-14 06:00:00,Ballari,Fraud,6,1,42,4.26,9
2026-07-14 06:00:00,Mangaluru,Theft,6,1,37,3.21,7
2026-07-14 06:00:00,Shivamogga,Assault,6,1,9,7.79,5
2026-07-14 06:00:00,Davanagere,Assault,6,1,36,3.26,7
2026-07-14 06:00:00,Hubballi-Dharwad,Fraud,6,1,10,7.38,5
2026-07-14 08:00:00,Kalaburagi,Theft,8,1,9,6.73,4
2026-07-14 08:00:00,Belagavi,Fraud,8,1,38,9.05,9
2026-07-14 09:00:00,Kalaburagi,Burglary,9,1,43,8.35,8
2026-07-14 09:00:00,Udupi,Fraud,9,1,28,1.42,5
2026-07-14 09:00:00,Mangaluru,Cybercrime,9,1,36,1.46,5
2026-07-14 09:00:00,Kalaburagi,Theft,9,1,27,8.08,8
2026-07-14 10:00:00,Shivamogga,Fraud,10,1,15,6.06,4
2026-07-14 11:00:00,Davanagere,Assault,11,1,5,7.95,4
2026-07-14 12:00:00,Ballari,Burglary,12,1,22,3.62,5
2026-07-14 12:00:00,Mysuru,Theft,12,1,18,3.34,4
2026-07-14 12:00:00,Hubballi-Dharwad,Theft,12,1,37,8.65,8
2026-07-14 13:00:00,Mysuru,Theft,13,1,30,7.78,6
2026-07-14 14:00:00,Kalaburagi,Cybercrime,14,1,44,3.35,10
2026-07-14 14:00:00,Kalaburagi,Burglary,14,1,36,8.41,9
2026-07-14 14:00:00,Bengaluru Urban,Theft,14,1,27,7.33,10
2026-07-14 14:00:00,Ballari,Assault,14,1,37,9.27,7
2026-07-14 15:00:00,Mangaluru,Assault,15,1,32,1.73,5
2026-07-14 15:00:00,Belagavi,Assault,15,1,22,8.46,5
2026-07-14 16:00:00,Davanagere,Cybercrime,16,1,10,6.88,7
2026-07-14 16:00:00,Kalaburagi,Cybercrime,16,1,39,6.93,11
2026-07-14 17:00:00,Mangaluru,Assault,17,1,36,5.5,9
2026-07-14 18:00:00,Mangaluru,Burglary,18,1,42,4.71,7
2026-07-14 18:00:00,Mysuru,Cybercrime,18,1,3,8.09,4
2026-07-14 18:00:00,Shivamogga,Burglary,18,1,3,5.59,3
2026-07-14 18:00:00,Mysuru,Burglary,18,1,30,7.97,6
2026-07-14 19:00:00,Mysuru,Burglary,19,1,35,7.84,6
2026-07-14 19:00:00,Kalaburagi,Theft,19,1,39,2.29,5
2026-07-14 19:00:00,Hubballi-Dharwad,Fraud,19,1,36,6.51,7
2026-07-14 19:00:00,Davanagere,Burglary,19,1,22,3.25,5
2026-07-14 20:00:00,Bengaluru Urban,Cybercrime,20,1,43,2.18,10
2026-07-14 20:00:00,Shivamogga,Fraud,20,1,19,2.42,4
2026-07-14 20:00:00,Shivamogga,Cybercrime,20,1,22,7.29,4
2026-07-14 21:00:00,Mangaluru,Burglary,21,1,36,7.31,7
2026-07-14 22:00:00,Bengaluru Urban,Fraud,22,1,8,5.36,8
2026-07-14 23:00:00,Bengaluru Urban,Fraud,23,1,26,7.45,9
2026-07-14 23:00:00,Kalaburagi,Cybercrime,23,1,6,9.43,5
2026-07-14 23:00:00,Mysuru,Fraud,23,1,16,2.25,5
2026-07-15 00:00:00,Shivamogga,Cybercrime,0,2,31,8.69,7
2026-07-15 00:00:00,Bengaluru Urban,Theft,0,2,34,4.32,13
2026-07-15 00:00:00,Udupi,Cybercrime,0,2,29,2.34,6
2026-07-15 00:00:00,Ballari,Assault,0,2,31,2.21,5
2026-07-15 00:00:00,Bengaluru Urban,Assault,0,2,32,8.28,10
2026-07-15 00:00:00,Bengaluru Urban,Burglary,0,2,27,7.13,13
2026-07-15 00:00:00,Hubballi-Dharwad,Assault,0,2,34,5.2,8
2026-07-15 01:00:00,Bengaluru Urban,Cybercrime,1,2,35,7.98,12
2026-07-15 01:00:00,Belagavi,Theft,1,2,39,3.69,9
2026-07-15 02:00:00,Davanagere,Cybercrime,2,2,39,1.64,7
2026-07-15 02:00:00,Udupi,Assault,2,2,40,3.77,7
2026-07-15 02:00:00,Mysuru,Assault,2,2,40,2.32,6
2026-07-15 02:00:00,Mangaluru,Theft,2,2,3,6.26,7
2026-07-15 03:00:00,Ballari,Burglary,3,2,27,4.0,8
2026-07-15 03:00:00,Udupi,Assault,3,2,22,2.92,4
2026-07-15 03:00:00,Kalaburagi,Fraud,3,2,43,2.36,6
2026-07-15 03:00:00,Udupi,Cybercrime,3,2,31,9.24,9
2026-07-15 04:00:00,Belagavi,Theft,4,2,18,8.73,9
2026-07-15 04:00:00,Davanagere,Cybercrime,4,2,38,2.93,7
2026-07-15 05:00:00,Mysuru,Assault,5,2,21,5.82,5
2026-07-15 05:00:00,Bengaluru Urban,Assault,5,2,2,8.26,6
2026-07-15 05:00:00,Hubballi-Dharwad,Cybercrime,5,2,42,9.14,8
2026-07-15 07:00:00,Bengaluru Urban,Burglary,7,2,32,9.49,9
2026-07-15 08:00:00,Belagavi,Cybercrime,8,2,26,4.11,6
2026-07-15 08:00:00,Kalaburagi,Burglary,8,2,7,4.88,4
2026-07-15 08:00:00,Kalaburagi,Assault,8,2,35,2.52,7
2026-07-15 09:00:00,Udupi,Cybercrime,9,2,27,5.8,7
2026-07-15 09:00:00,Belagavi,Burglary,9,2,33,9.21,8
2026-07-15 10:00:00,Ballari,Fraud,10,2,10,1.29,2
2026-07-15 10:00:00,Shivamogga,Assault,10,2,23,7.39,6
2026-07-15 11:00:00,Ballari,Cybercrime,11,2,19,8.59,9
2026-07-15 12:00:00,Davanagere,Burglary,12,2,17,6.25,4
2026-07-15 12:00:00,Kalaburagi,Theft,12,2,5,3.55,3
2026-07-15 12:00:00,Kalaburagi,Cybercrime,12,2,17,3.4,8
2026-07-15 13:00:00,Bengaluru Urban,Fraud,13,2,5,5.69,7
2026-07-15 14:00:00,Shivamogga,Burglary,14,2,34,2.04,7
2026-07-15 14:00:00,Belagavi,Burglary,14,2,17,4.12,4
2026-07-15 15:00:00,Belagavi,Cybercrime,15,2,17,7.14,7
2026-07-15 15:00:00,Belagavi,Assault,15,2,10,1.33,2
2026-07-15 15:00:00,Davanagere,Fraud,15,2,4,4.56,4
2026-07-15 16:00:00,Bengaluru Urban,Fraud,16,2,10,7.31,7
2026-07-15 16:00:00,Hubballi-Dharwad,Assault,16,2,23,2.98,4
2026-07-15 16:00:00,Bengaluru Urban,Assault,16,2,26,5.23,8
2026-07-15 17:00:00,Udupi,Fraud,17,2,3,2.44,2
2026-07-15 17:00:00,Kalaburagi,Fraud,17,2,43,3.64,7
2026-07-15 18:00:00,Ballari,Fraud,18,2,28,6.31,5
2026-07-15 18:00:00,Bengaluru Urban,Fraud,18,2,2,4.7,5
2026-07-15 19:00:00,Mysuru,Burglary,19,2,15,1.46,3
2026-07-15 19:00:00,Shivamogga,Cybercrime,19,2,29,6.18,6
2026-07-15 19:00:00,Hubballi-Dharwad,Fraud,19,2,41,4.76,8
2026-07-15 20:00:00,Kalaburagi,Theft,20,2,41,2.85,7
2026-07-15 21:00:00,Mangaluru,Burglary,21,2,36,4.1,7
2026-07-15 21:00:00,Bengaluru Urban,Fraud,21,2,16,5.11,7
2026-07-15 21:00:00,Ballari,Fraud,21,2,40,7.08,8
2026-07-15 22:00:00,Hubballi-Dharwad,Assault,22,2,21,8.3,9
2026-07-15 22:00:00,Mysuru,Assault,22,2,40,8.02,10
2026-07-15 22:00:00,Shivamogga,Assault,22,2,11,9.27,7
2026-07-15 23:00:00,Ballari,Cybercrime,23,2,26,9.44,6
2026-07-16 00:00:00,Kalaburagi,Burglary,0,3,37,4.71,10
2026-07-16 00:00:00,Belagavi,Cybercrime,0,3,2,5.32,3
2026-07-16 00:00:00,Bengaluru Urban,Fraud,0,3,3,4.5,6
2026-07-16 01:00:00,Ballari,Cybercrime,1,3,9,5.52,4
2026-07-16 01:00:00,Mysuru,Fraud,1,3,13,5.11,5
2026-07-16 03:00:00,Bengaluru Urban,Theft,3,3,17,4.57,9
2026-07-16 05:00:00,Davanagere,Burglary,5,3,31,3.31,8
2026-07-16 05:00:00,Shivamogga,Cybercrime,5,3,28,5.98,7
2026-07-16 05:00:00,Mangaluru,Fraud,5,3,32,3.01,7
2026-07-16 05:00:00,Belagavi,Fraud,5,3,9,7.63,5
2026-07-16 05:00:00,Mangaluru,Theft,5,3,3,6.2,6
2026-07-16 05:00:00,Mangaluru,Fraud,5,3,34,5.69,7
2026-07-16 05:00:00,Bengaluru Urban,Burglary,5,3,37,9.08,13
2026-07-16 06:00:00,Shivamogga,Theft,6,3,37,5.28,5
2026-07-16 06:00:00,Davanagere,Burglary,6,3,13,6.58,5
2026-07-16 07:00:00,Shivamogga,Theft,7,3,13,3.6,5
2026-07-16 07:00:00,Hubballi-Dharwad,Fraud,7,3,42,8.98,8
2026-07-16 07:00:00,Mangaluru,Fraud,7,3,38,1.66,7
2026-07-16 08:00:00,Shivamogga,Assault,8,3,6,8.78,5
2026-07-16 08:00:00,Ballari,Assault,8,3,10,2.34,1
2026-07-16 09:00:00,Kalaburagi,Cybercrime,9,3,38,6.59,8
2026-07-16 09:00:00,Belagavi,Burglary,9,3,43,8.93,8
2026-07-16 09:00:00,Kalaburagi,Burglary,9,3,31,2.3,5
2026-07-16 09:00:00,Davanagere,Burglary,9,3,17,7.71,7
2026-07-16 09:00:00,Shivamogga,Cybercrime,9,3,30,9.41,7
2026-07-16 09:00:00,Shivamogga,Cybercrime,9,3,14,9.34,5
2026-07-16 10:00:00,Shivamogga,Cybercrime,10,3,37,8.78,11
2026-07-16 10:00:00,Kalaburagi,Burglary,10,3,26,5.18,6
2026-07-16 11:00:00,Belagavi,Burglary,11,3,12,7.74,7
2026-07-16 11:00:00,Mangaluru,Cybercrime,11,3,28,8.57,9
2026-07-16 11:00:00,Hubballi-Dharwad,Fraud,11,3,5,7.89,3
2026-07-16 11:00:00,Davanagere,Fraud,11,3,25,7.28,7
2026-07-16 12:00:00,Shivamogga,Assault,12,3,5,5.62,4
2026-07-16 12:00:00,Mangaluru,Assault,12,3,25,5.84,6
2026-07-16 12:00:00,Kalaburagi,Cybercrime,12,3,4,2.51,4
2026-07-16 12:00:00,Davanagere,Theft,12,3,42,7.35,8
2026-07-16 13:00:00,Ballari,Burglary,13,3,36,2.44,5
2026-07-16 14:00:00,Ballari,Cybercrime,14,3,29,5.66,8
2026-07-16 14:00:00,Ballari,Theft,14,3,20,4.34,4
2026-07-16 15:00:00,Mysuru,Assault,15,3,42,6.3,8
2026-07-16 15:00:00,Bengaluru Urban,Theft,15,3,5,4.64,5
2026-07-16 15:00:00,Davanagere,Assault,15,3,2,3.47,2
2026-07-16 17:00:00,Udupi,Cybercrime,17,3,40,5.51,8
2026-07-16 17:00:00,Udupi,Cybercrime,17,3,3,6.14,2
2026-07-16 18:00:00,Davanagere,Cybercrime,18,3,18,6.31,5
2026-07-16 18:00:00,Mangaluru,Assault,18,3,3,7.49,4
2026-07-16 18:00:00,Shivamogga,Burglary,18,3,11,4.39,4
2026-07-16 20:00:00,Udupi,Cybercrime,20,3,8,6.88,4
2026-07-16 20:00:00,Mysuru,Cybercrime,20,3,18,9.47,6
2026-07-16 20:00:00,Shivamogga,Theft,20,3,18,3.11,4
2026-07-16 21:00:00,Mysuru,Burglary,21,3,41,3.97,7
2026-07-16 21:00:00,Mysuru,Theft,21,3,3,3.25,2
2026-07-16 21:00:00,Udupi,Fraud,21,3,40,5.03,7
2026-07-16 21:00:00,Belagavi,Burglary,21,3,41,7.58,7
2026-07-16 22:00:00,Kalaburagi,Cybercrime,22,3,13,2.8,4
2026-07-16 22:00:00,Udupi,Theft,22,3,2,9.38,4
2026-07-16 23:00:00,Davanagere,Burglary,23,3,33,8.23,7
2026-07-16 23:00:00,Mangaluru,Fraud,23,3,38,9.3,7
2026-07-16 23:00:00,Mysuru,Burglary,23,3,19,2.25,5
2026-07-16 23:00:00,Bengaluru Urban,Theft,23,3,29,9.25,11
2026-07-16 23:00:00,Udupi,Fraud,23,3,29,8.88,7
2026-07-16 23:00:00,Hubballi-Dharwad,Assault,23,3,7,2.39,5
2026-07-17 00:00:00,Hubballi-Dharwad,Fraud,0,4,17,8.11,6
2026-07-17 00:00:00,Bengaluru Urban,Cybercrime,0,4,31,4.3,10
2026-07-17 00:00:00,Belagavi,Cybercrime,0,4,31,7.81,6
2026-07-17 00:00:00,Mysuru,Cybercrime,0,4,6,9.4,5
2026-07-17 00:00:00,Ballari,Assault,0,4,21,1.45,4
2026-07-17 01:00:00,Hubballi-Dharwad,Burglary,1,4,39,3.44,9
2026-07-17 02:00:00,Belagavi,Burglary,2,4,25,4.52,8
2026-07-17 02:00:00,Bengaluru Urban,Fraud,2,4,25,6.43,8
2026-07-17 04:00:00,Belagavi,Burglary,4,4,8,5.98,8
2026-07-17 04:00:00,Hubballi-Dharwad,Assault,4,4,13,5.27,2
2026-07-17 04:00:00,Ballari,Theft,4,4,4,2.19,3
2026-07-17 05:00:00,Ballari,Cybercrime,5,4,22,8.56,7
2026-07-17 05:00:00,Davanagere,Fraud,5,4,31,6.83,6
2026-07-17 06:00:00,Ballari,Assault,6,4,6,4.19,1
2026-07-17 07:00:00,Udupi,Burglary,7,4,12,3.34,4
2026-07-17 08:00:00,Mangaluru,Assault,8,4,35,5.32,8
2026-07-17 08:00:00,Mysuru,Theft,8,4,27,2.3,5
2026-07-17 09:00:00,Udupi,Burglary,9,4,23,2.64,5
2026-07-17 09:00:00,Kalaburagi,Fraud,9,4,37,6.33,8
2026-07-17 10:00:00,Bengaluru Urban,Fraud,10,4,26,3.95,9
2026-07-17 11:00:00,Belagavi,Cybercrime,11,4,37,6.83,11
2026-07-17 12:00:00,Davanagere,Assault,12,4,9,6.25,4
2026-07-17 12:00:00,Hubballi-Dharwad,Cybercrime,12,4,29,7.16,8
2026-07-17 13:00:00,Udupi,Fraud,13,4,12,1.92,3
2026-07-17 13:00:00,Bengaluru Urban,Burglary,13,4,33,4.88,10
2026-07-17 15:00:00,Kalaburagi,Theft,15,4,16,6.19,3
2026-07-17 15:00:00,Udupi,Cybercrime,15,4,38,7.55,9
2026-07-17 15:00:00,Ballari,Assault,15,4,5,8.77,5
2026-07-17 15:00:00,Shivamogga,Burglary,15,4,16,2.8,4
2026-07-17 16:00:00,Mangaluru,Burglary,16,4,41,2.27,8
2026-07-17 16:00:00,Mysuru,Theft,16,4,20,9.02,6
2026-07-17 17:00:00,Kalaburagi,Cybercrime,17,4,33,5.05,8
2026-07-17 18:00:00,Mangaluru,Cybercrime,18,4,18,8.7,4
2026-07-17 18:00:00,Mangaluru,Assault,18,4,19,2.87,4
2026-07-17 19:00:00,Hubballi-Dharwad,Cybercrime,19,4,40,6.22,9
2026-07-17 19:00:00,Davanagere,Fraud,19,4,42,2.87,7
2026-07-17 19:00:00,Davanagere,Assault,19,4,13,4.05,7
2026-07-17 20:00:00,Davanagere,Theft,20,4,32,7.94,6
2026-07-17 20:00:00,Mangaluru,Cybercrime,20,4,35,3.52,6
2026-07-17 20:00:00,Davanagere,Burglary,20,4,26,4.47,5
2026-07-17 21:00:00,Davanagere,Assault,21,4,31,8.72,9
2026-07-17 21:00:00,Mysuru,Burglary,21,4,34,6.26,8
2026-07-17 21:00:00,Shivamogga,Fraud,21,4,9,5.47,4
2026-07-17 21:00:00,Mangaluru,Fraud,21,4,12,8.94,5
2026-07-17 22:00:00,Hubballi-Dharwad,Burglary,22,4,32,2.0,6
2026-07-17 23:00:00,Mangaluru,Assault,23,4,44,1.81,11
2026-07-17 23:00:00,Mysuru,Theft,23,4,39,6.49,8
2026-07-18 00:00:00,Ballari,Assault,0,5,29,7.38,6
2026-07-18 00:00:00,Mangaluru,Theft,0,5,38,3.19,8
2026-07-18 01:00:00,Mangaluru,Theft,1,5,21,4.54,9
2026-07-18 01:00:00,Davanagere,Theft,1,5,18,6.1,8
2026-07-18 02:00:00,Hubballi-Dharwad,Theft,2,5,17,6.49,9
2026-07-18 03:00:00,Belagavi,Cybercrime,3,5,8,3.28,4
2026-07-18 03:00:00,Udupi,Cybercrime,3,5,23,1.29,5
2026-07-18 04:00:00,Davanagere,Cybercrime,4,5,42,4.46,7
2026-07-18 04:00:00,Ballari,Theft,4,5,6,2.72,5
2026-07-18 04:00:00,Shivamogga,Theft,4,5,39,4.0,10
2026-07-18 05:00:00,Hubballi-Dharwad,Cybercrime,5,5,41,4.4,8
2026-07-18 05:00:00,Hubballi-Dharwad,Cybercrime,5,5,18,8.81,5
2026-07-18 06:00:00,Shivamogga,Burglary,6,5,5,3.41,4
2026-07-18 07:00:00,Belagavi,Burglary,7,5,41,5.06,8
2026-07-18 08:00:00,Hubballi-Dharwad,Theft,8,5,19,1.63,4
2026-07-18 08:00:00,Belagavi,Burglary,8,5,34,1.47,6
2026-07-18 08:00:00,Mysuru,Cybercrime,8,5,12,1.99,2
2026-07-18 08:00:00,Bengaluru Urban,Assault,8,5,20,2.79,9
2026-07-18 09:00:00,Belagavi,Cybercrime,9,5,30,5.96,7
2026-07-18 10:00:00,Mangaluru,Theft,10,5,37,3.8,7
2026-07-18 10:00:00,Mysuru,Theft,10,5,32,7.53,6
2026-07-18 10:00:00,Udupi,Assault,10,5,15,4.96,4
2026-07-18 10:00:00,Ballari,Fraud,10,5,6,7.91,5
2026-07-18 10:00:00,Davanagere,Fraud,10,5,15,2.23,3
2026-07-18 10:00:00,Kalaburagi,Theft,10,5,17,4.5,5
2026-07-18 11:00:00,Mysuru,Theft,11,5,42,5.89,7
2026-07-18 12:00:00,Ballari,Burglary,12,5,13,5.78,4
2026-07-18 13:00:00,Hubballi-Dharwad,Theft,13,5,35,8.32,7
2026-07-18 13:00:00,Hubballi-Dharwad,Fraud,13,5,41,1.9,6
2026-07-18 13:00:00,Bengaluru Urban,Burglary,13,5,31,1.54,7
2026-07-18 13:00:00,Bengaluru Urban,Assault,13,5,27,3.53,9
2026-07-18 14:00:00,Belagavi,Burglary,14,5,38,7.83,9
2026-07-18 14:00:00,Ballari,Assault,14,5,19,3.02,4
2026-07-18 14:00:00,Davanagere,Fraud,14,5,33,5.1,7
2026-07-18 15:00:00,Belagavi,Assault,15,5,38,5.54,8
2026-07-18 15:00:00,Mysuru,Theft,15,5,24,6.66,6
2026-07-18 15:00:00,Mangaluru,Theft,15,5,32,4.84,6
2026-07-18 15:00:00,Bengaluru Urban,Assault,15,5,14,2.03,8
2026-07-18 18:00:00,Shivamogga,Assault,18,5,21,2.75,4
2026-07-18 18:00:00,Davanagere,Cybercrime,18,5,17,6.8,4
2026-07-18 19:00:00,Mysuru,Cybercrime,19,5,28,9.49,9
2026-07-18 19:00:00,Shivamogga,Assault,19,5,22,1.85,7
2026-07-18 19:00:00,Mysuru,Assault,19,5,11,4.23,4
2026-07-18 20:00:00,Udupi,Cybercrime,20,5,22,9.03,7
2026-07-18 20:00:00,Ballari,Burglary,20,5,8,5.6,3
2026-07-18 20:00:00,Udupi,Assault,20,5,2,8.55,6
2026-07-18 20:00:00,Hubballi-Dharwad,Theft,20,5,20,3.73,6
2026-07-18 21:00:00,Bengaluru Urban,Cybercrime,21,5,25,8.84,11
2026-07-18 21:00:00,Belagavi,Burglary,21,5,19,2.71,3
2026-07-18 22:00:00,Udupi,Theft,22,5,6,4.34,3
2026-07-18 22:00:00,Kalaburagi,Cybercrime,22,5,43,1.43,6
2026-07-18 22:00:00,Kalaburagi,Burglary,22,5,2,3.62,2
2026-07-18 22:00:00,Mysuru,Assault,22,5,13,2.63,5
2026-07-18 23:00:00,Hubballi-Dharwad,Cybercrime,23,5,2,1.96,3
2026-07-19 00:00:00,Udupi,Theft,0,6,16,1.52,6
2026-07-19 01:00:00,Mangaluru,Assault,1,6,38,5.53,8
2026-07-19 01:00:00,Bengaluru Urban,Cybercrime,1,6,42,8.58,11
2026-07-19 01:00:00,Bengaluru Urban,Assault,1,6,25,8.92,10
2026-07-19 02:00:00,Mangaluru,Cybercrime,2,6,32,2.11,5
2026-07-19 02:00:00,Mangaluru,Burglary,2,6,42,6.78,10
2026-07-19 02:00:00,Bengaluru Urban,Cybercrime,2,6,15,1.87,7
2026-07-19 03:00:00,Hubballi-Dharwad,Burglary,3,6,26,3.57,8
2026-07-19 03:00:00,Ballari,Assault,3,6,33,5.51,6
2026-07-19 03:00:00,Hubballi-Dharwad,Assault,3,6,10,8.31,6
2026-07-19 04:00:00,Mangaluru,Theft,4,6,3,1.77,6
2026-07-19 04:00:00,Mysuru,Cybercrime,4,6,14,7.87,5
2026-07-19 04:00:00,Belagavi,Theft,4,6,31,8.7,10
2026-07-19 04:00:00,Belagavi,Fraud,4,6,32,9.17,7
2026-07-19 04:00:00,Davanagere,Assault,4,6,32,2.86,6
2026-07-19 05:00:00,Bengaluru Urban,Cybercrime,5,6,2,6.25,5
2026-07-19 05:00:00,Belagavi,Fraud,5,6,25,8.63,7
2026-07-19 05:00:00,Mangaluru,Theft,5,6,33,6.07,9
2026-07-19 05:00:00,Udupi,Theft,5,6,40,9.35,13
2026-07-19 06:00:00,Ballari,Assault,6,6,15,8.15,5
2026-07-19 07:00:00,Bengaluru Urban,Burglary,7,6,29,3.89,9
2026-07-19 08:00:00,Bengaluru Urban,Burglary,8,6,11,7.06,7
2026-07-19 08:00:00,Mysuru,Theft,8,6,20,7.93,5
2026-07-19 08:00:00,Belagavi,Burglary,8,6,5,6.15,3
2026-07-19 08:00:00,Mysuru,Assault,8,6,12,1.68,2
2026-07-19 08:00:00,Shivamogga,Assault,8,6,14,9.45,6
2026-07-19 09:00:00,Kalaburagi,Fraud,9,6,20,7.59,5
2026-07-19 09:00:00,Bengaluru Urban,Fraud,9,6,22,9.07,9
2026-07-19 10:00:00,Belagavi,Theft,10,6,32,4.86,6
2026-07-19 10:00:00,Udupi,Burglary,10,6,40,4.77,6
2026-07-19 12:00:00,Kalaburagi,Theft,12,6,3,8.89,4
2026-07-19 12:00:00,Mangaluru,Theft,12,6,6,4.62,4
2026-07-19 13:00:00,Ballari,Cybercrime,13,6,40,8.28,10
2026-07-19 14:00:00,Mysuru,Fraud,14,6,36,4.81,6
2026-07-19 15:00:00,Belagavi,Cybercrime,15,6,10,2.96,6
2026-07-19 15:00:00,Kalaburagi,Fraud,15,6,44,2.47,7
2026-07-19 15:00:00,Bengaluru Urban,Cybercrime,15,6,23,7.76,11
2026-07-19 15:00:00,Ballari,Assault,15,6,11,5.37,5
2026-07-19 16:00:00,Mysuru,Fraud,16,6,30,3.33,6
2026-07-19 17:00:00,Ballari,Theft,17,6,7,1.4,3
2026-07-19 19:00:00,Bengaluru Urban,Theft,19,6,31,7.59,10
2026-07-19 19:00:00,Mangaluru,Burglary,19,6,10,1.26,3
2026-07-19 19:00:00,Davanagere,Cybercrime,19,6,4,8.56,4
2026-07-19 19:00:00,Hubballi-Dharwad,Burglary,19,6,2,5.02,4
2026-07-19 20:00:00,Mangaluru,Burglary,20,6,16,5.2,4
2026-07-19 20:00:00,Udupi,Theft,20,6,19,5.17,3
2026-07-19 21:00:00,Belagavi,Fraud,21,6,13,7.3,6
2026-07-19 21:00:00,Shivamogga,Theft,21,6,38,5.94,7
2026-07-19 21:00:00,Udupi,Assault,21,6,3,6.52,6
2026-07-19 21:00:00,Davanagere,Cybercrime,21,6,25,9.31,6
2026-07-19 21:00:00,Ballari,Assault,21,6,22,2.74,7
2026-07-19 21:00:00,Mangaluru,Cybercrime,21,6,27,3.74,5
2026-07-19 21:00:00,Mysuru,Fraud,21,6,42,5.4,8
2026-07-19 22:00:00,Mysuru,Cybercrime,22,6,35,4.48,7
2026-07-19 22:00:00,Davanagere,Theft,22,6,24,5.58,6
2026-07-19 23:00:00,Belagavi,Fraud,23,6,4,3.26,4
2026-07-19 23:00:00,Udupi,Assault,23,6,36,6.13,9
2026-07-20 00:00:00,Davanagere,Cybercrime,0,0,40,2.55,7
2026-07-20 00:00:00,Shivamogga,Burglary,0,0,33,3.12,9
2026-07-20 00:00:00,Bengaluru Urban,Burglary,0,0,2,5.06,8
2026-07-20 03:00:00,Hubballi-Dharwad,Burglary,3,0,26,2.13,10
2026-07-20 03:00:00,Hubballi-Dharwad,Fraud,3,0,26,2.65,7
2026-07-20 03:00:00,Hubballi-Dharwad,Assault,3,0,4,2.6,2
2026-07-20 03:00:00,Davanagere,Cybercrime,3,0,28,1.4,3
2026-07-20 04:00:00,Kalaburagi,Fraud,4,0,37,7.27,7
2026-07-20 05:00:00,Ballari,Theft,5,0,9,8.72,8
2026-07-20 05:00:00,Mangaluru,Theft,5,0,38,6.78,10
2026-07-20 05:00:00,Davanagere,Assault,5,0,32,9.16,9
2026-07-20 05:00:00,Kalaburagi,Assault,5,0,14,9.41,5
2026-07-20 06:00:00,Mangaluru,Theft,6,0,13,1.66,3
2026-07-20 06:00:00,Davanagere,Cybercrime,6,0,34,2.8,6
2026-07-20 06:00:00,Udupi,Cybercrime,6,0,14,7.45,6
2026-07-20 06:00:00,Ballari,Assault,6,0,24,2.77,5
2026-07-20 07:00:00,Mangaluru,Theft,7,0,12,3.88,3
2026-07-20 08:00:00,Ballari,Fraud,8,0,34,6.9,9
2026-07-20 08:00:00,Mangaluru,Theft,8,0,29,4.39,4
2026-07-20 09:00:00,Belagavi,Theft,9,0,7,9.38,4
2026-07-20 09:00:00,Hubballi-Dharwad,Burglary,9,0,41,2.53,5
2026-07-20 09:00:00,Ballari,Fraud,9,0,39,3.18,6
2026-07-20 09:00:00,Kalaburagi,Theft,9,0,43,8.64,8
2026-07-20 09:00:00,Davanagere,Fraud,9,0,30,2.57,5
2026-07-20 11:00:00,Ballari,Assault,11,0,18,2.16,3
2026-07-20 11:00:00,Belagavi,Burglary,11,0,40,6.27,9
2026-07-20 12:00:00,Mysuru,Fraud,12,0,7,1.63,1
2026-07-20 12:00:00,Bengaluru Urban,Theft,12,0,3,6.97,6
2026-07-20 13:00:00,Hubballi-Dharwad,Theft,13,0,8,1.85,3
2026-07-20 13:00:00,Mysuru,Assault,13,0,16,8.36,6
2026-07-20 14:00:00,Mysuru,Burglary,14,0,20,1.35,3
2026-07-20 14:00:00,Ballari,Cybercrime,14,0,38,6.52,10
2026-07-20 14:00:00,Belagavi,Cybercrime,14,0,19,3.08,6
2026-07-20 14:00:00,Davanagere,Burglary,14,0,9,4.74,4
2026-07-20 15:00:00,Shivamogga,Burglary,15,0,33,2.22,5
2026-07-20 15:00:00,Mangaluru,Assault,15,0,10,3.21,4
2026-07-20 16:00:00,Hubballi-Dharwad,Assault,16,0,9,3.38,3
2026-07-20 16:00:00,Hubballi-Dharwad,Burglary,16,0,40,4.81,8
2026-07-20 17:00:00,Davanagere,Assault,17,0,30,2.91,5
2026-07-20 18:00:00,Mangaluru,Cybercrime,18,0,38,4.93,8
2026-07-20 19:00:00,Shivamogga,Burglary,19,0,41,7.13,8
2026-07-20 19:00:00,Belagavi,Burglary,19,0,15,7.86,6
2026-07-20 20:00:00,Bengaluru Urban,Burglary,20,0,24,2.44,7
2026-07-20 22:00:00,Shivamogga,Burglary,22,0,24,8.55,7
2026-07-20 22:00:00,Shivamogga,Cybercrime,22,0,43,9.49,8
2026-07-20 22:00:00,Hubballi-Dharwad,Cybercrime,22,0,36,7.8,8
2026-07-20 22:00:00,Bengaluru Urban,Burglary,22,0,24,2.53,9
2026-07-20 22:00:00,Udupi,Cybercrime,22,0,6,2.55,1
2026-07-20 22:00:00,Mysuru,Burglary,22,0,40,4.98,9
2026-07-20 23:00:00,Mysuru,Burglary,23,0,39,6.55,7
2026-07-20 23:00:00,Kalaburagi,Burglary,23,0,24,8.1,7
2026-07-20 23:00:00,Udupi,Theft,23,0,5,2.88,3
2026-07-21 00:00:00,Kalaburagi,Fraud,0,1,10,4.89,3
2026-07-21 01:00:00,Hubballi-Dharwad,Theft,1,1,39,6.65,10
2026-07-21 01:00:00,Hubballi-Dharwad,Burglary,1,1,42,7.61,12
2026-07-21 01:00:00,Belagavi,Burglary,1,1,5,7.29,6
2026-07-21 01:00:00,Davanagere,Assault,1,1,31,4.44,6
2026-07-21 02:00:00,Ballari,Cybercrime,2,1,13,6.45,4
2026-07-21 02:00:00,Mysuru,Cybercrime,2,1,22,2.68,4
2026-07-21 02:00:00,Ballari,Theft,2,1,21,9.23,9
2026-07-21 03:00:00,Davanagere,Cybercrime,3,1,20,1.76,3
2026-07-21 05:00:00,Davanagere,Fraud,5,1,39,8.94,8
2026-07-21 06:00:00,Udupi,Fraud,6,1,16,6.48,5
2026-07-21 06:00:00,Udupi,Assault,6,1,14,5.16,3
2026-07-21 06:00:00,Shivamogga,Fraud,6,1,18,6.96,7
2026-07-21 06:00:00,Belagavi,Cybercrime,6,1,16,8.03,6
2026-07-21 07:00:00,Mangaluru,Fraud,7,1,26,6.05,6
2026-07-21 07:00:00,Mysuru,Assault,7,1,17,7.29,5
2026-07-21 08:00:00,Udupi,Burglary,8,1,8,8.56,4
2026-07-21 08:00:00,Kalaburagi,Burglary,8,1,41,6.5,9
2026-07-21 09:00:00,Bengaluru Urban,Theft,9,1,23,3.13,8
2026-07-21 09:00:00,Udupi,Cybercrime,9,1,37,5.75,7
2026-07-21 09:00:00,Kalaburagi,Burglary,9,1,40,4.24,7
2026-07-21 09:00:00,Shivamogga,Cybercrime,9,1,38,4.34,7
2026-07-21 10:00:00,Kalaburagi,Theft,10,1,20,6.93,6
2026-07-21 10:00:00,Bengaluru Urban,Fraud,10,1,6,5.79,7
2026-07-21 11:00:00,Belagavi,Fraud,11,1,31,8.16,6
2026-07-21 12:00:00,Kalaburagi,Assault,12,1,37,1.24,6
2026-07-21 12:00:00,Kalaburagi,Cybercrime,12,1,28,6.86,10
2026-07-21 13:00:00,Udupi,Fraud,13,1,16,6.64,6
2026-07-21 13:00:00,Bengaluru Urban,Burglary,13,1,30,9.13,9
2026-07-21 13:00:00,Belagavi,Cybercrime,13,1,24,2.34,6
2026-07-21 14:00:00,Bengaluru Urban,Burglary,14,1,15,9.16,7
2026-07-21 14:00:00,Bengaluru Urban,Burglary,14,1,29,2.72,8
2026-07-21 15:00:00,Davanagere,Fraud,15,1,28,7.77,7
2026-07-21 15:00:00,Davanagere,Cybercrime,15,1,9,4.69,4
2026-07-21 15:00:00,Mangaluru,Burglary,15,1,4,2.56,4
2026-07-21 15:00:00,Udupi,Theft,15,1,31,2.17,6
2026-07-21 15:00:00,Hubballi-Dharwad,Burglary,15,1,14,5.67,3
2026-07-21 15:00:00,Udupi,Theft,15,1,2,8.74,3
2026-07-21 15:00:00,Bengaluru Urban,Burglary,15,1,7,4.07,4
2026-07-21 16:00:00,Ballari,Assault,16,1,26,4.85,4
2026-07-21 17:00:00,Ballari,Burglary,17,1,15,1.22,3
2026-07-21 17:00:00,Ballari,Cybercrime,17,1,39,5.41,9
2026-07-21 17:00:00,Mangaluru,Cybercrime,17,1,15,3.99,4
2026-07-21 17:00:00,Shivamogga,Assault,17,1,27,7.03,4
2026-07-21 18:00:00,Ballari,Assault,18,1,7,6.63,4
2026-07-21 18:00:00,Mysuru,Theft,18,1,38,6.03,7
2026-07-21 19:00:00,Davanagere,Burglary,19,1,11,1.96,3
2026-07-21 19:00:00,Belagavi,Fraud,19,1,15,4.65,5
2026-07-21 20:00:00,Udupi,Cybercrime,20,1,12,6.43,3
2026-07-21 20:00:00,Mangaluru,Cybercrime,20,1,12,6.76,4
2026-07-21 21:00:00,Ballari,Fraud,21,1,6,3.96,3
2026-07-21 21:00:00,Udupi,Fraud,21,1,10,7.61,3
2026-07-21 21:00:00,Bengaluru Urban,Fraud,21,1,42,4.54,10
2026-07-21 22:00:00,Mangaluru,Burglary,22,1,24,7.64,7
2026-07-21 22:00:00,Belagavi,Cybercrime,22,1,35,2.01,6
2026-07-21 22:00:00,Mangaluru,Burglary,22,1,18,8.38,6
2026-07-21 22:00:00,Bengaluru Urban,Fraud,22,1,32,5.99,12
2026-07-21 22:00:00,Udupi,Burglary,22,1,6,3.19,2
2026-07-21 22:00:00,Davanagere,Cybercrime,22,1,18,2.04,4
2026-07-21 23:00:00,Bengaluru Urban,Theft,23,1,14,6.01,8
2026-07-21 23:00:00,Belagavi,Cybercrime,23,1,31,5.05,7
2026-07-22 00:00:00,Shivamogga,Fraud,0,2,33,4.88,5
2026-07-22 00:00:00,Kalaburagi,Assault,0,2,43,5.07,10
2026-07-22 00:00:00,Bengaluru Urban,Fraud,0,2,8,7.18,7
2026-07-22 01:00:00,Ballari,Burglary,1,2,42,7.67,11
2026-07-22 02:00:00,Kalaburagi,Burglary,2,2,34,2.22,9
2026-07-22 02:00:00,Shivamogga,Theft,2,2,31,5.33,8
2026-07-22 02:00:00,Kalaburagi,Cybercrime,2,2,9,9.38,5
2026-07-22 02:00:00,Udupi,Theft,2,2,37,5.3,11
2026-07-22 03:00:00,Kalaburagi,Theft,3,2,29,1.89,8
2026-07-22 04:00:00,Mangaluru,Burglary,4,2,10,7.83,8
2026-07-22 04:00:00,Hubballi-Dharwad,Theft,4,2,16,8.2,8
2026-07-22 04:00:00,Bengaluru Urban,Assault,4,2,35,4.47,9
2026-07-22 04:00:00,Udupi,Cybercrime,4,2,26,6.77,6
2026-07-22 04:00:00,Davanagere,Assault,4,2,39,7.78,7
2026-07-22 04:00:00,Mysuru,Burglary,4,2,41,6.87,12
2026-07-22 05:00:00,Kalaburagi,Assault,5,2,3,9.29,3
2026-07-22 06:00:00,Mangaluru,Cybercrime,6,2,23,7.78,5
2026-07-22 06:00:00,Ballari,Cybercrime,6,2,24,9.47,6
2026-07-22 07:00:00,Davanagere,Theft,7,2,34,1.98,7
2026-07-22 07:00:00,Davanagere,Cybercrime,7,2,26,2.9,5
2026-07-22 09:00:00,Ballari,Assault,9,2,34,4.09,6
2026-07-22 10:00:00,Mangaluru,Cybercrime,10,2,33,9.15,10
2026-07-22 10:00:00,Shivamogga,Fraud,10,2,42,4.28,7
2026-07-22 11:00:00,Kalaburagi,Cybercrime,11,2,23,7.7,8
2026-07-22 11:00:00,Mysuru,Fraud,11,2,36,4.47,7
2026-07-22 11:00:00,Mangaluru,Theft,11,2,41,7.47,8
2026-07-22 12:00:00,Mangaluru,Burglary,12,2,7,6.53,3
2026-07-22 12:00:00,Davanagere,Burglary,12,2,21,7.11,7
2026-07-22 13:00:00,Mysuru,Assault,13,2,2,1.67,1
2026-07-22 13:00:00,Kalaburagi,Cybercrime,13,2,43,9.43,11
2026-07-22 13:00:00,Bengaluru Urban,Cybercrime,13,2,7,3.45,9
2026-07-22 14:00:00,Shivamogga,Burglary,14,2,21,2.48,4
2026-07-22 14:00:00,Belagavi,Burglary,14,2,40,3.31,7
2026-07-22 14:00:00,Bengaluru Urban,Cybercrime,14,2,17,5.57,10
2026-07-22 15:00:00,Davanagere,Cybercrime,15,2,41,5.84,9
2026-07-22 16:00:00,Udupi,Assault,16,2,38,4.68,8
2026-07-22 16:00:00,Bengaluru Urban,Cybercrime,16,2,35,1.91,11
2026-07-22 16:00:00,Kalaburagi,Assault,16,2,25,7.38,6
2026-07-22 17:00:00,Mangaluru,Assault,17,2,41,8.67,9
2026-07-22 17:00:00,Kalaburagi,Fraud,17,2,13,9.1,6
2026-07-22 17:00:00,Kalaburagi,Cybercrime,17,2,34,1.7,6
2026-07-22 18:00:00,Davanagere,Burglary,18,2,29,3.96,6
2026-07-22 18:00:00,Mysuru,Burglary,18,2,33,7.87,8
2026-07-22 18:00:00,Davanagere,Theft,18,2,4,1.65,1
2026-07-22 19:00:00,Hubballi-Dharwad,Fraud,19,2,12,1.4,3
2026-07-22 19:00:00,Mysuru,Cybercrime,19,2,35,6.92,7
2026-07-22 19:00:00,Ballari,Theft,19,2,43,7.41,9
2026-07-22 20:00:00,Belagavi,Theft,20,2,29,3.81,6
2026-07-22 20:00:00,Shivamogga,Cybercrime,20,2,13,1.57,4
2026-07-22 20:00:00,Mysuru,Fraud,20,2,17,5.49,4
2026-07-22 20:00:00,Shivamogga,Cybercrime,20,2,18,9.11,5
2026-07-22 21:00:00,Kalaburagi,Assault,21,2,20,4.33,6
2026-07-22 21:00:00,Bengaluru Urban,Burglary,21,2,5,7.0,7
2026-07-22 21:00:00,Ballari,Fraud,21,2,36,4.5,7
2026-07-22 21:00:00,Bengaluru Urban,Cybercrime,21,2,19,5.27,8
2026-07-22 22:00:00,Udupi,Assault,22,2,17,1.98,7
2026-07-22 22:00:00,Shivamogga,Fraud,22,2,17,4.68,4
2026-07-22 22:00:00,Mangaluru,Fraud,22,2,20,5.98,5
2026-07-22 22:00:00,Ballari,Assault,22,2,40,7.65,9
2026-07-22 23:00:00,Davanagere,Theft,23,2,36,3.07,7
2026-07-22 23:00:00,Davanagere,Burglary,23,2,44,1.64,7
2026-07-23 00:00:00,Davanagere,Assault,0,3,8,4.42,3
2026-07-23 00:00:00,Mangaluru,Fraud,0,3,27,8.67,8
2026-07-23 00:00:00,Kalaburagi,Cybercrime,0,3,30,3.55,6
2026-07-23 00:00:00,Mangaluru,Burglary,0,3,44,5.79,11
2026-07-23 01:00:00,Shivamogga,Theft,1,3,14,6.69,6
2026-07-23 01:00:00,Kalaburagi,Theft,1,3,24,5.81,7
2026-07-23 01:00:00,Mysuru,Theft,1,3,18,4.24,8
2026-07-23 02:00:00,Hubballi-Dharwad,Burglary,2,3,23,3.69,8
2026-07-23 03:00:00,Udupi,Cybercrime,3,3,4,3.5,3
2026-07-23 03:00:00,Kalaburagi,Assault,3,3,27,3.65,5
2026-07-23 03:00:00,Mysuru,Cybercrime,3,3,5,5.99,4
2026-07-23 03:00:00,Davanagere,Cybercrime,3,3,22,7.47,6
2026-07-23 03:00:00,Shivamogga,Fraud,3,3,7,6.41,4
2026-07-23 04:00:00,Mangaluru,Fraud,4,3,33,8.93,8
2026-07-23 04:00:00,Bengaluru Urban,Theft,4,3,27,5.99,11
2026-07-23 04:00:00,Davanagere,Assault,4,3,24,7.03,4
2026-07-23 04:00:00,Hubballi-Dharwad,Assault,4,3,2,6.52,4
2026-07-23 04:00:00,Hubballi-Dharwad,Fraud,4,3,18,7.06,5
2026-07-23 07:00:00,Ballari,Theft,7,3,32,9.28,7
2026-07-23 07:00:00,Hubballi-Dharwad,Burglary,7,3,6,4.0,3
2026-07-23 07:00:00,Davanagere,Fraud,7,3,9,3.11,4
2026-07-23 07:00:00,Belagavi,Fraud,7,3,18,4.3,3
2026-07-23 07:00:00,Bengaluru Urban,Theft,7,3,33,8.78,9
2026-07-23 08:00:00,Belagavi,Fraud,8,3,4,3.57,3
2026-07-23 08:00:00,Udupi,Fraud,8,3,20,9.37,8
2026-07-23 08:00:00,Mysuru,Fraud,8,3,42,1.42,7
2026-07-23 08:00:00,Hubballi-Dharwad,Assault,8,3,44,7.12,9
2026-07-23 08:00:00,Davanagere,Theft,8,3,3,5.8,2
2026-07-23 09:00:00,Davanagere,Cybercrime,9,3,26,9.17,7
2026-07-23 10:00:00,Bengaluru Urban,Fraud,10,3,24,1.39,8
2026-07-23 10:00:00,Mangaluru,Cybercrime,10,3,16,4.77,6
2026-07-23 10:00:00,Hubballi-Dharwad,Cybercrime,10,3,31,2.67,8
2026-07-23 11:00:00,Ballari,Cybercrime,11,3,32,6.44,10
2026-07-23 11:00:00,Udupi,Fraud,11,3,31,7.62,6
2026-07-23 12:00:00,Belagavi,Burglary,12,3,31,1.78,5
2026-07-23 13:00:00,Hubballi-Dharwad,Cybercrime,13,3,33,7.28,9
2026-07-23 13:00:00,Udupi,Cybercrime,13,3,31,2.18,8
2026-07-23 13:00:00,Mangaluru,Fraud,13,3,27,5.9,5
2026-07-23 15:00:00,Ballari,Assault,15,3,23,1.52,5
2026-07-23 15:00:00,Davanagere,Cybercrime,15,3,14,8.01,6
2026-07-23 15:00:00,Davanagere,Theft,15,3,38,9.31,8
2026-07-23 16:00:00,Udupi,Cybercrime,16,3,29,6.54,9
2026-07-23 16:00:00,Hubballi-Dharwad,Assault,16,3,19,8.0,6
2026-07-23 17:00:00,Mangaluru,Assault,17,3,14,7.72,4
2026-07-23 17:00:00,Shivamogga,Fraud,17,3,22,3.33,7
2026-07-23 18:00:00,Bengaluru Urban,Fraud,18,3,8,6.93,8
2026-07-23 18:00:00,Belagavi,Theft,18,3,18,8.98,6
2026-07-23 19:00:00,Davanagere,Theft,19,3,29,6.67,7
2026-07-23 19:00:00,Udupi,Assault,19,3,29,4.16,7
2026-07-23 19:00:00,Mysuru,Cybercrime,19,3,23,9.41,6
2026-07-23 19:00:00,Bengaluru Urban,Cybercrime,19,3,12,3.28,8
2026-07-23 19:00:00,Davanagere,Assault,19,3,3,9.19,7
2026-07-23 20:00:00,Belagavi,Assault,20,3,31,5.23,9
2026-07-23 20:00:00,Udupi,Fraud,20,3,10,1.9,3
2026-07-23 20:00:00,Belagavi,Theft,20,3,44,6.15,10
2026-07-23 21:00:00,Davanagere,Cybercrime,21,3,23,6.88,6
2026-07-23 21:00:00,Kalaburagi,Theft,21,3,40,7.99,7
2026-07-23 22:00:00,Mangaluru,Cybercrime,22,3,2,7.73,3
2026-07-23 22:00:00,Kalaburagi,Assault,22,3,23,5.85,7
2026-07-23 23:00:00,Udupi,Theft,23,3,6,7.5,5
2026-07-23 23:00:00,Bengaluru Urban,Theft,23,3,10,7.53,7
2026-07-24 00:00:00,Kalaburagi,Assault,0,4,15,3.12,5
2026-07-24 00:00:00,Kalaburagi,Cybercrime,0,4,9,7.73,4
2026-07-24 01:00:00,Udupi,Fraud,1,4,37,6.98,9
2026-07-24 01:00:00,Udupi,Assault,1,4,36,5.76,6
2026-07-24 02:00:00,Davanagere,Fraud,2,4,28,1.68,4
2026-07-24 03:00:00,Shivamogga,Cybercrime,3,4,32,1.55,6
2026-07-24 04:00:00,Mysuru,Burglary,4,4,15,4.9,6
2026-07-24 04:00:00,Udupi,Assault,4,4,16,6.92,4
2026-07-24 06:00:00,Shivamogga,Theft,6,4,17,1.81,5
2026-07-24 06:00:00,Shivamogga,Assault,6,4,23,1.49,6
2026-07-24 08:00:00,Belagavi,Assault,8,4,16,8.94,5
2026-07-24 08:00:00,Kalaburagi,Burglary,8,4,23,3.1,4
2026-07-24 09:00:00,Mysuru,Theft,9,4,28,6.81,6
2026-07-24 09:00:00,Udupi,Fraud,9,4,44,7.88,8
2026-07-24 09:00:00,Kalaburagi,Burglary,9,4,13,4.66,4
2026-07-24 09:00:00,Mysuru,Assault,9,4,12,4.69,4
2026-07-24 10:00:00,Belagavi,Burglary,10,4,25,5.7,5
2026-07-24 10:00:00,Hubballi-Dharwad,Theft,10,4,12,7.07,3
2026-07-24 10:00:00,Kalaburagi,Burglary,10,4,13,9.29,5
2026-07-24 11:00:00,Davanagere,Fraud,11,4,5,3.43,3
2026-07-24 11:00:00,Shivamogga,Assault,11,4,21,5.4,5
2026-07-24 13:00:00,Belagavi,Theft,13,4,15,7.74,6
2026-07-24 13:00:00,Mysuru,Assault,13,4,40,3.17,7
2026-07-24 13:00:00,Davanagere,Cybercrime,13,4,15,2.76,6
2026-07-24 13:00:00,Udupi,Theft,13,4,11,5.62,5
2026-07-24 13:00:00,Mysuru,Assault,13,4,39,5.97,7
2026-07-24 15:00:00,Davanagere,Assault,15,4,28,8.5,7
2026-07-24 16:00:00,Davanagere,Fraud,16,4,42,8.91,9
2026-07-24 16:00:00,Davanagere,Theft,16,4,25,5.61,6
2026-07-24 16:00:00,Belagavi,Assault,16,4,32,6.62,6
2026-07-24 17:00:00,Mysuru,Fraud,17,4,7,7.77,4
2026-07-24 17:00:00,Kalaburagi,Fraud,17,4,6,3.31,3
2026-07-24 18:00:00,Belagavi,Cybercrime,18,4,44,5.71,9
2026-07-24 19:00:00,Bengaluru Urban,Assault,19,4,17,6.07,9
2026-07-24 19:00:00,Bengaluru Urban,Theft,19,4,32,5.0,9
2026-07-24 20:00:00,Bengaluru Urban,Fraud,20,4,26,4.55,8
2026-07-24 21:00:00,Mangaluru,Assault,21,4,23,2.36,6
2026-07-24 21:00:00,Ballari,Burglary,21,4,29,2.07,5
2026-07-24 22:00:00,Mysuru,Assault,22,4,29,3.5,7
2026-07-24 23:00:00,Mangaluru,Burglary,23,4,9,9.25,5
2026-07-24 23:00:00,Udupi,Cybercrime,23,4,28,9.34,7
2026-07-24 23:00:00,Mangaluru,Fraud,23,4,10,7.94,6
2026-07-24 23:00:00,Udupi,Theft,23,4,11,1.46,2
2026-07-25 00:00:00,Davanagere,Assault,0,5,21,7.15,5
2026-07-25 00:00:00,Belagavi,Burglary,0,5,22,2.9,8
2026-07-25 00:00:00,Belagavi,Theft,0,5,31,8.13,11
2026-07-25 00:00:00,Udupi,Burglary,0,5,43,2.82,11
2026-07-25 00:00:00,Belagavi,Fraud,0,5,37,1.71,6
2026-07-25 01:00:00,Shivamogga,Fraud,1,5,30,9.32,8
2026-07-25 01:00:00,Kalaburagi,Assault,1,5,32,7.61,7
2026-07-25 01:00:00,Udupi,Theft,1,5,34,4.92,10
2026-07-25 01:00:00,Ballari,Fraud,1,5,26,7.56,7
2026-07-25 01:00:00,Mysuru,Fraud,1,5,44,2.65,7
2026-07-25 02:00:00,Ballari,Burglary,2,5,13,4.61,6
2026-07-25 03:00:00,Bengaluru Urban,Cybercrime,3,5,9,4.34,5
2026-07-25 03:00:00,Hubballi-Dharwad,Fraud,3,5,16,6.84,4
2026-07-25 03:00:00,Mysuru,Burglary,3,5,6,2.13,5
2026-07-25 03:00:00,Udupi,Theft,3,5,44,5.44,11
2026-07-25 03:00:00,Udupi,Fraud,3,5,18,7.53,6
2026-07-25 03:00:00,Bengaluru Urban,Assault,3,5,18,7.15,8
2026-07-25 03:00:00,Mysuru,Burglary,3,5,14,1.6,6
2026-07-25 04:00:00,Hubballi-Dharwad,Assault,4,5,6,1.79,2
2026-07-25 04:00:00,Davanagere,Cybercrime,4,5,21,3.37,5
2026-07-25 04:00:00,Shivamogga,Fraud,4,5,23,5.68,6
2026-07-25 05:00:00,Mysuru,Assault,5,5,40,2.57,7
2026-07-25 06:00:00,Davanagere,Assault,6,5,5,2.06,3
2026-07-25 06:00:00,Shivamogga,Cybercrime,6,5,13,3.91,4
2026-07-25 06:00:00,Ballari,Assault,6,5,10,1.46,3
2026-07-25 06:00:00,Ballari,Cybercrime,6,5,39,8.67,7
2026-07-25 06:00:00,Shivamogga,Fraud,6,5,2,8.45,4
2026-07-25 07:00:00,Mangaluru,Fraud,7,5,42,8.94,8
2026-07-25 07:00:00,Kalaburagi,Cybercrime,7,5,15,8.37,5
2026-07-25 08:00:00,Shivamogga,Theft,8,5,4,3.89,1
2026-07-25 08:00:00,Mysuru,Burglary,8,5,4,5.52,2
2026-07-25 10:00:00,Belagavi,Theft,10,5,36,3.12,7
2026-07-25 10:00:00,Udupi,Assault,10,5,7,5.97,5
2026-07-25 11:00:00,Kalaburagi,Fraud,11,5,34,6.98,8
2026-07-25 11:00:00,Shivamogga,Theft,11,5,7,6.92,4
2026-07-25 12:00:00,Hubballi-Dharwad,Theft,12,5,2,7.46,3
2026-07-25 12:00:00,Bengaluru Urban,Fraud,12,5,17,1.44,6
2026-07-25 13:00:00,Udupi,Assault,13,5,7,4.03,3
2026-07-25 13:00:00,Bengaluru Urban,Assault,13,5,26,9.25,11
2026-07-25 14:00:00,Shivamogga,Theft,14,5,4,5.28,3
2026-07-25 14:00:00,Udupi,Fraud,14,5,23,6.82,8
2026-07-25 14:00:00,Kalaburagi,Fraud,14,5,12,8.55,5
2026-07-25 14:00:00,Shivamogga,Theft,14,5,44,3.9,8
2026-07-25 14:00:00,Mysuru,Theft,14,5,33,6.62,7
2026-07-25 15:00:00,Udupi,Fraud,15,5,8,1.81,4
2026-07-25 15:00:00,Udupi,Cybercrime,15,5,26,7.0,9
2026-07-25 15:00:00,Shivamogga,Fraud,15,5,40,9.39,8
2026-07-25 15:00:00,Belagavi,Theft,15,5,40,1.25,7
2026-07-25 16:00:00,Ballari,Fraud,16,5,23,5.9,5
2026-07-25 17:00:00,Bengaluru Urban,Burglary,17,5,35,2.49,7
2026-07-25 17:00:00,Ballari,Theft,17,5,15,9.2,5
2026-07-25 17:00:00,Mysuru,Fraud,17,5,2,3.47,3
2026-07-25 17:00:00,Kalaburagi,Cybercrime,17,5,8,6.09,4
2026-07-25 18:00:00,Shivamogga,Fraud,18,5,34,2.77,6
2026-07-25 19:00:00,Kalaburagi,Cybercrime,19,5,14,5.91,6
2026-07-25 20:00:00,Bengaluru Urban,Burglary,20,5,44,4.71,10
2026-07-25 20:00:00,Shivamogga,Fraud,20,5,30,1.99,6
2026-07-25 21:00:00,Mysuru,Theft,21,5,43,8.99,10
2026-07-25 22:00:00,Hubballi-Dharwad,Fraud,22,5,41,1.74,8
2026-07-25 22:00:00,Mangaluru,Theft,22,5,6,8.47,5
2026-07-25 22:00:00,Mangaluru,Theft,22,5,2,2.67,4
2026-07-25 22:00:00,Bengaluru Urban,Fraud,22,5,32,3.88,10
2026-07-25 23:00:00,Hubballi-Dharwad,Fraud,23,5,4,8.65,4
2026-07-25 23:00:00,Kalaburagi,Burglary,23,5,39,6.75,8
2026-07-25 23:00:00,Mangaluru,Cybercrime,23,5,30,1.53,5
2026-07-26 00:00:00,Belagavi,Theft,0,6,26,3.75,8
2026-07-26 01:00:00,Mangaluru,Assault,1,6,40,9.15,9
2026-07-26 01:00:00,Shivamogga,Cybercrime,1,6,40,4.15,8
2026-07-26 01:00:00,Kalaburagi,Theft,1,6,38,5.69,9
2026-07-26 02:00:00,Shivamogga,Theft,2,6,18,1.46,7
2026-07-26 03:00:00,Bengaluru Urban,Burglary,3,6,23,2.64,11
2026-07-26 04:00:00,Belagavi,Cybercrime,4,6,22,3.56,5
2026-07-26 04:00:00,Shivamogga,Theft,4,6,23,8.08,8
2026-07-26 04:00:00,Belagavi,Cybercrime,4,6,23,8.25,4
2026-07-26 04:00:00,Shivamogga,Theft,4,6,40,5.96,12
2026-07-26 05:00:00,Davanagere,Fraud,5,6,7,7.02,5
2026-07-26 05:00:00,Hubballi-Dharwad,Cybercrime,5,6,21,6.25,6
2026-07-26 05:00:00,Kalaburagi,Burglary,5,6,19,8.41,8
2026-07-26 06:00:00,Mangaluru,Fraud,6,6,36,7.47,8
2026-07-26 06:00:00,Hubballi-Dharwad,Fraud,6,6,22,9.41,6
2026-07-26 06:00:00,Mysuru,Burglary,6,6,10,9.47,4
2026-07-26 06:00:00,Ballari,Cybercrime,6,6,5,4.84,3
2026-07-26 06:00:00,Davanagere,Burglary,6,6,41,6.82,8
2026-07-26 06:00:00,Belagavi,Theft,6,6,21,8.34,8
2026-07-26 06:00:00,Ballari,Cybercrime,6,6,17,6.9,3
2026-07-26 07:00:00,Shivamogga,Assault,7,6,4,4.9,3
2026-07-26 08:00:00,Ballari,Assault,8,6,27,8.53,6
2026-07-26 09:00:00,Bengaluru Urban,Assault,9,6,13,6.66,7
2026-07-26 09:00:00,Kalaburagi,Cybercrime,9,6,30,1.99,6
2026-07-26 11:00:00,Hubballi-Dharwad,Burglary,11,6,32,6.52,7
2026-07-26 11:00:00,Mangaluru,Cybercrime,11,6,33,6.33,8
2026-07-26 12:00:00,Shivamogga,Assault,12,6,5,7.32,4
2026-07-26 13:00:00,Hubballi-Dharwad,Cybercrime,13,6,24,3.4,8
2026-07-26 13:00:00,Mysuru,Fraud,13,6,5,9.47,4
2026-07-26 13:00:00,Mangaluru,Burglary,13,6,2,7.44,4
2026-07-26 14:00:00,Shivamogga,Cybercrime,14,6,14,2.25,5
2026-07-26 14:00:00,Udupi,Assault,14,6,41,3.81,6
2026-07-26 15:00:00,Mangaluru,Cybercrime,15,6,37,3.57,9
2026-07-26 15:00:00,Hubballi-Dharwad,Burglary,15,6,22,9.04,6
2026-07-26 15:00:00,Udupi,Assault,15,6,23,9.08,6
2026-07-26 15:00:00,Ballari,Assault,15,6,27,2.53,5
2026-07-26 15:00:00,Belagavi,Burglary,15,6,14,8.18,4
2026-07-26 16:00:00,Mysuru,Burglary,16,6,5,3.38,2
2026-07-26 16:00:00,Belagavi,Theft,16,6,24,8.19,7
2026-07-26 16:00:00,Hubballi-Dharwad,Cybercrime,16,6,20,8.43,8
2026-07-26 16:00:00,Udupi,Assault,16,6,5,4.27,1
2026-07-26 17:00:00,Belagavi,Assault,17,6,28,8.58,7
2026-07-26 17:00:00,Udupi,Theft,17,6,7,5.12,4
2026-07-26 18:00:00,Shivamogga,Theft,18,6,18,1.56,3
2026-07-26 18:00:00,Ballari,Assault,18,6,21,2.92,4
2026-07-26 18:00:00,Shivamogga,Theft,18,6,40,1.67,7
2026-07-26 19:00:00,Udupi,Fraud,19,6,7,8.11,2
2026-07-26 19:00:00,Ballari,Assault,19,6,24,7.22,9
2026-07-26 19:00:00,Shivamogga,Cybercrime,19,6,24,4.75,5
2026-07-26 20:00:00,Mysuru,Burglary,20,6,26,5.91,6
2026-07-26 20:00:00,Belagavi,Fraud,20,6,26,1.55,5
2026-07-26 20:00:00,Belagavi,Theft,20,6,21,3.88,7
2026-07-26 21:00:00,Kalaburagi,Fraud,21,6,26,2.67,5
2026-07-26 22:00:00,Mysuru,Theft,22,6,2,9.24,5
2026-07-26 22:00:00,Udupi,Assault,22,6,34,4.57,7
2026-07-26 23:00:00,Mangaluru,Cybercrime,23,6,2,3.21,1
2026-07-27 00:00:00,Ballari,Theft,0,0,12,6.92,8
2026-07-27 00:00:00,Belagavi,Burglary,0,0,10,7.12,7
2026-07-27 00:00:00,Bengaluru Urban,Theft,0,0,21,8.06,12
2026-07-27 00:00:00,Kalaburagi,Fraud,0,0,28,9.38,6
2026-07-27 00:00:00,Davanagere,Assault,0,0,36,7.92,9
2026-07-27 01:00:00,Hubballi-Dharwad,Assault,1,0,9,4.34,3
2026-07-27 01:00:00,Mysuru,Assault,1,0,20,8.79,7
2026-07-27 02:00:00,Kalaburagi,Burglary,2,0,28,8.93,10
2026-07-27 02:00:00,Hubballi-Dharwad,Burglary,2,0,30,2.42,9
2026-07-27 03:00:00,Belagavi,Burglary,3,0,43,6.94,12
2026-07-27 03:00:00,Mysuru,Assault,3,0,9,1.7,3
2026-07-27 03:00:00,Ballari,Assault,3,0,14,6.21,4
2026-07-27 03:00:00,Hubballi-Dharwad,Theft,3,0,8,2.57,5
2026-07-27 04:00:00,Udupi,Assault,4,0,38,3.89,7
2026-07-27 04:00:00,Belagavi,Burglary,4,0,6,1.99,5
2026-07-27 04:00:00,Mangaluru,Assault,4,0,22,9.15,5
2026-07-27 04:00:00,Davanagere,Fraud,4,0,38,9.02,9
2026-07-27 04:00:00,Mysuru,Fraud,4,0,26,7.66,7
2026-07-27 04:00:00,Mysuru,Cybercrime,4,0,24,7.57,5
2026-07-27 05:00:00,Hubballi-Dharwad,Assault,5,0,26,3.1,5
2026-07-27 05:00:00,Davanagere,Cybercrime,5,0,16,6.96,5
2026-07-27 06:00:00,Mangaluru,Cybercrime,6,0,31,3.75,7
2026-07-27 06:00:00,Hubballi-Dharwad,Cybercrime,6,0,29,4.72,5
2026-07-27 07:00:00,Bengaluru Urban,Theft,7,0,28,7.85,9
2026-07-27 07:00:00,Mangaluru,Assault,7,0,18,5.9,6
2026-07-27 07:00:00,Davanagere,Cybercrime,7,0,24,2.04,3
2026-07-27 08:00:00,Mysuru,Assault,8,0,7,5.74,5
2026-07-27 10:00:00,Mangaluru,Assault,10,0,7,4.9,3
2026-07-27 10:00:00,Shivamogga,Fraud,10,0,41,4.25,7
2026-07-27 11:00:00,Shivamogga,Cybercrime,11,0,31,6.1,9
2026-07-27 11:00:00,Kalaburagi,Fraud,11,0,9,2.58,2
2026-07-27 11:00:00,Ballari,Fraud,11,0,44,8.48,9
2026-07-27 11:00:00,Udupi,Burglary,11,0,8,7.0,4
2026-07-27 12:00:00,Kalaburagi,Assault,12,0,44,1.4,8
2026-07-27 13:00:00,Hubballi-Dharwad,Assault,13,0,16,2.38,4
2026-07-27 13:00:00,Bengaluru Urban,Assault,13,0,8,5.78,6
2026-07-27 13:00:00,Davanagere,Burglary,13,0,13,6.72,5
2026-07-27 15:00:00,Belagavi,Assault,15,0,11,5.94,4
2026-07-27 15:00:00,Belagavi,Burglary,15,0,37,8.82,8
2026-07-27 15:00:00,Udupi,Burglary,15,0,36,7.62,7
2026-07-27 17:00:00,Mysuru,Assault,17,0,38,2.57,7
2026-07-27 17:00:00,Udupi,Assault,17,0,11,3.12,2
2026-07-27 18:00:00,Mysuru,Theft,18,0,7,6.37,2
2026-07-27 18:00:00,Mysuru,Assault,18,0,19,5.57,5
2026-07-27 22:00:00,Mysuru,Assault,22,0,21,3.92,8
2026-07-27 23:00:00,Hubballi-Dharwad,Burglary,23,0,18,8.17,5
2026-07-27 23:00:00,Mangaluru,Cybercrime,23,0,3,4.23,2
2026-07-27 23:00:00,Kalaburagi,Fraud,23,0,24,6.3,6
2026-07-28 00:00:00,Belagavi,Assault,0,1,11,8.15,5
